trip_id,origin,destination,route,distance_km,popularity_tier,bus_type,capacity,base_price_inr,departure_date,departure_weekday,booking_open_date,booking_window_days,is_holiday_period,weekday_multiplier,price_ratio,final_seats_booked,final_occupancy_pct
1,Mumbai,Goa,Mumbai -> Goa,590,2,AC Sleeper,32,1480.0,2025-12-25,Thursday,2025-12-09,16,True,0.95,1.091,18,56.25
2,Delhi,Agra,Delhi -> Agra,230,2,AC Seater,40,430.0,2026-04-03,Friday,2026-02-24,38,False,1.15,1.1,31,77.5
3,Delhi,Agra,Delhi -> Agra,230,2,AC Sleeper,31,520.0,2025-09-12,Friday,2025-08-13,30,False,1.15,0.983,28,90.32
4,Bangalore,Goa,Bangalore -> Goa,560,3,Non-AC Seater,56,610.0,2025-12-13,Saturday,2025-11-03,40,False,1.25,1.037,33,58.93
5,Hyderabad,Vijayawada,Hyderabad -> Vijayawada,275,2,Non-AC Sleeper,33,400.0,2025-10-15,Wednesday,2025-09-03,42,False,0.82,1.003,17,51.52
6,Mumbai,Nashik,Mumbai -> Nashik,170,2,Volvo AC Semi-Sleeper,42,360.0,2025-09-25,Thursday,2025-08-18,38,False,0.95,1.033,20,47.62
7,Delhi,Agra,Delhi -> Agra,230,2,AC Seater,40,430.0,2026-06-20,Saturday,2026-05-16,35,False,1.25,1.1,34,85.0
8,Jaipur,Udaipur,Jaipur -> Udaipur,400,3,AC Sleeper,29,910.0,2026-01-13,Tuesday,2025-12-29,15,True,0.8,0.989,10,34.48
9,Hyderabad,Vijayawada,Hyderabad -> Vijayawada,275,2,Non-AC Seater,54,310.0,2026-03-16,Monday,2026-02-19,25,False,0.85,1.074,24,44.44
10,Kochi,Bangalore,Kochi -> Bangalore,550,3,Non-AC Sleeper,32,780.0,2025-08-26,Tuesday,2025-07-28,29,True,0.8,0.978,13,40.62
11,Jaipur,Udaipur,Jaipur -> Udaipur,400,3,Non-AC Seater,52,420.0,2025-09-13,Saturday,2025-08-20,24,False,1.25,1.0,30,57.69
12,Pune,Kolhapur,Pune -> Kolhapur,230,2,Non-AC Sleeper,34,330.0,2025-09-23,Tuesday,2025-08-14,40,False,0.8,0.99,17,50.0
13,Delhi,Jaipur,Delhi -> Jaipur,280,1,AC Sleeper,28,700.0,2025-11-13,Thursday,2025-10-17,27,False,0.95,1.087,24,85.71
14,Ahmedabad,Mumbai,Ahmedabad -> Mumbai,525,2,Volvo AC Semi-Sleeper,39,1020.0,2025-10-19,Sunday,2025-09-14,35,True,1.1,0.948,36,92.31
15,Delhi,Jaipur,Delhi -> Jaipur,280,1,Non-AC Seater,55,250.0,2025-10-06,Monday,2025-08-28,39,False,0.85,0.85,38,69.09
16,Jaipur,Udaipur,Jaipur -> Udaipur,400,3,AC Sleeper,32,970.0,2025-11-01,Saturday,2025-09-24,38,True,1.25,1.054,25,78.12
17,Hyderabad,Vijayawada,Hyderabad -> Vijayawada,275,2,Non-AC Sleeper,33,370.0,2026-02-06,Friday,2026-01-16,21,False,1.15,0.928,22,66.67
18,Mumbai,Goa,Mumbai -> Goa,590,2,Non-AC Sleeper,34,850.0,2026-05-12,Tuesday,2026-04-10,32,False,0.8,0.994,19,55.88
19,Mumbai,Nashik,Mumbai -> Nashik,170,2,AC Sleeper,32,400.0,2026-02-28,Saturday,2026-02-12,16,False,1.25,1.023,23,71.88
20,Hyderabad,Vijayawada,Hyderabad -> Vijayawada,275,2,AC Sleeper,30,560.0,2025-11-24,Monday,2025-10-28,27,False,0.85,0.885,17,56.67
21,Kochi,Bangalore,Kochi -> Bangalore,550,3,AC Seater,41,1010.0,2025-12-15,Monday,2025-11-30,15,False,0.85,1.08,18,43.9
22,Pune,Kolhapur,Pune -> Kolhapur,230,2,Volvo AC Semi-Sleeper,38,450.0,2026-06-02,Tuesday,2026-05-10,23,False,0.8,0.954,21,55.26
23,Bangalore,Mysore,Bangalore -> Mysore,145,1,AC Sleeper,28,360.0,2026-02-02,Monday,2025-12-19,45,False,0.85,1.079,21,75.0
24,Delhi,Chandigarh,Delhi -> Chandigarh,250,2,Non-AC Sleeper,32,390.0,2025-11-15,Saturday,2025-10-27,19,False,1.25,1.076,21,65.62
25,Bangalore,Coimbatore,Bangalore -> Coimbatore,365,2,Non-AC Seater,48,410.0,2025-08-30,Saturday,2025-07-25,36,False,1.25,1.07,41,85.42
26,Chennai,Coimbatore,Chennai -> Coimbatore,500,2,AC Sleeper,29,1150.0,2026-06-09,Tuesday,2026-05-22,18,False,0.8,1.0,14,48.28
27,Chennai,Madurai,Chennai -> Madurai,460,2,AC Sleeper,31,1030.0,2025-12-27,Saturday,2025-12-06,21,True,1.25,0.974,31,100.0
28,Bangalore,Hyderabad,Bangalore -> Hyderabad,570,2,AC Sleeper,32,1260.0,2026-06-16,Tuesday,2026-05-31,16,False,0.8,0.961,14,43.75
29,Bangalore,Coimbatore,Bangalore -> Coimbatore,365,2,Non-AC Seater,51,430.0,2026-06-17,Wednesday,2026-05-19,29,False,0.82,1.122,27,52.94
30,Delhi,Agra,Delhi -> Agra,230,2,Non-AC Sleeper,31,370.0,2025-10-27,Monday,2025-09-19,38,False,0.85,1.109,17,54.84
31,Bangalore,Chennai,Bangalore -> Chennai,350,1,AC Sleeper,33,760.0,2025-12-28,Sunday,2025-12-12,16,False,1.1,0.944,27,81.82
32,Mumbai,Goa,Mumbai -> Goa,590,2,Non-AC Sleeper,36,850.0,2026-03-23,Monday,2026-03-03,20,False,0.85,0.994,19,52.78
33,Delhi,Dehradun,Delhi -> Dehradun,250,2,AC Seater,44,390.0,2026-02-09,Monday,2026-01-12,28,False,0.85,0.918,31,70.45
34,Ahmedabad,Surat,Ahmedabad -> Surat,265,1,Non-AC Seater,54,300.0,2026-03-09,Monday,2026-02-10,27,False,0.85,1.078,41,75.93
35,Bangalore,Hyderabad,Bangalore -> Hyderabad,570,2,AC Sleeper,28,1360.0,2026-02-11,Wednesday,2026-01-08,34,False,0.82,1.037,15,53.57
36,Mumbai,Goa,Mumbai -> Goa,590,2,AC Sleeper,30,1190.0,2025-09-29,Monday,2025-08-31,29,False,0.85,0.877,24,80.0
37,Pune,Nashik,Pune -> Nashik,210,3,AC Seater,43,320.0,2025-09-18,Thursday,2025-08-30,19,False,0.95,0.896,22,51.16
38,Hyderabad,Bangalore,Hyderabad -> Bangalore,570,2,AC Sleeper,29,1460.0,2026-06-26,Friday,2026-05-25,32,False,1.15,1.114,21,72.41
39,Chennai,Coimbatore,Chennai -> Coimbatore,500,2,AC Seater,43,750.0,2026-02-13,Friday,2026-01-26,18,False,1.15,0.882,26,60.47
40,Kolkata,Digha,Kolkata -> Digha,185,3,Non-AC Sleeper,33,280.0,2025-08-22,Friday,2025-08-06,16,False,1.15,1.044,14,42.42
41,Bangalore,Chennai,Bangalore -> Chennai,350,1,Non-AC Sleeper,34,550.0,2026-01-11,Sunday,2025-12-23,19,False,1.1,1.084,26,76.47
42,Hyderabad,Bangalore,Hyderabad -> Bangalore,570,2,Non-AC Sleeper,33,790.0,2026-06-14,Sunday,2026-05-21,24,False,1.1,0.956,30,90.91
43,Hyderabad,Vijayawada,Hyderabad -> Vijayawada,275,2,Non-AC Sleeper,35,360.0,2025-12-25,Thursday,2025-11-30,25,True,0.95,0.903,31,88.57
44,Ahmedabad,Mumbai,Ahmedabad -> Mumbai,525,2,Non-AC Seater,56,490.0,2025-11-09,Sunday,2025-10-09,31,False,1.1,0.889,38,67.86
45,Bangalore,Hyderabad,Bangalore -> Hyderabad,570,2,Non-AC Seater,53,560.0,2026-03-12,Thursday,2026-02-19,21,False,0.95,0.936,36,67.92
46,Delhi,Chandigarh,Delhi -> Chandigarh,250,2,AC Sleeper,33,620.0,2025-11-15,Saturday,2025-10-29,17,False,1.25,1.078,25,75.76
47,Delhi,Jaipur,Delhi -> Jaipur,280,1,Volvo AC Semi-Sleeper,42,510.0,2025-10-16,Thursday,2025-09-28,18,False,0.95,0.889,32,76.19
48,Hyderabad,Vijayawada,Hyderabad -> Vijayawada,275,2,Non-AC Sleeper,32,430.0,2026-01-01,Thursday,2025-11-23,39,True,0.95,1.078,30,93.75
49,Kochi,Bangalore,Kochi -> Bangalore,550,3,AC Seater,41,890.0,2026-06-14,Sunday,2026-05-12,33,False,1.1,0.952,20,48.78
50,Chennai,Madurai,Chennai -> Madurai,460,2,Volvo AC Semi-Sleeper,39,1040.0,2025-09-30,Tuesday,2025-09-11,19,True,0.8,1.103,24,61.54
51,Hyderabad,Vijayawada,Hyderabad -> Vijayawada,275,2,Non-AC Seater,50,330.0,2025-12-23,Tuesday,2025-12-05,18,True,0.8,1.143,23,46.0
52,Surat,Mumbai,Surat -> Mumbai,285,2,Non-AC Seater,54,330.0,2025-10-14,Tuesday,2025-09-02,42,False,0.8,1.103,23,42.59
53,Mumbai,Goa,Mumbai -> Goa,590,2,Non-AC Sleeper,33,900.0,2025-11-14,Friday,2025-10-21,24,False,1.15,1.052,15,45.45
54,Delhi,Chandigarh,Delhi -> Chandigarh,250,2,Non-AC Sleeper,32,330.0,2026-04-03,Friday,2026-02-25,37,False,1.15,0.91,24,75.0
55,Bangalore,Goa,Bangalore -> Goa,560,3,AC Seater,40,890.0,2026-06-08,Monday,2026-05-24,15,False,0.85,0.935,17,42.5
56,Mumbai,Shirdi,Mumbai -> Shirdi,250,2,Non-AC Seater,55,240.0,2026-04-06,Monday,2026-03-18,19,False,0.85,0.914,24,43.64
57,Bangalore,Goa,Bangalore -> Goa,560,3,Non-AC Sleeper,35,760.0,2026-05-19,Tuesday,2026-04-27,22,False,0.8,0.936,14,40.0
58,Bangalore,Hyderabad,Bangalore -> Hyderabad,570,2,Volvo AC Semi-Sleeper,41,1300.0,2026-01-14,Wednesday,2025-12-15,30,True,0.82,1.113,23,56.1
59,Bangalore,Mysore,Bangalore -> Mysore,145,1,Non-AC Seater,56,140.0,2025-08-05,Tuesday,2025-07-14,22,False,0.8,0.92,25,44.64
60,Mumbai,Shirdi,Mumbai -> Shirdi,250,2,Non-AC Seater,54,230.0,2025-11-07,Friday,2025-10-08,30,False,1.15,0.876,49,90.74
61,Kolkata,Digha,Kolkata -> Digha,185,3,AC Sleeper,33,390.0,2026-02-10,Tuesday,2025-12-31,41,False,0.8,0.917,14,42.42
62,Ahmedabad,Mumbai,Ahmedabad -> Mumbai,525,2,Non-AC Seater,54,590.0,2026-05-03,Sunday,2026-04-15,18,False,1.1,1.07,33,61.11
63,Bangalore,Mysore,Bangalore -> Mysore,145,1,Non-AC Seater,53,150.0,2026-06-05,Friday,2026-04-21,45,False,1.15,0.985,52,98.11
64,Bangalore,Hyderabad,Bangalore -> Hyderabad,570,2,Non-AC Seater,52,630.0,2025-11-13,Thursday,2025-09-30,44,False,0.95,1.053,32,61.54
65,Hyderabad,Vijayawada,Hyderabad -> Vijayawada,275,2,AC Seater,45,420.0,2026-06-04,Thursday,2026-05-02,33,False,0.95,0.898,28,62.22
66,Hyderabad,Vijayawada,Hyderabad -> Vijayawada,275,2,Non-AC Seater,53,260.0,2026-03-29,Sunday,2026-03-11,18,False,1.1,0.9,35,66.04
67,Delhi,Dehradun,Delhi -> Dehradun,250,2,Non-AC Sleeper,30,370.0,2026-06-18,Thursday,2026-05-30,19,False,0.95,1.021,14,46.67
68,Kolkata,Digha,Kolkata -> Digha,185,3,AC Sleeper,33,420.0,2026-02-28,Saturday,2026-01-20,39,False,1.25,0.987,26,78.79
69,Ahmedabad,Surat,Ahmedabad -> Surat,265,1,Non-AC Seater,53,300.0,2025-09-06,Saturday,2025-08-15,22,False,1.25,1.078,49,92.45
70,Jaipur,Udaipur,Jaipur -> Udaipur,400,3,Non-AC Sleeper,31,580.0,2026-04-12,Sunday,2026-03-10,33,True,1.1,1.0,23,74.19
71,Kolkata,Digha,Kolkata -> Digha,185,3,Volvo AC Semi-Sleeper,41,370.0,2026-02-17,Tuesday,2026-01-31,17,False,0.8,0.976,15,36.59
72,Bangalore,Goa,Bangalore -> Goa,560,3,Volvo AC Semi-Sleeper,40,1190.0,2026-06-17,Wednesday,2026-05-07,41,False,0.82,1.037,16,40.0
73,Bangalore,Chennai,Bangalore -> Chennai,350,1,Non-AC Sleeper,33,480.0,2025-10-22,Wednesday,2025-09-07,45,True,0.82,0.946,28,84.85
74,Delhi,Dehradun,Delhi -> Dehradun,250,2,Volvo AC Semi-Sleeper,42,460.0,2026-05-21,Thursday,2026-05-05,16,False,0.95,0.898,23,54.76
75,Chennai,Coimbatore,Chennai -> Coimbatore,500,2,Non-AC Sleeper,32,770.0,2025-09-18,Thursday,2025-08-25,24,False,0.95,1.062,20,62.5
76,Bangalore,Hyderabad,Bangalore -> Hyderabad,570,2,Volvo AC Semi-Sleeper,38,1290.0,2026-02-16,Monday,2026-01-28,19,False,0.85,1.104,22,57.89
77,Mumbai,Shirdi,Mumbai -> Shirdi,250,2,AC Seater,43,390.0,2025-09-21,Sunday,2025-08-21,31,False,1.1,0.918,35,81.4
78,Mumbai,Pune,Mumbai -> Pune,150,1,AC Sleeper,28,320.0,2026-05-04,Monday,2026-04-19,15,False,0.85,0.928,20,71.43
79,Bangalore,Mysore,Bangalore -> Mysore,145,1,Non-AC Sleeper,33,210.0,2026-03-15,Sunday,2026-02-03,40,False,1.1,0.999,31,93.94
80,Bangalore,Hyderabad,Bangalore -> Hyderabad,570,2,Volvo AC Semi-Sleeper,40,1280.0,2026-04-21,Tuesday,2026-03-11,41,False,0.8,1.095,22,55.0
81,Hyderabad,Vijayawada,Hyderabad -> Vijayawada,275,2,Non-AC Seater,52,270.0,2025-09-30,Tuesday,2025-09-09,21,True,0.8,0.935,44,84.62
82,Bangalore,Chennai,Bangalore -> Chennai,350,1,AC Sleeper,31,790.0,2025-11-02,Sunday,2025-10-18,15,True,1.1,0.981,21,67.74
83,Mumbai,Pune,Mumbai -> Pune,150,1,AC Seater,45,230.0,2026-01-22,Thursday,2026-01-06,16,False,0.95,0.902,34,75.56
84,Ahmedabad,Mumbai,Ahmedabad -> Mumbai,525,2,Non-AC Seater,48,620.0,2026-03-18,Wednesday,2026-03-01,17,False,0.82,1.125,29,60.42
85,Ahmedabad,Mumbai,Ahmedabad -> Mumbai,525,2,Volvo AC Semi-Sleeper,42,1200.0,2026-05-28,Thursday,2026-05-04,24,False,0.95,1.115,28,66.67
86,Ahmedabad,Mumbai,Ahmedabad -> Mumbai,525,2,Non-AC Sleeper,35,780.0,2026-02-22,Sunday,2026-01-15,38,False,1.1,1.025,23,65.71
87,Delhi,Dehradun,Delhi -> Dehradun,250,2,Non-AC Seater,55,260.0,2026-01-26,Monday,2025-12-13,44,True,0.85,0.99,48,87.27
88,Ahmedabad,Surat,Ahmedabad -> Surat,265,1,Volvo AC Semi-Sleeper,40,530.0,2026-03-17,Tuesday,2026-02-11,34,False,0.8,0.976,22,55.0
89,Bangalore,Chennai,Bangalore -> Chennai,350,1,AC Seater,40,590.0,2025-09-16,Tuesday,2025-08-28,19,False,0.8,0.992,23,57.5
90,Bangalore,Mysore,Bangalore -> Mysore,145,1,AC Sleeper,29,320.0,2026-01-16,Friday,2025-12-22,25,True,1.15,0.96,29,100.0
91,Delhi,Dehradun,Delhi -> Dehradun,250,2,AC Seater,42,440.0,2025-12-05,Friday,2025-11-14,21,False,1.15,1.035,35,83.33
92,Bangalore,Hyderabad,Bangalore -> Hyderabad,570,2,AC Sleeper,34,1450.0,2026-05-12,Tuesday,2026-04-13,29,False,0.8,1.106,17,50.0
93,Jaipur,Udaipur,Jaipur -> Udaipur,400,3,AC Seater,42,740.0,2026-01-26,Monday,2025-12-28,29,True,0.85,1.088,20,47.62
94,Delhi,Chandigarh,Delhi -> Chandigarh,250,2,AC Seater,44,430.0,2026-04-13,Monday,2026-03-10,34,True,0.85,1.012,30,68.18
95,Mumbai,Nashik,Mumbai -> Nashik,170,2,AC Seater,41,270.0,2026-04-02,Thursday,2026-02-28,33,False,0.95,0.934,29,70.73
96,Delhi,Agra,Delhi -> Agra,230,2,Non-AC Sleeper,36,310.0,2026-06-14,Sunday,2026-05-12,33,False,1.1,0.93,27,75.0
97,Delhi,Jaipur,Delhi -> Jaipur,280,1,Non-AC Seater,53,260.0,2026-03-30,Monday,2026-02-28,30,False,0.85,0.884,46,86.79
98,Kolkata,Digha,Kolkata -> Digha,185,3,AC Sleeper,28,480.0,2025-09-26,Friday,2025-08-18,39,False,1.15,1.128,14,50.0
99,Bangalore,Mysore,Bangalore -> Mysore,145,1,Non-AC Sleeper,33,220.0,2026-04-18,Saturday,2026-03-06,43,False,1.25,1.046,32,96.97
100,Kolkata,Digha,Kolkata -> Digha,185,3,Non-AC Seater,50,200.0,2025-08-17,Sunday,2025-07-31,17,True,1.1,1.03,27,54.0
101,Hyderabad,Vijayawada,Hyderabad -> Vijayawada,275,2,AC Sleeper,29,640.0,2025-09-27,Saturday,2025-09-13,14,False,1.25,1.012,15,51.72
102,Hyderabad,Bangalore,Hyderabad -> Bangalore,570,2,Non-AC Sleeper,33,830.0,2026-03-31,Tuesday,2026-02-21,38,False,0.8,1.004,17,51.52
103,Kolkata,Digha,Kolkata -> Digha,185,3,AC Sleeper,31,440.0,2026-01-11,Sunday,2025-12-24,18,False,1.1,1.034,20,64.52
104,Kolkata,Digha,Kolkata -> Digha,185,3,Volvo AC Semi-Sleeper,38,340.0,2026-03-29,Sunday,2026-03-13,16,False,1.1,0.897,21,55.26
105,Chennai,Madurai,Chennai -> Madurai,460,2,AC Sleeper,33,1130.0,2025-12-18,Thursday,2025-11-28,20,False,0.95,1.068,21,63.64
106,Delhi,Chandigarh,Delhi -> Chandigarh,250,2,AC Sleeper,30,630.0,2026-04-30,Thursday,2026-03-23,38,False,0.95,1.096,18,60.0
107,Delhi,Jaipur,Delhi -> Jaipur,280,1,AC Seater,44,460.0,2025-11-30,Sunday,2025-11-06,24,False,1.1,0.966,33,75.0
108,Mumbai,Shirdi,Mumbai -> Shirdi,250,2,Volvo AC Semi-Sleeper,38,570.0,2026-02-01,Sunday,2026-01-04,28,False,1.1,1.112,25,65.79
109,Delhi,Dehradun,Delhi -> Dehradun,250,2,AC Seater,40,430.0,2026-03-31,Tuesday,2026-02-15,44,False,0.8,1.012,22,55.0
110,Kolkata,Digha,Kolkata -> Digha,185,3,AC Seater,44,310.0,2025-09-16,Tuesday,2025-08-21,26,False,0.8,0.986,17,38.64
111,Delhi,Chandigarh,Delhi -> Chandigarh,250,2,Volvo AC Semi-Sleeper,38,570.0,2026-03-28,Saturday,2026-03-01,27,False,1.25,1.112,24,63.16
112,Mumbai,Goa,Mumbai -> Goa,590,2,AC Seater,45,1040.0,2025-09-10,Wednesday,2025-08-24,17,False,0.82,1.037,20,44.44
113,Chennai,Coimbatore,Chennai -> Coimbatore,500,2,Non-AC Sleeper,30,650.0,2026-03-17,Tuesday,2026-02-28,17,False,0.8,0.897,14,46.67
114,Chennai,Coimbatore,Chennai -> Coimbatore,500,2,AC Sleeper,33,1090.0,2026-06-19,Friday,2026-05-22,28,False,1.15,0.948,32,96.97
115,Bangalore,Hyderabad,Bangalore -> Hyderabad,570,2,Non-AC Sleeper,30,900.0,2025-11-09,Sunday,2025-10-03,37,False,1.1,1.089,24,80.0
116,Jaipur,Udaipur,Jaipur -> Udaipur,400,3,Non-AC Sleeper,30,640.0,2025-08-15,Friday,2025-07-04,42,True,1.15,1.103,21,70.0
117,Delhi,Agra,Delhi -> Agra,230,2,AC Seater,44,350.0,2026-05-06,Wednesday,2026-04-01,35,False,0.82,0.895,22,50.0
118,Kochi,Bangalore,Kochi -> Bangalore,550,3,Non-AC Seater,53,600.0,2026-02-24,Tuesday,2026-02-08,16,False,0.8,1.039,22,41.51
119,Delhi,Agra,Delhi -> Agra,230,2,Volvo AC Semi-Sleeper,42,440.0,2025-08-10,Sunday,2025-07-13,28,False,1.1,0.933,31,73.81
120,Mumbai,Shirdi,Mumbai -> Shirdi,250,2,Volvo AC Semi-Sleeper,41,470.0,2025-08-05,Tuesday,2025-06-23,43,False,0.8,0.917,27,65.85
121,Bangalore,Hyderabad,Bangalore -> Hyderabad,570,2,AC Sleeper,34,1140.0,2025-08-13,Wednesday,2025-07-25,19,True,0.82,0.87,21,61.76
122,Mumbai,Nashik,Mumbai -> Nashik,170,2,Volvo AC Semi-Sleeper,41,370.0,2026-06-17,Wednesday,2026-05-27,21,False,0.82,1.062,19,46.34
123,Bangalore,Hyderabad,Bangalore -> Hyderabad,570,2,Volvo AC Semi-Sleeper,39,1250.0,2025-08-20,Wednesday,2025-07-07,44,False,0.82,1.07,17,43.59
124,Kolkata,Digha,Kolkata -> Digha,185,3,Non-AC Seater,54,210.0,2026-04-30,Thursday,2026-03-21,40,False,0.95,1.081,22,40.74
125,Chennai,Coimbatore,Chennai -> Coimbatore,500,2,Non-AC Seater,52,470.0,2025-10-07,Tuesday,2025-09-01,36,False,0.8,0.895,37,71.15
126,Chennai,Madurai,Chennai -> Madurai,460,2,Non-AC Sleeper,35,680.0,2025-08-29,Friday,2025-07-19,41,True,1.15,1.019,32,91.43
127,Chennai,Coimbatore,Chennai -> Coimbatore,500,2,Non-AC Seater,55,480.0,2026-04-02,Thursday,2026-03-19,14,False,0.95,0.914,28,50.91
128,Bangalore,Chennai,Bangalore -> Chennai,350,1,Non-AC Seater,54,420.0,2026-04-07,Tuesday,2026-03-05,33,False,0.8,1.143,34,62.96
129,Chennai,Madurai,Chennai -> Madurai,460,2,Non-AC Seater,48,420.0,2026-02-22,Sunday,2026-02-01,21,False,1.1,0.87,36,75.0
130,Surat,Mumbai,Surat -> Mumbai,285,2,Non-AC Sleeper,34,390.0,2025-12-02,Tuesday,2025-11-16,16,False,0.8,0.944,16,47.06
131,Jaipur,Udaipur,Jaipur -> Udaipur,400,3,Non-AC Seater,51,420.0,2026-06-23,Tuesday,2026-05-23,31,False,0.8,1.0,17,33.33
132,Jaipur,Udaipur,Jaipur -> Udaipur,400,3,AC Seater,43,690.0,2025-12-27,Saturday,2025-12-09,18,True,1.25,1.015,38,88.37
133,Bangalore,Chennai,Bangalore -> Chennai,350,1,Volvo AC Semi-Sleeper,40,730.0,2025-11-09,Sunday,2025-10-09,31,False,1.1,1.017,26,65.0
134,Delhi,Agra,Delhi -> Agra,230,2,AC Seater,43,430.0,2025-09-22,Monday,2025-09-04,18,False,0.85,1.1,23,53.49
135,Chennai,Coimbatore,Chennai -> Coimbatore,500,2,Non-AC Sleeper,34,720.0,2025-12-13,Saturday,2025-11-25,18,False,1.25,0.993,24,70.59
136,Mumbai,Goa,Mumbai -> Goa,590,2,Volvo AC Semi-Sleeper,38,1140.0,2025-09-01,Monday,2025-08-09,23,False,0.85,0.943,19,50.0
137,Delhi,Jaipur,Delhi -> Jaipur,280,1,Non-AC Sleeper,35,420.0,2026-02-20,Friday,2026-01-06,45,False,1.15,1.034,27,77.14
138,Bangalore,Mysore,Bangalore -> Mysore,145,1,Non-AC Seater,51,140.0,2026-06-13,Saturday,2026-05-12,32,False,1.25,0.92,49,96.08
139,Delhi,Jaipur,Delhi -> Jaipur,280,1,AC Seater,45,470.0,2025-08-13,Wednesday,2025-07-15,29,True,0.82,0.987,45,100.0
140,Chennai,Coimbatore,Chennai -> Coimbatore,500,2,Non-AC Seater,50,540.0,2025-11-25,Tuesday,2025-10-24,32,False,0.8,1.029,20,40.0
141,Hyderabad,Bangalore,Hyderabad -> Bangalore,570,2,AC Sleeper,31,1360.0,2026-03-04,Wednesday,2026-01-30,33,True,0.82,1.037,24,77.42
142,Bangalore,Hyderabad,Bangalore -> Hyderabad,570,2,AC Seater,44,980.0,2025-10-05,Sunday,2025-09-08,27,False,1.1,1.011,33,75.0
143,Hyderabad,Vijayawada,Hyderabad -> Vijayawada,275,2,AC Sleeper,31,630.0,2025-11-29,Saturday,2025-10-21,39,False,1.25,0.996,31,100.0
144,Delhi,Dehradun,Delhi -> Dehradun,250,2,Non-AC Sleeper,36,390.0,2026-05-11,Monday,2026-04-11,30,False,0.85,1.076,16,44.44
145,Delhi,Dehradun,Delhi -> Dehradun,250,2,Non-AC Sleeper,31,350.0,2026-04-24,Friday,2026-03-25,30,False,1.15,0.966,24,77.42
146,Ahmedabad,Mumbai,Ahmedabad -> Mumbai,525,2,AC Seater,42,810.0,2025-08-19,Tuesday,2025-08-03,16,False,0.8,0.908,22,52.38
147,Ahmedabad,Surat,Ahmedabad -> Surat,265,1,Volvo AC Semi-Sleeper,42,510.0,2025-08-19,Tuesday,2025-07-18,32,False,0.8,0.939,28,66.67
148,Bangalore,Coimbatore,Bangalore -> Coimbatore,365,2,Non-AC Sleeper,31,510.0,2025-08-23,Saturday,2025-07-17,37,False,1.25,0.964,31,100.0
149,Surat,Mumbai,Surat -> Mumbai,285,2,Non-AC Seater,51,330.0,2026-05-03,Sunday,2026-04-06,27,False,1.1,1.103,41,80.39
150,Bangalore,Goa,Bangalore -> Goa,560,3,AC Sleeper,29,1320.0,2026-03-11,Wednesday,2026-02-22,17,False,0.82,1.025,10,34.48
151,Chennai,Madurai,Chennai -> Madurai,460,2,AC Seater,43,870.0,2026-06-16,Tuesday,2026-05-19,28,False,0.8,1.113,19,44.19
152,Jaipur,Udaipur,Jaipur -> Udaipur,400,3,Non-AC Sleeper,32,600.0,2025-09-17,Wednesday,2025-08-12,36,False,0.82,1.034,17,53.12
153,Delhi,Dehradun,Delhi -> Dehradun,250,2,AC Seater,45,380.0,2026-03-02,Monday,2026-01-26,35,True,0.85,0.894,41,91.11
154,Pune,Kolhapur,Pune -> Kolhapur,230,2,AC Sleeper,31,480.0,2026-03-25,Wednesday,2026-03-06,19,False,0.82,0.907,12,38.71
155,Bangalore,Mysore,Bangalore -> Mysore,145,1,Volvo AC Semi-Sleeper,42,300.0,2026-06-26,Friday,2026-06-06,20,False,1.15,1.009,33,78.57
156,Ahmedabad,Mumbai,Ahmedabad -> Mumbai,525,2,Volvo AC Semi-Sleeper,42,980.0,2026-01-15,Thursday,2025-12-18,28,True,0.95,0.911,41,97.62
157,Ahmedabad,Surat,Ahmedabad -> Surat,265,1,AC Seater,41,480.0,2025-08-27,Wednesday,2025-08-12,15,True,0.82,1.065,35,85.37
158,Bangalore,Mysore,Bangalore -> Mysore,145,1,Non-AC Sleeper,33,200.0,2025-11-11,Tuesday,2025-10-23,19,False,0.8,0.951,25,75.76
159,Bangalore,Chennai,Bangalore -> Chennai,350,1,Volvo AC Semi-Sleeper,42,670.0,2025-08-15,Friday,2025-07-26,20,True,1.15,0.934,38,90.48
160,Bangalore,Hyderabad,Bangalore -> Hyderabad,570,2,Non-AC Seater,52,610.0,2026-03-29,Sunday,2026-02-28,29,False,1.1,1.019,39,75.0
161,Mumbai,Pune,Mumbai -> Pune,150,1,Non-AC Seater,50,170.0,2025-10-21,Tuesday,2025-09-10,41,True,0.8,1.079,40,80.0
162,Delhi,Jaipur,Delhi -> Jaipur,280,1,Non-AC Sleeper,34,420.0,2026-04-22,Wednesday,2026-03-15,38,False,0.82,1.034,18,52.94
163,Delhi,Jaipur,Delhi -> Jaipur,280,1,Non-AC Seater,54,300.0,2025-12-01,Monday,2025-10-20,42,False,0.85,1.02,34,62.96
164,Bangalore,Coimbatore,Bangalore -> Coimbatore,365,2,Volvo AC Semi-Sleeper,42,750.0,2026-01-24,Saturday,2025-12-17,38,True,1.25,1.002,42,100.0
165,Delhi,Agra,Delhi -> Agra,230,2,Volvo AC Semi-Sleeper,39,520.0,2026-01-16,Friday,2025-12-24,23,True,1.15,1.103,36,92.31
166,Hyderabad,Bangalore,Hyderabad -> Bangalore,570,2,Non-AC Seater,55,570.0,2026-02-11,Wednesday,2026-01-13,29,False,0.82,0.952,28,50.91
167,Ahmedabad,Surat,Ahmedabad -> Surat,265,1,Non-AC Sleeper,33,380.0,2025-09-04,Thursday,2025-07-21,45,False,0.95,0.989,24,72.73
168,Surat,Mumbai,Surat -> Mumbai,285,2,AC Sleeper,32,600.0,2025-08-03,Sunday,2025-07-10,24,False,1.1,0.915,29,90.62
169,Bangalore,Hyderabad,Bangalore -> Hyderabad,570,2,Non-AC Seater,50,670.0,2025-08-09,Saturday,2025-07-04,36,False,1.25,1.119,37,74.0
170,Chennai,Coimbatore,Chennai -> Coimbatore,500,2,Non-AC Sleeper,32,740.0,2026-02-05,Thursday,2026-01-22,14,False,0.95,1.021,19,59.38
171,Bangalore,Mysore,Bangalore -> Mysore,145,1,AC Seater,41,250.0,2026-03-23,Monday,2026-02-15,36,False,0.85,1.014,29,70.73
172,Kochi,Bangalore,Kochi -> Bangalore,550,3,Volvo AC Semi-Sleeper,41,1120.0,2026-06-24,Wednesday,2026-05-17,38,False,0.82,0.993,15,36.59
173,Delhi,Chandigarh,Delhi -> Chandigarh,250,2,Volvo AC Semi-Sleeper,40,570.0,2026-03-28,Saturday,2026-02-23,33,False,1.25,1.112,32,80.0
174,Jaipur,Udaipur,Jaipur -> Udaipur,400,3,Non-AC Sleeper,36,530.0,2026-01-16,Friday,2025-12-10,37,True,1.15,0.914,23,63.89
175,Ahmedabad,Mumbai,Ahmedabad -> Mumbai,525,2,Non-AC Sleeper,34,790.0,2026-02-01,Sunday,2026-01-05,27,False,1.1,1.038,27,79.41
176,Kochi,Bangalore,Kochi -> Bangalore,550,3,Non-AC Seater,56,540.0,2026-05-01,Friday,2026-03-25,37,False,1.15,0.935,27,48.21
177,Kochi,Bangalore,Kochi -> Bangalore,550,3,AC Sleeper,32,1140.0,2025-11-24,Monday,2025-11-01,23,False,0.85,0.901,14,43.75
178,Mumbai,Nashik,Mumbai -> Nashik,170,2,Non-AC Sleeper,35,250.0,2026-05-19,Tuesday,2026-04-04,45,False,0.8,1.014,24,68.57
179,Ahmedabad,Surat,Ahmedabad -> Surat,265,1,Non-AC Sleeper,32,380.0,2026-06-22,Monday,2026-06-06,16,False,0.85,0.989,17,53.12
180,Jaipur,Udaipur,Jaipur -> Udaipur,400,3,AC Sleeper,28,930.0,2026-01-27,Tuesday,2025-12-19,39,True,0.8,1.011,18,64.29
181,Bangalore,Chennai,Bangalore -> Chennai,350,1,Volvo AC Semi-Sleeper,40,640.0,2026-05-01,Friday,2026-04-16,15,False,1.15,0.892,25,62.5
182,Bangalore,Goa,Bangalore -> Goa,560,3,Volvo AC Semi-Sleeper,38,1040.0,2026-06-07,Sunday,2026-05-03,35,False,1.1,0.906,18,47.37
183,Jaipur,Udaipur,Jaipur -> Udaipur,400,3,AC Sleeper,32,1010.0,2026-04-15,Wednesday,2026-03-09,37,True,0.82,1.098,19,59.38
184,Delhi,Dehradun,Delhi -> Dehradun,250,2,AC Seater,44,380.0,2026-05-30,Saturday,2026-05-09,21,False,1.25,0.894,38,86.36
185,Mumbai,Goa,Mumbai -> Goa,590,2,AC Sleeper,29,1180.0,2026-05-13,Wednesday,2026-03-30,44,False,0.82,0.87,20,68.97
186,Chennai,Madurai,Chennai -> Madurai,460,2,AC Seater,44,700.0,2026-04-10,Friday,2026-03-15,26,False,1.15,0.895,44,100.0
187,Delhi,Agra,Delhi -> Agra,230,2,Volvo AC Semi-Sleeper,41,440.0,2026-03-12,Thursday,2026-02-13,27,False,0.95,0.933,25,60.98
188,Ahmedabad,Surat,Ahmedabad -> Surat,265,1,Non-AC Sleeper,32,410.0,2026-05-28,Thursday,2026-05-05,23,False,0.95,1.067,18,56.25
189,Delhi,Agra,Delhi -> Agra,230,2,Non-AC Sleeper,33,320.0,2025-12-11,Thursday,2025-11-10,31,False,0.95,0.96,18,54.55
190,Surat,Mumbai,Surat -> Mumbai,285,2,Volvo AC Semi-Sleeper,38,530.0,2026-03-13,Friday,2026-02-17,24,False,1.15,0.907,32,84.21
191,Chennai,Coimbatore,Chennai -> Coimbatore,500,2,AC Sleeper,30,1300.0,2026-04-26,Sunday,2026-03-23,34,False,1.1,1.13,21,70.0
192,Bangalore,Hyderabad,Bangalore -> Hyderabad,570,2,AC Sleeper,30,1190.0,2025-09-09,Tuesday,2025-08-08,32,False,0.8,0.908,17,56.67
193,Pune,Nashik,Pune -> Nashik,210,3,Volvo AC Semi-Sleeper,42,440.0,2026-03-22,Sunday,2026-03-07,15,False,1.1,1.022,20,47.62
194,Bangalore,Goa,Bangalore -> Goa,560,3,Non-AC Sleeper,36,810.0,2025-11-23,Sunday,2025-11-05,18,False,1.1,0.998,15,41.67
195,Mumbai,Goa,Mumbai -> Goa,590,2,AC Seater,40,930.0,2025-08-23,Saturday,2025-07-23,31,False,1.25,0.927,31,77.5
196,Mumbai,Pune,Mumbai -> Pune,150,1,AC Seater,42,260.0,2026-05-21,Thursday,2026-04-27,24,False,0.95,1.02,31,73.81
197,Chennai,Coimbatore,Chennai -> Coimbatore,500,2,Non-AC Sleeper,36,760.0,2026-06-16,Tuesday,2026-05-17,30,False,0.8,1.048,19,52.78
198,Hyderabad,Vijayawada,Hyderabad -> Vijayawada,275,2,Volvo AC Semi-Sleeper,39,620.0,2025-12-07,Sunday,2025-11-16,21,False,1.1,1.1,27,69.23
199,Hyderabad,Bangalore,Hyderabad -> Bangalore,570,2,AC Seater,45,980.0,2026-05-30,Saturday,2026-04-15,45,False,1.25,1.011,44,97.78
200,Delhi,Dehradun,Delhi -> Dehradun,250,2,AC Seater,43,440.0,2025-08-09,Saturday,2025-07-17,23,False,1.25,1.035,33,76.74
201,Ahmedabad,Surat,Ahmedabad -> Surat,265,1,AC Seater,41,410.0,2025-11-16,Sunday,2025-10-22,25,False,1.1,0.91,34,82.93
202,Ahmedabad,Surat,Ahmedabad -> Surat,265,1,Non-AC Seater,50,280.0,2025-10-23,Thursday,2025-09-14,39,True,0.95,1.006,49,98.0
203,Hyderabad,Bangalore,Hyderabad -> Bangalore,570,2,AC Sleeper,32,1300.0,2025-12-24,Wednesday,2025-11-10,44,True,0.82,0.992,23,71.88
204,Kochi,Bangalore,Kochi -> Bangalore,550,3,Non-AC Sleeper,34,850.0,2026-03-12,Thursday,2026-01-29,42,False,0.95,1.066,14,41.18
205,Bangalore,Chennai,Bangalore -> Chennai,350,1,AC Sleeper,31,820.0,2025-10-01,Wednesday,2025-09-07,24,True,0.82,1.019,27,87.1
206,Mumbai,Goa,Mumbai -> Goa,590,2,Non-AC Sleeper,34,940.0,2026-04-17,Friday,2026-03-18,30,False,1.15,1.099,27,79.41
207,Kolkata,Digha,Kolkata -> Digha,185,3,Non-AC Sleeper,30,290.0,2025-08-12,Tuesday,2025-07-06,37,False,0.8,1.081,11,36.67
208,Mumbai,Goa,Mumbai -> Goa,590,2,AC Seater,40,940.0,2026-02-07,Saturday,2026-01-22,16,False,1.25,0.937,30,75.0
209,Kochi,Bangalore,Kochi -> Bangalore,550,3,Non-AC Sleeper,31,770.0,2026-01-19,Monday,2026-01-04,15,False,0.85,0.966,10,32.26
210,Mumbai,Nashik,Mumbai -> Nashik,170,2,Volvo AC Semi-Sleeper,38,340.0,2026-04-16,Thursday,2026-04-01,15,True,0.95,0.976,29,76.32
211,Surat,Mumbai,Surat -> Mumbai,285,2,AC Sleeper,31,620.0,2025-10-08,Wednesday,2025-09-09,29,False,0.82,0.946,13,41.94
212,Bangalore,Goa,Bangalore -> Goa,560,3,AC Seater,42,840.0,2025-11-05,Wednesday,2025-10-19,17,False,0.82,0.882,15,35.71
213,Bangalore,Mysore,Bangalore -> Mysore,145,1,Volvo AC Semi-Sleeper,38,300.0,2025-08-01,Friday,2025-07-10,22,False,1.15,1.009,24,63.16
214,Chennai,Madurai,Chennai -> Madurai,460,2,Non-AC Seater,50,470.0,2026-01-31,Saturday,2025-12-24,38,False,1.25,0.973,49,98.0
215,Chennai,Coimbatore,Chennai -> Coimbatore,500,2,Volvo AC Semi-Sleeper,40,980.0,2025-10-26,Sunday,2025-09-23,33,False,1.1,0.956,27,67.5
216,Bangalore,Chennai,Bangalore -> Chennai,350,1,Volvo AC Semi-Sleeper,40,750.0,2025-11-20,Thursday,2025-10-30,21,False,0.95,1.045,29,72.5
217,Delhi,Dehradun,Delhi -> Dehradun,250,2,AC Seater,41,380.0,2026-06-06,Saturday,2026-05-08,29,False,1.25,0.894,37,90.24
218,Chennai,Coimbatore,Chennai -> Coimbatore,500,2,Volvo AC Semi-Sleeper,41,940.0,2026-02-17,Tuesday,2026-02-02,15,False,0.8,0.917,26,63.41
219,Bangalore,Hyderabad,Bangalore -> Hyderabad,570,2,Non-AC Seater,48,510.0,2026-06-02,Tuesday,2026-04-20,43,False,0.8,0.852,31,64.58
220,Pune,Nashik,Pune -> Nashik,210,3,Volvo AC Semi-Sleeper,38,390.0,2026-03-24,Tuesday,2026-02-19,33,False,0.8,0.906,15,39.47
221,Chennai,Coimbatore,Chennai -> Coimbatore,500,2,AC Seater,40,870.0,2026-02-06,Friday,2026-01-02,35,False,1.15,1.024,27,67.5
222,Ahmedabad,Surat,Ahmedabad -> Surat,265,1,Non-AC Sleeper,30,410.0,2026-01-25,Sunday,2025-12-23,33,True,1.1,1.067,28,93.33
223,Chennai,Coimbatore,Chennai -> Coimbatore,500,2,Non-AC Seater,56,580.0,2026-04-15,Wednesday,2026-03-23,23,True,0.82,1.105,34,60.71
224,Bangalore,Chennai,Bangalore -> Chennai,350,1,AC Seater,45,590.0,2026-06-19,Friday,2026-05-17,33,False,1.15,0.992,42,93.33
225,Surat,Mumbai,Surat -> Mumbai,285,2,Volvo AC Semi-Sleeper,38,630.0,2025-11-29,Saturday,2025-11-11,18,False,1.25,1.078,21,55.26
226,Bangalore,Hyderabad,Bangalore -> Hyderabad,570,2,Non-AC Sleeper,35,840.0,2025-11-07,Friday,2025-10-18,20,False,1.15,1.016,27,77.14
227,Chennai,Madurai,Chennai -> Madurai,460,2,Non-AC Sleeper,34,610.0,2025-11-14,Friday,2025-10-04,41,False,1.15,0.915,26,76.47
228,Mumbai,Pune,Mumbai -> Pune,150,1,AC Sleeper,30,300.0,2026-03-22,Sunday,2026-03-03,19,False,1.1,0.87,21,70.0
229,Delhi,Chandigarh,Delhi -> Chandigarh,250,2,AC Sleeper,33,610.0,2026-03-24,Tuesday,2026-02-12,40,False,0.8,1.061,15,45.45
230,Bangalore,Hyderabad,Bangalore -> Hyderabad,570,2,Non-AC Seater,56,610.0,2025-10-18,Saturday,2025-09-30,18,True,1.25,1.019,48,85.71
231,Jaipur,Udaipur,Jaipur -> Udaipur,400,3,Non-AC Seater,54,380.0,2026-03-19,Thursday,2026-02-08,39,False,0.95,0.905,24,44.44
232,Chennai,Madurai,Chennai -> Madurai,460,2,Non-AC Seater,56,410.0,2026-06-04,Thursday,2026-05-21,14,False,0.95,0.849,30,53.57
233,Hyderabad,Vijayawada,Hyderabad -> Vijayawada,275,2,Volvo AC Semi-Sleeper,40,510.0,2026-02-11,Wednesday,2026-01-10,32,False,0.82,0.905,20,50.0
234,Surat,Mumbai,Surat -> Mumbai,285,2,Non-AC Seater,55,300.0,2025-09-25,Thursday,2025-08-23,33,False,0.95,1.003,33,60.0
235,Pune,Nashik,Pune -> Nashik,210,3,AC Seater,44,360.0,2025-08-17,Sunday,2025-07-30,18,True,1.1,1.008,28,63.64
236,Bangalore,Hyderabad,Bangalore -> Hyderabad,570,2,AC Seater,43,1050.0,2025-10-03,Friday,2025-09-19,14,True,1.15,1.084,34,79.07
237,Mumbai,Nashik,Mumbai -> Nashik,170,2,Non-AC Sleeper,31,270.0,2025-10-17,Friday,2025-09-07,40,False,1.15,1.095,23,74.19
238,Bangalore,Chennai,Bangalore -> Chennai,350,1,AC Sleeper,32,820.0,2026-01-22,Thursday,2025-12-27,26,False,0.95,1.019,12,37.5
239,Delhi,Dehradun,Delhi -> Dehradun,250,2,AC Sleeper,31,590.0,2026-03-30,Monday,2026-03-08,22,False,0.85,1.026,14,45.16
240,Delhi,Dehradun,Delhi -> Dehradun,250,2,AC Sleeper,34,560.0,2026-06-04,Thursday,2026-05-05,30,False,0.95,0.974,19,55.88
241,Kolkata,Digha,Kolkata -> Digha,185,3,Non-AC Seater,48,200.0,2026-04-23,Thursday,2026-03-27,27,False,0.95,1.03,17,35.42
242,Bangalore,Mysore,Bangalore -> Mysore,145,1,Volvo AC Semi-Sleeper,38,330.0,2026-03-07,Saturday,2026-02-09,26,False,1.25,1.11,31,81.58
243,Pune,Nashik,Pune -> Nashik,210,3,AC Sleeper,31,540.0,2025-09-19,Friday,2025-08-28,22,False,1.15,1.118,15,48.39
244,Pune,Nashik,Pune -> Nashik,210,3,AC Sleeper,29,530.0,2026-06-24,Wednesday,2026-05-12,43,False,0.82,1.097,11,37.93
245,Bangalore,Chennai,Bangalore -> Chennai,350,1,AC Seater,42,630.0,2026-01-04,Sunday,2025-12-01,34,False,1.1,1.059,42,100.0
246,Ahmedabad,Surat,Ahmedabad -> Surat,265,1,AC Sleeper,30,610.0,2025-08-30,Saturday,2025-07-24,37,False,1.25,1.001,30,100.0
247,Delhi,Chandigarh,Delhi -> Chandigarh,250,2,AC Sleeper,31,590.0,2026-04-18,Saturday,2026-03-21,28,False,1.25,1.026,25,80.65
248,Mumbai,Goa,Mumbai -> Goa,590,2,AC Sleeper,34,1490.0,2026-05-14,Thursday,2026-04-05,39,False,0.95,1.098,25,73.53
249,Chennai,Madurai,Chennai -> Madurai,460,2,Non-AC Seater,48,520.0,2025-10-08,Wednesday,2025-09-10,28,False,0.82,1.077,21,43.75
250,Mumbai,Pune,Mumbai -> Pune,150,1,AC Seater,45,250.0,2026-04-26,Sunday,2026-03-20,37,False,1.1,0.98,44,97.78
251,Kolkata,Digha,Kolkata -> Digha,185,3,Volvo AC Semi-Sleeper,41,360.0,2025-12-10,Wednesday,2025-11-15,25,False,0.82,0.949,16,39.02
252,Delhi,Jaipur,Delhi -> Jaipur,280,1,Non-AC Sleeper,34,400.0,2025-08-04,Monday,2025-07-02,33,False,0.85,0.985,27,79.41
253,Hyderabad,Bangalore,Hyderabad -> Bangalore,570,2,Volvo AC Semi-Sleeper,40,1080.0,2026-01-03,Saturday,2025-12-10,24,True,1.25,0.924,35,87.5
254,Bangalore,Goa,Bangalore -> Goa,560,3,AC Seater,42,870.0,2025-11-19,Wednesday,2025-10-31,19,False,0.82,0.914,15,35.71
255,Bangalore,Hyderabad,Bangalore -> Hyderabad,570,2,AC Sleeper,28,1470.0,2025-11-22,Saturday,2025-10-16,37,False,1.25,1.121,25,89.29
256,Bangalore,Chennai,Bangalore -> Chennai,350,1,Non-AC Seater,48,390.0,2026-02-11,Wednesday,2025-12-31,42,False,0.82,1.061,39,81.25
257,Bangalore,Coimbatore,Bangalore -> Coimbatore,365,2,AC Seater,42,570.0,2025-10-07,Tuesday,2025-09-08,29,False,0.8,0.919,24,57.14
258,Hyderabad,Vijayawada,Hyderabad -> Vijayawada,275,2,Non-AC Seater,52,270.0,2025-09-12,Friday,2025-08-28,15,False,1.15,0.935,47,90.38
259,Mumbai,Pune,Mumbai -> Pune,150,1,Non-AC Sleeper,30,220.0,2026-06-16,Tuesday,2026-05-12,35,False,0.8,1.011,17,56.67
260,Chennai,Madurai,Chennai -> Madurai,460,2,Volvo AC Semi-Sleeper,38,890.0,2025-09-15,Monday,2025-08-23,23,False,0.85,0.944,27,71.05
261,Bangalore,Hyderabad,Bangalore -> Hyderabad,570,2,AC Sleeper,30,1450.0,2026-05-19,Tuesday,2026-05-02,17,False,0.8,1.106,18,60.0
262,Kochi,Bangalore,Kochi -> Bangalore,550,3,AC Sleeper,34,1410.0,2026-02-13,Friday,2026-01-28,16,False,1.15,1.115,17,50.0
263,Bangalore,Mysore,Bangalore -> Mysore,145,1,Non-AC Seater,56,150.0,2025-11-10,Monday,2025-10-14,27,False,0.85,0.985,31,55.36
264,Mumbai,Goa,Mumbai -> Goa,590,2,Volvo AC Semi-Sleeper,42,1240.0,2025-12-13,Saturday,2025-11-12,31,False,1.25,1.025,31,73.81
265,Hyderabad,Vijayawada,Hyderabad -> Vijayawada,275,2,Non-AC Seater,48,260.0,2025-10-24,Friday,2025-10-07,17,False,1.15,0.9,37,77.08
266,Ahmedabad,Surat,Ahmedabad -> Surat,265,1,AC Seater,43,480.0,2026-04-04,Saturday,2026-03-12,23,False,1.25,1.065,39,90.7
267,Ahmedabad,Surat,Ahmedabad -> Surat,265,1,AC Seater,45,480.0,2025-12-13,Saturday,2025-11-29,14,False,1.25,1.065,33,73.33
268,Jaipur,Udaipur,Jaipur -> Udaipur,400,3,Non-AC Seater,49,470.0,2025-12-15,Monday,2025-11-28,17,False,0.85,1.119,15,30.61
269,Pune,Kolhapur,Pune -> Kolhapur,230,2,Volvo AC Semi-Sleeper,41,440.0,2025-09-03,Wednesday,2025-08-15,19,False,0.82,0.933,24,58.54
270,Ahmedabad,Surat,Ahmedabad -> Surat,265,1,AC Sleeper,29,600.0,2025-08-21,Thursday,2025-07-24,28,False,0.95,0.984,28,96.55
271,Pune,Nashik,Pune -> Nashik,210,3,AC Seater,45,390.0,2026-03-25,Wednesday,2026-02-21,32,False,0.82,1.092,17,37.78
272,Ahmedabad,Surat,Ahmedabad -> Surat,265,1,AC Sleeper,30,610.0,2026-03-28,Saturday,2026-03-07,21,False,1.25,1.001,30,100.0
273,Bangalore,Coimbatore,Bangalore -> Coimbatore,365,2,AC Seater,41,680.0,2025-09-23,Tuesday,2025-09-07,16,False,0.8,1.096,17,41.46
274,Surat,Mumbai,Surat -> Mumbai,285,2,Non-AC Seater,54,300.0,2025-11-02,Sunday,2025-10-04,29,True,1.1,1.003,39,72.22
275,Chennai,Coimbatore,Chennai -> Coimbatore,500,2,Non-AC Sleeper,32,720.0,2026-01-26,Monday,2026-01-01,25,True,0.85,0.993,19,59.38
276,Mumbai,Shirdi,Mumbai -> Shirdi,250,2,AC Seater,40,470.0,2025-08-30,Saturday,2025-08-01,29,False,1.25,1.106,30,75.0
277,Ahmedabad,Mumbai,Ahmedabad -> Mumbai,525,2,Volvo AC Semi-Sleeper,38,1090.0,2025-09-24,Wednesday,2025-08-11,44,False,0.82,1.013,23,60.53
278,Pune,Kolhapur,Pune -> Kolhapur,230,2,Non-AC Seater,50,210.0,2025-12-05,Friday,2025-11-18,17,False,1.15,0.87,38,76.0
279,Mumbai,Shirdi,Mumbai -> Shirdi,250,2,Volvo AC Semi-Sleeper,38,530.0,2025-11-16,Sunday,2025-10-31,16,False,1.1,1.034,22,57.89
280,Chennai,Coimbatore,Chennai -> Coimbatore,500,2,Volvo AC Semi-Sleeper,40,1030.0,2026-03-08,Sunday,2026-02-17,19,False,1.1,1.005,32,80.0
281,Ahmedabad,Mumbai,Ahmedabad -> Mumbai,525,2,Volvo AC Semi-Sleeper,38,1140.0,2026-04-30,Thursday,2026-04-05,25,False,0.95,1.059,21,55.26
282,Chennai,Coimbatore,Chennai -> Coimbatore,500,2,Volvo AC Semi-Sleeper,38,1130.0,2026-03-16,Monday,2026-02-20,24,False,0.85,1.102,15,39.47
283,Hyderabad,Vijayawada,Hyderabad -> Vijayawada,275,2,Non-AC Seater,56,310.0,2025-11-23,Sunday,2025-10-19,35,False,1.1,1.074,42,75.0
284,Delhi,Jaipur,Delhi -> Jaipur,280,1,Non-AC Seater,54,320.0,2026-05-03,Sunday,2026-04-13,20,False,1.1,1.088,33,61.11
285,Pune,Kolhapur,Pune -> Kolhapur,230,2,Volvo AC Semi-Sleeper,40,490.0,2025-12-24,Wednesday,2025-11-16,38,True,0.82,1.039,25,62.5
286,Mumbai,Pune,Mumbai -> Pune,150,1,Non-AC Sleeper,36,210.0,2026-05-20,Wednesday,2026-05-05,15,False,0.82,0.966,20,55.56
287,Bangalore,Goa,Bangalore -> Goa,560,3,Non-AC Sleeper,35,750.0,2025-09-12,Friday,2025-08-04,39,False,1.15,0.924,25,71.43
288,Delhi,Jaipur,Delhi -> Jaipur,280,1,Non-AC Sleeper,32,440.0,2026-03-04,Wednesday,2026-02-08,24,True,0.82,1.084,26,81.25
289,Bangalore,Mysore,Bangalore -> Mysore,145,1,AC Sleeper,33,350.0,2026-01-01,Thursday,2025-11-27,35,True,0.95,1.049,28,84.85
290,Hyderabad,Bangalore,Hyderabad -> Bangalore,570,2,Non-AC Seater,52,680.0,2026-01-23,Friday,2025-12-30,24,False,1.15,1.136,35,67.31
291,Hyderabad,Vijayawada,Hyderabad -> Vijayawada,275,2,Non-AC Seater,48,320.0,2026-03-14,Saturday,2026-02-10,32,False,1.25,1.108,42,87.5
292,Mumbai,Nashik,Mumbai -> Nashik,170,2,Volvo AC Semi-Sleeper,40,380.0,2026-04-06,Monday,2026-02-28,37,False,0.85,1.09,28,70.0
293,Bangalore,Chennai,Bangalore -> Chennai,350,1,Volvo AC Semi-Sleeper,40,750.0,2026-01-24,Saturday,2026-01-05,19,True,1.25,1.045,33,82.5
294,Bangalore,Hyderabad,Bangalore -> Hyderabad,570,2,AC Seater,45,940.0,2026-04-02,Thursday,2026-02-24,37,False,0.95,0.97,33,73.33
295,Bangalore,Goa,Bangalore -> Goa,560,3,Non-AC Sleeper,36,850.0,2026-02-04,Wednesday,2026-01-03,32,False,0.82,1.047,10,27.78
296,Chennai,Madurai,Chennai -> Madurai,460,2,AC Sleeper,34,1040.0,2025-10-03,Friday,2025-08-30,34,True,1.15,0.983,33,97.06
297,Bangalore,Mysore,Bangalore -> Mysore,145,1,AC Seater,44,240.0,2025-12-14,Sunday,2025-11-22,22,False,1.1,0.974,39,88.64
298,Mumbai,Shirdi,Mumbai -> Shirdi,250,2,Volvo AC Semi-Sleeper,38,530.0,2025-09-13,Saturday,2025-08-10,34,False,1.25,1.034,36,94.74
299,Delhi,Dehradun,Delhi -> Dehradun,250,2,AC Sleeper,30,550.0,2025-08-07,Thursday,2025-06-29,39,False,0.95,0.957,16,53.33
300,Pune,Nashik,Pune -> Nashik,210,3,Non-AC Seater,55,240.0,2026-04-08,Wednesday,2026-03-18,21,False,0.82,1.088,21,38.18
301,Surat,Mumbai,Surat -> Mumbai,285,2,AC Sleeper,29,620.0,2025-09-13,Saturday,2025-08-06,38,False,1.25,0.946,26,89.66
302,Mumbai,Shirdi,Mumbai -> Shirdi,250,2,AC Seater,41,440.0,2026-06-01,Monday,2026-04-19,43,False,0.85,1.035,18,43.9
303,Delhi,Dehradun,Delhi -> Dehradun,250,2,AC Seater,45,450.0,2026-01-28,Wednesday,2025-12-21,38,True,0.82,1.059,32,71.11
304,Kolkata,Digha,Kolkata -> Digha,185,3,Non-AC Sleeper,34,250.0,2025-11-11,Tuesday,2025-10-08,34,False,0.8,0.932,16,47.06
305,Mumbai,Nashik,Mumbai -> Nashik,170,2,AC Seater,44,280.0,2026-06-22,Monday,2026-05-25,28,False,0.85,0.969,20,45.45
306,Delhi,Agra,Delhi -> Agra,230,2,Non-AC Sleeper,30,330.0,2026-03-22,Sunday,2026-02-08,42,False,1.1,0.99,22,73.33
307,Kochi,Bangalore,Kochi -> Bangalore,550,3,AC Sleeper,30,1410.0,2025-12-26,Friday,2025-11-15,41,True,1.15,1.115,25,83.33
308,Ahmedabad,Surat,Ahmedabad -> Surat,265,1,AC Seater,41,460.0,2026-03-23,Monday,2026-02-22,29,False,0.85,1.021,31,75.61
309,Chennai,Coimbatore,Chennai -> Coimbatore,500,2,AC Sleeper,33,1070.0,2025-11-20,Thursday,2025-10-25,26,False,0.95,0.93,16,48.48
310,Surat,Mumbai,Surat -> Mumbai,285,2,Volvo AC Semi-Sleeper,42,630.0,2026-06-08,Monday,2026-04-24,45,False,0.85,1.078,26,61.9
311,Mumbai,Pune,Mumbai -> Pune,150,1,AC Sleeper,34,370.0,2026-04-12,Sunday,2026-03-26,17,True,1.1,1.072,23,67.65
312,Chennai,Madurai,Chennai -> Madurai,460,2,AC Sleeper,31,990.0,2026-02-18,Wednesday,2026-01-15,34,False,0.82,0.936,19,61.29
313,Delhi,Jaipur,Delhi -> Jaipur,280,1,AC Seater,41,490.0,2025-10-25,Saturday,2025-09-30,25,False,1.25,1.029,35,85.37
314,Bangalore,Mysore,Bangalore -> Mysore,145,1,AC Seater,41,260.0,2025-11-05,Wednesday,2025-09-25,41,False,0.82,1.055,31,75.61
315,Hyderabad,Bangalore,Hyderabad -> Bangalore,570,2,Non-AC Seater,51,570.0,2025-08-03,Sunday,2025-07-06,28,False,1.1,0.952,34,66.67
316,Jaipur,Udaipur,Jaipur -> Udaipur,400,3,Non-AC Seater,55,380.0,2026-03-22,Sunday,2026-02-12,38,False,1.1,0.905,38,69.09
317,Delhi,Jaipur,Delhi -> Jaipur,280,1,Non-AC Seater,49,340.0,2025-12-08,Monday,2025-11-15,23,False,0.85,1.156,30,61.22
318,Pune,Nashik,Pune -> Nashik,210,3,Volvo AC Semi-Sleeper,38,420.0,2025-12-12,Friday,2025-11-09,33,False,1.15,0.976,21,55.26
319,Ahmedabad,Surat,Ahmedabad -> Surat,265,1,Volvo AC Semi-Sleeper,39,490.0,2026-06-23,Tuesday,2026-05-10,44,False,0.8,0.902,29,74.36
320,Mumbai,Shirdi,Mumbai -> Shirdi,250,2,Non-AC Sleeper,35,350.0,2026-01-06,Tuesday,2025-11-25,42,False,0.8,0.966,22,62.86
321,Pune,Kolhapur,Pune -> Kolhapur,230,2,AC Sleeper,31,570.0,2025-09-07,Sunday,2025-08-06,32,False,1.1,1.078,20,64.52
322,Pune,Nashik,Pune -> Nashik,210,3,Non-AC Seater,51,220.0,2025-10-21,Tuesday,2025-09-21,30,True,0.8,0.998,23,45.1
323,Bangalore,Hyderabad,Bangalore -> Hyderabad,570,2,AC Sleeper,33,1480.0,2026-03-06,Friday,2026-02-20,14,True,1.15,1.129,21,63.64
324,Kochi,Bangalore,Kochi -> Bangalore,550,3,Non-AC Seater,52,510.0,2026-03-16,Monday,2026-02-07,37,False,0.85,0.883,17,32.69
325,Mumbai,Goa,Mumbai -> Goa,590,2,Volvo AC Semi-Sleeper,39,1200.0,2025-11-15,Saturday,2025-10-27,19,False,1.25,0.992,29,74.36
326,Bangalore,Mysore,Bangalore -> Mysore,145,1,AC Seater,40,260.0,2026-04-12,Sunday,2026-03-18,25,True,1.1,1.055,39,97.5
327,Bangalore,Coimbatore,Bangalore -> Coimbatore,365,2,AC Sleeper,32,910.0,2026-05-05,Tuesday,2026-03-23,43,False,0.8,1.084,17,53.12
328,Bangalore,Mysore,Bangalore -> Mysore,145,1,AC Seater,41,260.0,2026-03-26,Thursday,2026-02-15,39,False,0.95,1.055,33,80.49
329,Pune,Nashik,Pune -> Nashik,210,3,Non-AC Sleeper,31,280.0,2026-05-25,Monday,2026-04-23,32,False,0.85,0.92,14,45.16
330,Ahmedabad,Surat,Ahmedabad -> Surat,265,1,Volvo AC Semi-Sleeper,38,500.0,2025-11-11,Tuesday,2025-10-11,31,False,0.8,0.92,27,71.05
331,Bangalore,Hyderabad,Bangalore -> Hyderabad,570,2,Non-AC Seater,52,510.0,2025-08-18,Monday,2025-08-02,16,False,0.85,0.852,27,51.92
332,Bangalore,Mysore,Bangalore -> Mysore,145,1,Volvo AC Semi-Sleeper,41,260.0,2025-11-21,Friday,2025-10-18,34,False,1.15,0.875,34,82.93
333,Delhi,Dehradun,Delhi -> Dehradun,250,2,Volvo AC Semi-Sleeper,39,470.0,2025-09-25,Thursday,2025-09-09,16,False,0.95,0.917,16,41.03
334,Ahmedabad,Surat,Ahmedabad -> Surat,265,1,AC Seater,44,450.0,2025-12-30,Tuesday,2025-11-20,40,True,0.8,0.999,40,90.91
335,Mumbai,Nashik,Mumbai -> Nashik,170,2,Non-AC Seater,51,190.0,2025-12-10,Wednesday,2025-11-08,32,False,0.82,1.064,21,41.18
336,Bangalore,Chennai,Bangalore -> Chennai,350,1,AC Seater,44,600.0,2026-01-27,Tuesday,2025-12-20,38,True,0.8,1.008,38,86.36
337,Delhi,Agra,Delhi -> Agra,230,2,Non-AC Sleeper,32,310.0,2025-12-01,Monday,2025-10-28,34,False,0.85,0.93,25,78.12
338,Pune,Kolhapur,Pune -> Kolhapur,230,2,AC Sleeper,33,480.0,2026-04-10,Friday,2026-03-25,16,False,1.15,0.907,19,57.58
339,Bangalore,Coimbatore,Bangalore -> Coimbatore,365,2,Non-AC Seater,49,420.0,2025-09-28,Sunday,2025-09-13,15,False,1.1,1.096,26,53.06
340,Bangalore,Goa,Bangalore -> Goa,560,3,AC Sleeper,34,1170.0,2026-06-25,Thursday,2026-05-22,34,False,0.95,0.908,13,38.24
341,Pune,Nashik,Pune -> Nashik,210,3,Non-AC Sleeper,36,330.0,2025-12-09,Tuesday,2025-10-26,44,False,0.8,1.084,16,44.44
342,Kochi,Bangalore,Kochi -> Bangalore,550,3,Volvo AC Semi-Sleeper,42,1040.0,2026-02-22,Sunday,2026-02-01,21,False,1.1,0.922,18,42.86
343,Chennai,Coimbatore,Chennai -> Coimbatore,500,2,AC Sleeper,34,1220.0,2025-11-05,Wednesday,2025-10-22,14,False,0.82,1.061,17,50.0
344,Hyderabad,Bangalore,Hyderabad -> Bangalore,570,2,AC Sleeper,31,1420.0,2025-12-02,Tuesday,2025-10-27,36,False,0.8,1.083,16,51.61
345,Chennai,Coimbatore,Chennai -> Coimbatore,500,2,Non-AC Seater,52,540.0,2025-08-17,Sunday,2025-07-23,25,True,1.1,1.029,51,98.08
346,Chennai,Madurai,Chennai -> Madurai,460,2,AC Sleeper,29,1040.0,2025-10-26,Sunday,2025-09-18,38,False,1.1,0.983,21,72.41
347,Mumbai,Goa,Mumbai -> Goa,590,2,Volvo AC Semi-Sleeper,39,1180.0,2026-02-03,Tuesday,2025-12-27,38,False,0.8,0.976,27,69.23
348,Bangalore,Chennai,Bangalore -> Chennai,350,1,Non-AC Seater,52,350.0,2025-12-29,Monday,2025-11-27,32,False,0.85,0.952,34,65.38
349,Delhi,Jaipur,Delhi -> Jaipur,280,1,AC Sleeper,33,560.0,2025-08-23,Saturday,2025-08-09,14,False,1.25,0.87,29,87.88
350,Pune,Kolhapur,Pune -> Kolhapur,230,2,Non-AC Sleeper,36,340.0,2026-04-17,Friday,2026-03-29,19,False,1.15,1.019,22,61.11
351,Ahmedabad,Mumbai,Ahmedabad -> Mumbai,525,2,Volvo AC Semi-Sleeper,38,1070.0,2026-01-04,Sunday,2025-11-25,40,False,1.1,0.994,33,86.84
352,Kolkata,Digha,Kolkata -> Digha,185,3,Non-AC Sleeper,30,250.0,2026-01-05,Monday,2025-12-04,32,False,0.85,0.932,16,53.33
353,Chennai,Coimbatore,Chennai -> Coimbatore,500,2,Non-AC Seater,50,480.0,2026-03-15,Sunday,2026-02-01,42,False,1.1,0.914,31,62.0
354,Mumbai,Goa,Mumbai -> Goa,590,2,Non-AC Sleeper,31,840.0,2026-01-21,Wednesday,2026-01-02,19,False,0.82,0.982,16,51.61
355,Mumbai,Nashik,Mumbai -> Nashik,170,2,Non-AC Seater,53,170.0,2026-05-14,Thursday,2026-04-19,25,False,0.95,0.952,23,43.4
356,Bangalore,Goa,Bangalore -> Goa,560,3,AC Seater,40,920.0,2025-11-22,Saturday,2025-10-31,22,False,1.25,0.966,23,57.5
357,Kolkata,Digha,Kolkata -> Digha,185,3,AC Sleeper,30,470.0,2025-10-08,Wednesday,2025-09-23,15,False,0.82,1.105,10,33.33
358,Kolkata,Digha,Kolkata -> Digha,185,3,AC Sleeper,28,380.0,2025-08-17,Sunday,2025-07-31,17,True,1.1,0.893,17,60.71
359,Chennai,Coimbatore,Chennai -> Coimbatore,500,2,AC Sleeper,30,1260.0,2025-09-10,Wednesday,2025-07-28,44,False,0.82,1.096,17,56.67
360,Delhi,Dehradun,Delhi -> Dehradun,250,2,Non-AC Seater,55,260.0,2025-09-17,Wednesday,2025-08-03,45,False,0.82,0.99,30,54.55
361,Chennai,Coimbatore,Chennai -> Coimbatore,500,2,Non-AC Seater,49,500.0,2025-12-12,Friday,2025-11-14,28,False,1.15,0.952,37,75.51
362,Kolkata,Digha,Kolkata -> Digha,185,3,Non-AC Seater,53,210.0,2026-06-05,Friday,2026-05-17,19,False,1.15,1.081,44,83.02
363,Ahmedabad,Mumbai,Ahmedabad -> Mumbai,525,2,Volvo AC Semi-Sleeper,39,1070.0,2026-01-14,Wednesday,2025-12-22,23,True,0.82,0.994,25,64.1
364,Kochi,Bangalore,Kochi -> Bangalore,550,3,Volvo AC Semi-Sleeper,39,1100.0,2026-04-22,Wednesday,2026-03-21,32,False,0.82,0.976,18,46.15
365,Chennai,Coimbatore,Chennai -> Coimbatore,500,2,Non-AC Seater,53,480.0,2025-11-15,Saturday,2025-10-01,45,False,1.25,0.914,46,86.79
366,Mumbai,Goa,Mumbai -> Goa,590,2,AC Sleeper,34,1390.0,2026-02-09,Monday,2026-01-15,25,False,0.85,1.024,20,58.82
367,Delhi,Chandigarh,Delhi -> Chandigarh,250,2,Non-AC Sleeper,33,370.0,2025-12-22,Monday,2025-11-26,26,False,0.85,1.021,17,51.52
368,Kolkata,Digha,Kolkata -> Digha,185,3,Volvo AC Semi-Sleeper,42,370.0,2026-04-15,Wednesday,2026-03-22,24,True,0.82,0.976,21,50.0
369,Bangalore,Chennai,Bangalore -> Chennai,350,1,Non-AC Sleeper,36,500.0,2026-02-06,Friday,2026-01-14,23,False,1.15,0.985,29,80.56
370,Delhi,Chandigarh,Delhi -> Chandigarh,250,2,AC Seater,43,410.0,2026-06-20,Saturday,2026-05-26,25,False,1.25,0.965,29,67.44
371,Mumbai,Nashik,Mumbai -> Nashik,170,2,AC Seater,43,270.0,2025-09-01,Monday,2025-08-02,30,False,0.85,0.934,21,48.84
372,Delhi,Dehradun,Delhi -> Dehradun,250,2,Volvo AC Semi-Sleeper,39,480.0,2026-04-17,Friday,2026-03-16,32,False,1.15,0.937,23,58.97
373,Delhi,Dehradun,Delhi -> Dehradun,250,2,AC Sleeper,31,620.0,2025-10-25,Saturday,2025-09-10,45,False,1.25,1.078,31,100.0
374,Kolkata,Digha,Kolkata -> Digha,185,3,Non-AC Seater,53,200.0,2026-06-27,Saturday,2026-06-12,15,False,1.25,1.03,26,49.06
375,Delhi,Chandigarh,Delhi -> Chandigarh,250,2,Volvo AC Semi-Sleeper,42,570.0,2025-12-09,Tuesday,2025-10-27,43,False,0.8,1.112,19,45.24
376,Hyderabad,Bangalore,Hyderabad -> Bangalore,570,2,Volvo AC Semi-Sleeper,38,1040.0,2026-06-08,Monday,2026-05-04,35,False,0.85,0.89,26,68.42
377,Surat,Mumbai,Surat -> Mumbai,285,2,Non-AC Sleeper,30,430.0,2025-08-09,Saturday,2025-07-22,18,False,1.25,1.041,18,60.0
378,Ahmedabad,Surat,Ahmedabad -> Surat,265,1,AC Seater,42,450.0,2025-12-29,Monday,2025-12-15,14,False,0.85,0.999,22,52.38
379,Hyderabad,Bangalore,Hyderabad -> Bangalore,570,2,AC Sleeper,34,1440.0,2025-11-19,Wednesday,2025-10-05,45,False,0.82,1.098,21,61.76
380,Bangalore,Goa,Bangalore -> Goa,560,3,Volvo AC Semi-Sleeper,40,1080.0,2026-03-12,Thursday,2026-02-21,19,False,0.95,0.941,16,40.0
381,Bangalore,Mysore,Bangalore -> Mysore,145,1,AC Sleeper,29,340.0,2026-01-13,Tuesday,2025-12-23,21,True,0.8,1.019,22,75.86
382,Kochi,Bangalore,Kochi -> Bangalore,550,3,Non-AC Seater,56,640.0,2026-05-11,Monday,2026-04-21,20,False,0.85,1.108,16,28.57
383,Kolkata,Digha,Kolkata -> Digha,185,3,Non-AC Sleeper,36,260.0,2026-05-20,Wednesday,2026-05-03,17,False,0.82,0.969,11,30.56
384,Mumbai,Goa,Mumbai -> Goa,590,2,AC Seater,44,1000.0,2025-10-21,Tuesday,2025-09-19,32,True,0.8,0.997,28,63.64
385,Delhi,Jaipur,Delhi -> Jaipur,280,1,Volvo AC Semi-Sleeper,41,560.0,2026-02-19,Thursday,2026-01-07,43,False,0.95,0.976,38,92.68
386,Bangalore,Goa,Bangalore -> Goa,560,3,Non-AC Seater,51,520.0,2026-05-21,Thursday,2026-04-12,39,False,0.95,0.884,28,54.9
387,Pune,Kolhapur,Pune -> Kolhapur,230,2,Volvo AC Semi-Sleeper,38,450.0,2025-11-03,Monday,2025-09-27,37,True,0.85,0.954,34,89.47
388,Ahmedabad,Surat,Ahmedabad -> Surat,265,1,Non-AC Seater,48,280.0,2026-01-16,Friday,2025-12-19,28,True,1.15,1.006,43,89.58
389,Bangalore,Mysore,Bangalore -> Mysore,145,1,AC Sleeper,32,350.0,2025-09-24,Wednesday,2025-09-07,17,False,0.82,1.049,16,50.0
390,Bangalore,Goa,Bangalore -> Goa,560,3,AC Sleeper,32,1130.0,2026-02-10,Tuesday,2026-01-13,28,False,0.8,0.877,16,50.0
391,Kochi,Bangalore,Kochi -> Bangalore,550,3,Non-AC Sleeper,36,740.0,2025-10-11,Saturday,2025-09-09,32,False,1.25,0.928,22,61.11
392,Pune,Nashik,Pune -> Nashik,210,3,Non-AC Sleeper,32,280.0,2026-01-18,Sunday,2025-12-05,44,False,1.1,0.92,14,43.75
393,Pune,Nashik,Pune -> Nashik,210,3,Non-AC Sleeper,31,330.0,2026-04-27,Monday,2026-04-06,21,False,0.85,1.084,12,38.71
394,Mumbai,Goa,Mumbai -> Goa,590,2,Non-AC Sleeper,34,920.0,2026-05-22,Friday,2026-04-18,34,False,1.15,1.075,27,79.41
395,Bangalore,Coimbatore,Bangalore -> Coimbatore,365,2,Non-AC Sleeper,30,480.0,2025-12-22,Monday,2025-12-02,20,False,0.85,0.907,15,50.0
396,Hyderabad,Vijayawada,Hyderabad -> Vijayawada,275,2,AC Seater,45,520.0,2026-03-09,Monday,2026-02-22,15,False,0.85,1.112,23,51.11
397,Pune,Kolhapur,Pune -> Kolhapur,230,2,AC Sleeper,31,580.0,2025-11-09,Sunday,2025-10-14,26,False,1.1,1.096,21,67.74
398,Mumbai,Nashik,Mumbai -> Nashik,170,2,AC Seater,45,310.0,2026-05-31,Sunday,2026-05-14,17,False,1.1,1.073,30,66.67
399,Bangalore,Hyderabad,Bangalore -> Hyderabad,570,2,Non-AC Seater,48,540.0,2026-05-05,Tuesday,2026-03-29,37,False,0.8,0.902,26,54.17
400,Hyderabad,Vijayawada,Hyderabad -> Vijayawada,275,2,Non-AC Seater,56,290.0,2026-03-24,Tuesday,2026-02-26,26,False,0.8,1.004,30,53.57
401,Jaipur,Udaipur,Jaipur -> Udaipur,400,3,Non-AC Sleeper,36,640.0,2025-08-22,Friday,2025-07-30,23,False,1.15,1.103,20,55.56
402,Bangalore,Hyderabad,Bangalore -> Hyderabad,570,2,AC Sleeper,29,1240.0,2025-10-05,Sunday,2025-08-22,44,False,1.1,0.946,21,72.41
403,Pune,Nashik,Pune -> Nashik,210,3,Non-AC Seater,54,230.0,2026-05-16,Saturday,2026-04-15,31,False,1.25,1.043,32,59.26
404,Ahmedabad,Mumbai,Ahmedabad -> Mumbai,525,2,Non-AC Seater,56,610.0,2025-11-29,Saturday,2025-10-16,44,False,1.25,1.107,53,94.64
405,Delhi,Jaipur,Delhi -> Jaipur,280,1,Non-AC Seater,56,300.0,2026-04-22,Wednesday,2026-03-27,26,False,0.82,1.02,33,58.93
406,Hyderabad,Vijayawada,Hyderabad -> Vijayawada,275,2,Volvo AC Semi-Sleeper,42,630.0,2025-12-24,Wednesday,2025-11-18,36,True,0.82,1.118,28,66.67
407,Jaipur,Udaipur,Jaipur -> Udaipur,400,3,Non-AC Sleeper,33,570.0,2025-12-30,Tuesday,2025-12-08,22,True,0.8,0.983,17,51.52
408,Bangalore,Goa,Bangalore -> Goa,560,3,Non-AC Seater,51,520.0,2026-03-30,Monday,2026-03-14,16,False,0.85,0.884,19,37.25
409,Hyderabad,Bangalore,Hyderabad -> Bangalore,570,2,AC Sleeper,33,1460.0,2025-12-27,Saturday,2025-11-17,40,True,1.25,1.114,33,100.0
410,Delhi,Jaipur,Delhi -> Jaipur,280,1,Non-AC Seater,48,270.0,2026-05-14,Thursday,2026-04-24,20,False,0.95,0.918,38,79.17
411,Bangalore,Hyderabad,Bangalore -> Hyderabad,570,2,Volvo AC Semi-Sleeper,42,1170.0,2025-10-12,Sunday,2025-09-07,35,False,1.1,1.001,32,76.19
412,Kolkata,Digha,Kolkata -> Digha,185,3,Volvo AC Semi-Sleeper,42,350.0,2026-02-04,Wednesday,2026-01-20,15,False,0.82,0.923,15,35.71
413,Bangalore,Coimbatore,Bangalore -> Coimbatore,365,2,Non-AC Seater,56,350.0,2025-08-22,Friday,2025-08-04,18,False,1.15,0.913,42,75.0
414,Hyderabad,Bangalore,Hyderabad -> Bangalore,570,2,AC Seater,45,980.0,2026-03-08,Sunday,2026-02-02,34,False,1.1,1.011,37,82.22
415,Jaipur,Udaipur,Jaipur -> Udaipur,400,3,AC Seater,43,700.0,2026-04-24,Friday,2026-03-21,34,False,1.15,1.029,24,55.81
416,Ahmedabad,Surat,Ahmedabad -> Surat,265,1,AC Sleeper,34,590.0,2025-09-07,Sunday,2025-08-22,16,False,1.1,0.968,28,82.35
417,Chennai,Coimbatore,Chennai -> Coimbatore,500,2,AC Seater,42,940.0,2025-12-24,Wednesday,2025-11-13,41,True,0.82,1.106,26,61.9
418,Bangalore,Goa,Bangalore -> Goa,560,3,AC Seater,44,960.0,2025-12-19,Friday,2025-11-30,19,False,1.15,1.008,20,45.45
419,Delhi,Jaipur,Delhi -> Jaipur,280,1,AC Seater,41,500.0,2026-03-06,Friday,2026-02-15,19,True,1.15,1.05,36,87.8
420,Bangalore,Mysore,Bangalore -> Mysore,145,1,Volvo AC Semi-Sleeper,39,310.0,2026-05-28,Thursday,2026-05-09,19,False,0.95,1.043,28,71.79
421,Delhi,Agra,Delhi -> Agra,230,2,Volvo AC Semi-Sleeper,41,430.0,2025-10-02,Thursday,2025-08-31,32,True,0.95,0.912,41,100.0
422,Chennai,Madurai,Chennai -> Madurai,460,2,Non-AC Sleeper,33,670.0,2026-06-08,Monday,2026-05-12,27,False,0.85,1.004,17,51.52
423,Bangalore,Chennai,Bangalore -> Chennai,350,1,Volvo AC Semi-Sleeper,38,710.0,2026-01-09,Friday,2025-11-27,43,False,1.15,0.99,38,100.0
424,Bangalore,Mysore,Bangalore -> Mysore,145,1,Volvo AC Semi-Sleeper,38,300.0,2025-10-20,Monday,2025-09-29,21,True,0.85,1.009,26,68.42
425,Delhi,Agra,Delhi -> Agra,230,2,AC Sleeper,32,600.0,2025-08-17,Sunday,2025-08-03,14,True,1.1,1.134,23,71.88
426,Chennai,Coimbatore,Chennai -> Coimbatore,500,2,Non-AC Sleeper,36,720.0,2026-03-27,Friday,2026-03-12,15,False,1.15,0.993,14,38.89
427,Ahmedabad,Mumbai,Ahmedabad -> Mumbai,525,2,Volvo AC Semi-Sleeper,41,1150.0,2026-03-04,Wednesday,2026-01-21,42,True,0.82,1.069,28,68.29
428,Bangalore,Mysore,Bangalore -> Mysore,145,1,Non-AC Sleeper,34,230.0,2026-04-14,Tuesday,2026-03-11,34,True,0.8,1.094,31,91.18
429,Bangalore,Hyderabad,Bangalore -> Hyderabad,570,2,AC Seater,42,1010.0,2026-03-09,Monday,2026-01-25,43,False,0.85,1.042,21,50.0
430,Kochi,Bangalore,Kochi -> Bangalore,550,3,AC Sleeper,30,1240.0,2026-02-26,Thursday,2026-01-18,39,False,0.95,0.98,17,56.67
431,Bangalore,Goa,Bangalore -> Goa,560,3,Non-AC Sleeper,30,810.0,2026-04-03,Friday,2026-03-03,31,False,1.15,0.998,12,40.0
432,Pune,Kolhapur,Pune -> Kolhapur,230,2,Non-AC Sleeper,35,310.0,2025-12-07,Sunday,2025-11-17,20,False,1.1,0.93,25,71.43
433,Bangalore,Goa,Bangalore -> Goa,560,3,AC Sleeper,28,1420.0,2026-04-06,Monday,2026-02-28,37,False,0.85,1.102,10,35.71
434,Bangalore,Chennai,Bangalore -> Chennai,350,1,Non-AC Sleeper,30,560.0,2026-04-25,Saturday,2026-04-07,18,False,1.25,1.103,25,83.33
435,Bangalore,Hyderabad,Bangalore -> Hyderabad,570,2,Non-AC Seater,51,600.0,2025-11-06,Thursday,2025-10-17,20,False,0.95,1.003,30,58.82
436,Surat,Mumbai,Surat -> Mumbai,285,2,AC Sleeper,33,690.0,2026-05-06,Wednesday,2026-04-17,19,False,0.82,1.053,15,45.45
437,Delhi,Dehradun,Delhi -> Dehradun,250,2,AC Seater,44,390.0,2026-01-07,Wednesday,2025-12-12,26,False,0.82,0.918,30,68.18
438,Bangalore,Chennai,Bangalore -> Chennai,350,1,AC Seater,41,540.0,2026-03-24,Tuesday,2026-02-21,31,False,0.8,0.908,28,68.29
439,Ahmedabad,Mumbai,Ahmedabad -> Mumbai,525,2,AC Sleeper,29,1200.0,2025-08-24,Sunday,2025-08-03,21,False,1.1,0.994,19,65.52
440,Jaipur,Udaipur,Jaipur -> Udaipur,400,3,Non-AC Sleeper,35,620.0,2025-10-08,Wednesday,2025-09-10,28,False,0.82,1.069,16,45.71
441,Bangalore,Mysore,Bangalore -> Mysore,145,1,Volvo AC Semi-Sleeper,39,290.0,2025-10-20,Monday,2025-10-01,19,True,0.85,0.976,31,79.49
442,Pune,Nashik,Pune -> Nashik,210,3,AC Seater,42,350.0,2026-03-28,Saturday,2026-03-07,21,False,1.25,0.98,17,40.48
443,Surat,Mumbai,Surat -> Mumbai,285,2,AC Sleeper,29,620.0,2025-11-13,Thursday,2025-10-19,25,False,0.95,0.946,20,68.97
444,Mumbai,Shirdi,Mumbai -> Shirdi,250,2,Non-AC Seater,51,250.0,2026-05-14,Thursday,2026-04-19,25,False,0.95,0.952,22,43.14
445,Surat,Mumbai,Surat -> Mumbai,285,2,AC Seater,43,530.0,2026-04-12,Sunday,2026-03-18,25,True,1.1,1.094,34,79.07
446,Chennai,Madurai,Chennai -> Madurai,460,2,AC Sleeper,32,1160.0,2026-02-24,Tuesday,2026-01-10,45,False,0.8,1.096,13,40.62
447,Chennai,Coimbatore,Chennai -> Coimbatore,500,2,AC Sleeper,31,1270.0,2026-05-24,Sunday,2026-04-24,30,False,1.1,1.104,23,74.19
448,Jaipur,Udaipur,Jaipur -> Udaipur,400,3,AC Seater,42,610.0,2026-03-25,Wednesday,2026-03-11,14,False,0.82,0.897,13,30.95
449,Hyderabad,Bangalore,Hyderabad -> Bangalore,570,2,Non-AC Sleeper,33,810.0,2026-01-12,Monday,2025-12-15,28,True,0.85,0.98,31,93.94
450,Hyderabad,Bangalore,Hyderabad -> Bangalore,570,2,AC Sleeper,31,1430.0,2026-06-26,Friday,2026-06-09,17,False,1.15,1.091,16,51.61
451,Delhi,Agra,Delhi -> Agra,230,2,AC Seater,41,420.0,2026-04-22,Wednesday,2026-03-15,38,False,0.82,1.074,21,51.22
452,Kochi,Bangalore,Kochi -> Bangalore,550,3,AC Sleeper,34,1390.0,2025-09-23,Tuesday,2025-08-30,24,False,0.8,1.099,14,41.18
453,Mumbai,Shirdi,Mumbai -> Shirdi,250,2,Non-AC Sleeper,35,370.0,2025-10-29,Wednesday,2025-09-25,34,False,0.82,1.021,21,60.0
454,Kolkata,Digha,Kolkata -> Digha,185,3,Non-AC Sleeper,32,270.0,2026-02-21,Saturday,2026-01-29,23,False,1.25,1.007,21,65.62
455,Pune,Kolhapur,Pune -> Kolhapur,230,2,Non-AC Seater,50,210.0,2025-10-04,Saturday,2025-08-31,34,True,1.25,0.87,50,100.0
456,Kolkata,Digha,Kolkata -> Digha,185,3,AC Sleeper,30,460.0,2025-08-02,Saturday,2025-06-28,35,False,1.25,1.081,14,46.67
457,Delhi,Chandigarh,Delhi -> Chandigarh,250,2,Non-AC Seater,54,290.0,2025-09-28,Sunday,2025-08-14,45,False,1.1,1.105,45,83.33
458,Bangalore,Chennai,Bangalore -> Chennai,350,1,Volvo AC Semi-Sleeper,42,650.0,2025-11-08,Saturday,2025-10-04,35,False,1.25,0.906,39,92.86
459,Kochi,Bangalore,Kochi -> Bangalore,550,3,Volvo AC Semi-Sleeper,40,1070.0,2025-10-18,Saturday,2025-09-24,24,True,1.25,0.949,27,67.5
460,Kochi,Bangalore,Kochi -> Bangalore,550,3,Non-AC Sleeper,31,790.0,2026-06-25,Thursday,2026-05-29,27,False,0.95,0.991,15,48.39
461,Delhi,Agra,Delhi -> Agra,230,2,AC Seater,44,420.0,2026-04-16,Thursday,2026-03-15,32,True,0.95,1.074,39,88.64
462,Bangalore,Goa,Bangalore -> Goa,560,3,AC Sleeper,33,1190.0,2026-03-14,Saturday,2026-02-28,14,False,1.25,0.924,21,63.64
463,Hyderabad,Bangalore,Hyderabad -> Bangalore,570,2,Non-AC Sleeper,32,750.0,2026-06-28,Sunday,2026-06-08,20,False,1.1,0.907,23,71.88
464,Pune,Kolhapur,Pune -> Kolhapur,230,2,Volvo AC Semi-Sleeper,40,510.0,2026-04-13,Monday,2026-03-28,16,True,0.85,1.082,24,60.0
465,Mumbai,Shirdi,Mumbai -> Shirdi,250,2,AC Seater,42,410.0,2026-04-06,Monday,2026-03-16,21,False,0.85,0.965,23,54.76
466,Pune,Nashik,Pune -> Nashik,210,3,Non-AC Seater,49,210.0,2025-12-23,Tuesday,2025-11-24,29,True,0.8,0.952,22,44.9
467,Delhi,Dehradun,Delhi -> Dehradun,250,2,Volvo AC Semi-Sleeper,40,540.0,2026-03-02,Monday,2026-02-12,18,True,0.85,1.054,21,52.5
468,Kochi,Bangalore,Kochi -> Bangalore,550,3,Non-AC Seater,51,560.0,2025-10-20,Monday,2025-09-07,43,True,0.85,0.97,32,62.75
469,Mumbai,Nashik,Mumbai -> Nashik,170,2,AC Seater,45,310.0,2026-04-01,Wednesday,2026-02-15,45,False,0.82,1.073,23,51.11
470,Mumbai,Goa,Mumbai -> Goa,590,2,Non-AC Sleeper,33,800.0,2025-09-27,Saturday,2025-09-08,19,False,1.25,0.935,26,78.79
471,Bangalore,Mysore,Bangalore -> Mysore,145,1,Non-AC Sleeper,31,220.0,2025-11-05,Wednesday,2025-10-16,20,False,0.82,1.046,16,51.61
472,Surat,Mumbai,Surat -> Mumbai,285,2,Non-AC Sleeper,35,390.0,2026-02-17,Tuesday,2026-01-26,22,False,0.8,0.944,19,54.29
473,Mumbai,Goa,Mumbai -> Goa,590,2,AC Seater,41,1110.0,2025-09-14,Sunday,2025-08-15,30,False,1.1,1.107,28,68.29
474,Bangalore,Mysore,Bangalore -> Mysore,145,1,Volvo AC Semi-Sleeper,39,320.0,2026-02-27,Friday,2026-02-01,26,False,1.15,1.077,33,84.62
475,Bangalore,Chennai,Bangalore -> Chennai,350,1,Non-AC Seater,48,380.0,2025-09-23,Tuesday,2025-08-27,27,False,0.8,1.034,31,64.58
476,Jaipur,Udaipur,Jaipur -> Udaipur,400,3,Non-AC Seater,49,470.0,2026-02-21,Saturday,2026-01-11,41,False,1.25,1.119,29,59.18
477,Bangalore,Chennai,Bangalore -> Chennai,350,1,Volvo AC Semi-Sleeper,38,640.0,2025-10-15,Wednesday,2025-09-04,41,False,0.82,0.892,26,68.42
478,Ahmedabad,Surat,Ahmedabad -> Surat,265,1,Non-AC Sleeper,32,390.0,2026-01-27,Tuesday,2025-12-20,38,True,0.8,1.015,30,93.75
479,Delhi,Jaipur,Delhi -> Jaipur,280,1,Non-AC Seater,49,330.0,2026-04-18,Saturday,2026-04-01,17,False,1.25,1.122,37,75.51
480,Delhi,Dehradun,Delhi -> Dehradun,250,2,Volvo AC Semi-Sleeper,40,560.0,2025-10-02,Thursday,2025-09-02,30,True,0.95,1.093,32,80.0
481,Kochi,Bangalore,Kochi -> Bangalore,550,3,AC Sleeper,28,1350.0,2026-05-01,Friday,2026-03-29,33,False,1.15,1.067,17,60.71
482,Bangalore,Hyderabad,Bangalore -> Hyderabad,570,2,Non-AC Sleeper,30,780.0,2025-11-11,Tuesday,2025-10-12,30,False,0.8,0.944,17,56.67
483,Delhi,Chandigarh,Delhi -> Chandigarh,250,2,Non-AC Sleeper,33,350.0,2026-02-11,Wednesday,2026-01-02,40,False,0.82,0.966,20,60.61
484,Jaipur,Udaipur,Jaipur -> Udaipur,400,3,Volvo AC Semi-Sleeper,42,770.0,2026-04-15,Wednesday,2026-03-09,37,True,0.82,0.939,22,52.38
485,Bangalore,Hyderabad,Bangalore -> Hyderabad,570,2,AC Sleeper,29,1200.0,2026-01-22,Thursday,2025-12-29,24,False,0.95,0.915,22,75.86
486,Jaipur,Udaipur,Jaipur -> Udaipur,400,3,Non-AC Sleeper,36,610.0,2026-04-29,Wednesday,2026-03-17,43,False,0.82,1.052,14,38.89
487,Mumbai,Shirdi,Mumbai -> Shirdi,250,2,Volvo AC Semi-Sleeper,39,530.0,2025-11-26,Wednesday,2025-10-22,35,False,0.82,1.034,19,48.72
488,Chennai,Coimbatore,Chennai -> Coimbatore,500,2,Non-AC Seater,56,460.0,2026-02-15,Sunday,2026-01-19,27,False,1.1,0.876,36,64.29
489,Delhi,Jaipur,Delhi -> Jaipur,280,1,Volvo AC Semi-Sleeper,38,610.0,2025-11-03,Monday,2025-10-01,33,True,0.85,1.063,28,73.68
490,Bangalore,Goa,Bangalore -> Goa,560,3,AC Sleeper,34,1420.0,2026-04-17,Friday,2026-03-25,23,False,1.15,1.102,17,50.0
491,Bangalore,Chennai,Bangalore -> Chennai,350,1,AC Sleeper,29,830.0,2025-11-21,Friday,2025-10-29,23,False,1.15,1.031,25,86.21
492,Delhi,Chandigarh,Delhi -> Chandigarh,250,2,Volvo AC Semi-Sleeper,42,450.0,2025-12-30,Tuesday,2025-12-09,21,True,0.8,0.878,28,66.67
493,Surat,Mumbai,Surat -> Mumbai,285,2,AC Sleeper,30,650.0,2026-02-04,Wednesday,2026-01-06,29,False,0.82,0.992,17,56.67
494,Mumbai,Nashik,Mumbai -> Nashik,170,2,Non-AC Sleeper,32,270.0,2026-04-07,Tuesday,2026-03-24,14,False,0.8,1.095,10,31.25
495,Ahmedabad,Surat,Ahmedabad -> Surat,265,1,AC Seater,42,400.0,2026-06-11,Thursday,2026-05-17,25,False,0.95,0.888,41,97.62
496,Delhi,Dehradun,Delhi -> Dehradun,250,2,Non-AC Sleeper,31,390.0,2025-10-14,Tuesday,2025-09-07,37,False,0.8,1.076,14,45.16
497,Delhi,Dehradun,Delhi -> Dehradun,250,2,Volvo AC Semi-Sleeper,39,520.0,2025-10-11,Saturday,2025-09-14,27,False,1.25,1.015,30,76.92
498,Jaipur,Udaipur,Jaipur -> Udaipur,400,3,AC Sleeper,29,860.0,2025-12-14,Sunday,2025-11-30,14,False,1.1,0.935,12,41.38
499,Bangalore,Coimbatore,Bangalore -> Coimbatore,365,2,Volvo AC Semi-Sleeper,40,770.0,2026-03-25,Wednesday,2026-02-28,25,False,0.82,1.029,21,52.5
500,Delhi,Dehradun,Delhi -> Dehradun,250,2,Volvo AC Semi-Sleeper,40,510.0,2025-09-10,Wednesday,2025-08-13,28,False,0.82,0.995,21,52.5
501,Mumbai,Nashik,Mumbai -> Nashik,170,2,AC Sleeper,30,430.0,2025-10-07,Tuesday,2025-08-28,40,False,0.8,1.1,19,63.33
502,Ahmedabad,Mumbai,Ahmedabad -> Mumbai,525,2,Non-AC Seater,51,560.0,2025-09-12,Friday,2025-08-25,18,False,1.15,1.016,42,82.35
503,Bangalore,Chennai,Bangalore -> Chennai,350,1,Volvo AC Semi-Sleeper,38,790.0,2026-05-28,Thursday,2026-04-18,40,False,0.95,1.101,32,84.21
504,Bangalore,Coimbatore,Bangalore -> Coimbatore,365,2,Volvo AC Semi-Sleeper,38,700.0,2025-09-14,Sunday,2025-08-29,16,False,1.1,0.936,19,50.0
505,Pune,Nashik,Pune -> Nashik,210,3,Non-AC Seater,51,250.0,2025-08-24,Sunday,2025-08-08,16,False,1.1,1.134,24,47.06
506,Mumbai,Nashik,Mumbai -> Nashik,170,2,Non-AC Seater,49,200.0,2026-04-02,Thursday,2026-03-01,32,False,0.95,1.12,33,67.35
507,Mumbai,Goa,Mumbai -> Goa,590,2,AC Sleeper,28,1490.0,2026-02-27,Friday,2026-02-04,23,False,1.15,1.098,21,75.0
508,Delhi,Jaipur,Delhi -> Jaipur,280,1,Non-AC Sleeper,33,420.0,2025-12-17,Wednesday,2025-11-19,28,False,0.82,1.034,24,72.73
509,Delhi,Agra,Delhi -> Agra,230,2,AC Seater,41,360.0,2026-01-03,Saturday,2025-12-07,27,True,1.25,0.921,37,90.24
510,Jaipur,Udaipur,Jaipur -> Udaipur,400,3,AC Sleeper,29,840.0,2026-04-09,Thursday,2026-03-19,21,False,0.95,0.913,16,55.17
511,Jaipur,Udaipur,Jaipur -> Udaipur,400,3,Volvo AC Semi-Sleeper,41,860.0,2025-11-18,Tuesday,2025-10-15,34,False,0.8,1.049,15,36.59
512,Ahmedabad,Surat,Ahmedabad -> Surat,265,1,Volvo AC Semi-Sleeper,38,580.0,2025-10-08,Wednesday,2025-09-15,23,False,0.82,1.068,25,65.79
513,Delhi,Dehradun,Delhi -> Dehradun,250,2,AC Seater,42,470.0,2026-03-18,Wednesday,2026-03-01,17,False,0.82,1.106,18,42.86
514,Bangalore,Hyderabad,Bangalore -> Hyderabad,570,2,Volvo AC Semi-Sleeper,40,1110.0,2025-11-21,Friday,2025-10-21,31,False,1.15,0.95,31,77.5
515,Bangalore,Hyderabad,Bangalore -> Hyderabad,570,2,AC Sleeper,31,1350.0,2026-02-20,Friday,2026-01-08,43,False,1.15,1.03,27,87.1
516,Mumbai,Shirdi,Mumbai -> Shirdi,250,2,AC Seater,44,440.0,2026-02-03,Tuesday,2025-12-30,35,False,0.8,1.035,18,40.91
517,Delhi,Jaipur,Delhi -> Jaipur,280,1,Non-AC Seater,54,290.0,2025-12-27,Saturday,2025-11-30,27,True,1.25,0.986,54,100.0
518,Mumbai,Goa,Mumbai -> Goa,590,2,Volvo AC Semi-Sleeper,39,1190.0,2026-05-05,Tuesday,2026-03-29,37,False,0.8,0.984,20,51.28
519,Jaipur,Udaipur,Jaipur -> Udaipur,400,3,AC Seater,45,690.0,2026-05-04,Monday,2026-04-19,15,False,0.85,1.015,11,24.44
520,Jaipur,Udaipur,Jaipur -> Udaipur,400,3,Volvo AC Semi-Sleeper,40,820.0,2025-08-28,Thursday,2025-07-26,33,True,0.95,1.0,18,45.0
521,Delhi,Dehradun,Delhi -> Dehradun,250,2,Volvo AC Semi-Sleeper,42,520.0,2026-01-11,Sunday,2025-12-08,34,False,1.1,1.015,25,59.52
522,Delhi,Jaipur,Delhi -> Jaipur,280,1,Volvo AC Semi-Sleeper,41,510.0,2025-12-15,Monday,2025-11-15,30,False,0.85,0.889,22,53.66
523,Delhi,Chandigarh,Delhi -> Chandigarh,250,2,Non-AC Sleeper,33,360.0,2026-06-03,Wednesday,2026-05-03,31,False,0.82,0.993,21,63.64
524,Chennai,Coimbatore,Chennai -> Coimbatore,500,2,Volvo AC Semi-Sleeper,42,1010.0,2026-02-13,Friday,2026-01-25,19,False,1.15,0.985,32,76.19
525,Bangalore,Mysore,Bangalore -> Mysore,145,1,AC Seater,40,220.0,2025-09-01,Monday,2025-07-29,34,False,0.85,0.892,32,80.0
526,Bangalore,Mysore,Bangalore -> Mysore,145,1,AC Seater,44,260.0,2026-03-25,Wednesday,2026-03-10,15,False,0.82,1.055,24,54.55
527,Pune,Kolhapur,Pune -> Kolhapur,230,2,Non-AC Sleeper,36,360.0,2025-09-21,Sunday,2025-08-08,44,False,1.1,1.079,32,88.89
528,Pune,Nashik,Pune -> Nashik,210,3,Non-AC Sleeper,34,290.0,2025-12-10,Wednesday,2025-11-06,34,False,0.82,0.952,15,44.12
529,Bangalore,Hyderabad,Bangalore -> Hyderabad,570,2,Non-AC Sleeper,32,780.0,2026-04-10,Friday,2026-03-20,21,False,1.15,0.944,24,75.0
530,Surat,Mumbai,Surat -> Mumbai,285,2,Volvo AC Semi-Sleeper,40,620.0,2026-01-11,Sunday,2025-12-01,41,False,1.1,1.061,23,57.5
531,Bangalore,Coimbatore,Bangalore -> Coimbatore,365,2,Volvo AC Semi-Sleeper,42,710.0,2025-10-14,Tuesday,2025-09-19,25,False,0.8,0.949,23,54.76
532,Bangalore,Chennai,Bangalore -> Chennai,350,1,AC Sleeper,29,820.0,2026-04-08,Wednesday,2026-02-22,45,False,0.82,1.019,18,62.07
533,Mumbai,Pune,Mumbai -> Pune,150,1,Volvo AC Semi-Sleeper,38,320.0,2026-01-23,Friday,2025-12-17,37,False,1.15,1.041,37,97.37
534,Ahmedabad,Surat,Ahmedabad -> Surat,265,1,Non-AC Sleeper,36,360.0,2025-12-05,Friday,2025-11-05,30,False,1.15,0.937,35,97.22
535,Delhi,Chandigarh,Delhi -> Chandigarh,250,2,Volvo AC Semi-Sleeper,39,500.0,2025-11-09,Sunday,2025-10-19,21,False,1.1,0.976,24,61.54
536,Kochi,Bangalore,Kochi -> Bangalore,550,3,Non-AC Sleeper,36,860.0,2026-02-10,Tuesday,2026-01-02,39,False,0.8,1.078,14,38.89
537,Kochi,Bangalore,Kochi -> Bangalore,550,3,AC Seater,40,950.0,2025-11-15,Saturday,2025-10-30,16,False,1.25,1.016,20,50.0
538,Hyderabad,Bangalore,Hyderabad -> Bangalore,570,2,Non-AC Seater,52,620.0,2025-12-16,Tuesday,2025-11-19,27,False,0.8,1.036,25,48.08
539,Delhi,Chandigarh,Delhi -> Chandigarh,250,2,AC Sleeper,33,550.0,2025-11-20,Thursday,2025-10-21,30,False,0.95,0.957,20,60.61
540,Mumbai,Shirdi,Mumbai -> Shirdi,250,2,Non-AC Sleeper,31,390.0,2026-06-25,Thursday,2026-05-28,28,False,0.95,1.076,20,64.52
541,Mumbai,Nashik,Mumbai -> Nashik,170,2,AC Seater,40,290.0,2026-04-10,Friday,2026-03-22,19,False,1.15,1.003,27,67.5
542,Mumbai,Pune,Mumbai -> Pune,150,1,Volvo AC Semi-Sleeper,39,280.0,2025-10-24,Friday,2025-09-20,34,False,1.15,0.911,32,82.05
543,Surat,Mumbai,Surat -> Mumbai,285,2,AC Seater,44,430.0,2025-08-22,Friday,2025-07-10,43,False,1.15,0.888,38,86.36
544,Hyderabad,Bangalore,Hyderabad -> Bangalore,570,2,Volvo AC Semi-Sleeper,38,1270.0,2025-09-04,Thursday,2025-08-17,18,False,0.95,1.087,21,55.26
545,Chennai,Madurai,Chennai -> Madurai,460,2,AC Sleeper,29,1040.0,2025-12-27,Saturday,2025-12-01,26,True,1.25,0.983,29,100.0
546,Mumbai,Nashik,Mumbai -> Nashik,170,2,Non-AC Sleeper,35,270.0,2025-09-12,Friday,2025-08-29,14,False,1.15,1.095,23,65.71
547,Hyderabad,Vijayawada,Hyderabad -> Vijayawada,275,2,Non-AC Seater,53,290.0,2026-05-29,Friday,2026-04-24,35,False,1.15,1.004,39,73.58
548,Mumbai,Shirdi,Mumbai -> Shirdi,250,2,Volvo AC Semi-Sleeper,39,530.0,2025-09-16,Tuesday,2025-08-10,37,False,0.8,1.034,20,51.28
549,Pune,Nashik,Pune -> Nashik,210,3,Non-AC Sleeper,36,300.0,2026-06-14,Sunday,2026-05-14,31,False,1.1,0.985,18,50.0
550,Bangalore,Hyderabad,Bangalore -> Hyderabad,570,2,Volvo AC Semi-Sleeper,40,1130.0,2026-04-04,Saturday,2026-03-14,21,False,1.25,0.967,31,77.5
551,Delhi,Dehradun,Delhi -> Dehradun,250,2,Non-AC Seater,48,280.0,2025-11-26,Wednesday,2025-11-01,25,False,0.82,1.067,21,43.75
552,Mumbai,Pune,Mumbai -> Pune,150,1,AC Seater,42,260.0,2025-10-22,Wednesday,2025-09-19,33,True,0.82,1.02,38,90.48
553,Delhi,Jaipur,Delhi -> Jaipur,280,1,AC Sleeper,31,680.0,2026-04-27,Monday,2026-04-12,15,False,0.85,1.056,17,54.84
554,Mumbai,Goa,Mumbai -> Goa,590,2,Volvo AC Semi-Sleeper,40,1240.0,2026-03-20,Friday,2026-02-27,21,False,1.15,1.025,26,65.0
555,Pune,Nashik,Pune -> Nashik,210,3,Non-AC Seater,55,220.0,2025-10-14,Tuesday,2025-09-25,19,False,0.8,0.998,15,27.27
556,Bangalore,Mysore,Bangalore -> Mysore,145,1,Non-AC Seater,49,170.0,2026-02-05,Thursday,2025-12-24,43,False,0.95,1.117,36,73.47
557,Bangalore,Mysore,Bangalore -> Mysore,145,1,AC Seater,43,220.0,2026-06-06,Saturday,2026-05-14,23,False,1.25,0.892,37,86.05
558,Kolkata,Digha,Kolkata -> Digha,185,3,Non-AC Sleeper,36,240.0,2026-05-18,Monday,2026-04-10,38,False,0.85,0.895,16,44.44
559,Delhi,Agra,Delhi -> Agra,230,2,Volvo AC Semi-Sleeper,38,530.0,2026-05-29,Friday,2026-05-09,20,False,1.15,1.124,20,52.63
560,Hyderabad,Vijayawada,Hyderabad -> Vijayawada,275,2,AC Sleeper,28,690.0,2025-08-21,Thursday,2025-07-19,33,False,0.95,1.091,18,64.29
561,Kolkata,Digha,Kolkata -> Digha,185,3,AC Sleeper,31,430.0,2025-12-17,Wednesday,2025-11-17,30,False,0.82,1.011,13,41.94
562,Mumbai,Shirdi,Mumbai -> Shirdi,250,2,AC Sleeper,33,510.0,2026-03-23,Monday,2026-02-14,37,False,0.85,0.887,18,54.55
563,Pune,Nashik,Pune -> Nashik,210,3,Volvo AC Semi-Sleeper,40,430.0,2026-01-05,Monday,2025-12-05,31,False,0.85,0.999,18,45.0
564,Bangalore,Hyderabad,Bangalore -> Hyderabad,570,2,Volvo AC Semi-Sleeper,42,1230.0,2025-08-08,Friday,2025-07-14,25,False,1.15,1.053,25,59.52
565,Kochi,Bangalore,Kochi -> Bangalore,550,3,Non-AC Seater,51,570.0,2025-10-13,Monday,2025-09-11,32,False,0.85,0.987,20,39.22
566,Kolkata,Digha,Kolkata -> Digha,185,3,Non-AC Sleeper,35,250.0,2026-06-12,Friday,2026-05-02,41,False,1.15,0.932,24,68.57
567,Delhi,Chandigarh,Delhi -> Chandigarh,250,2,AC Seater,41,400.0,2026-05-11,Monday,2026-04-09,32,False,0.85,0.941,24,58.54
568,Delhi,Jaipur,Delhi -> Jaipur,280,1,Non-AC Sleeper,36,390.0,2025-09-01,Monday,2025-07-27,36,False,0.85,0.961,27,75.0
569,Delhi,Chandigarh,Delhi -> Chandigarh,250,2,Volvo AC Semi-Sleeper,40,460.0,2025-09-20,Saturday,2025-08-16,35,False,1.25,0.898,38,95.0
570,Delhi,Chandigarh,Delhi -> Chandigarh,250,2,Volvo AC Semi-Sleeper,39,460.0,2025-12-17,Wednesday,2025-11-18,29,False,0.82,0.898,22,56.41
571,Delhi,Dehradun,Delhi -> Dehradun,250,2,AC Sleeper,28,550.0,2025-11-03,Monday,2025-10-20,14,True,0.85,0.957,17,60.71
572,Ahmedabad,Surat,Ahmedabad -> Surat,265,1,AC Sleeper,31,660.0,2025-08-12,Tuesday,2025-07-15,28,False,0.8,1.083,18,58.06
573,Ahmedabad,Mumbai,Ahmedabad -> Mumbai,525,2,Volvo AC Semi-Sleeper,39,980.0,2026-03-05,Thursday,2026-02-08,25,True,0.95,0.911,39,100.0
574,Surat,Mumbai,Surat -> Mumbai,285,2,AC Sleeper,31,590.0,2025-10-30,Thursday,2025-10-12,18,True,0.95,0.9,19,61.29
575,Pune,Nashik,Pune -> Nashik,210,3,AC Sleeper,28,460.0,2025-08-16,Saturday,2025-07-19,28,True,1.25,0.952,23,82.14
576,Mumbai,Shirdi,Mumbai -> Shirdi,250,2,AC Seater,42,420.0,2026-01-28,Wednesday,2025-12-29,30,True,0.82,0.988,30,71.43
577,Bangalore,Chennai,Bangalore -> Chennai,350,1,AC Seater,42,610.0,2025-08-11,Monday,2025-07-19,23,False,0.85,1.025,30,71.43
578,Bangalore,Goa,Bangalore -> Goa,560,3,AC Seater,43,860.0,2025-12-16,Tuesday,2025-12-02,14,False,0.8,0.903,18,41.86
579,Chennai,Coimbatore,Chennai -> Coimbatore,500,2,AC Seater,42,830.0,2025-12-31,Wednesday,2025-11-23,38,True,0.82,0.976,29,69.05
580,Ahmedabad,Mumbai,Ahmedabad -> Mumbai,525,2,Non-AC Seater,51,560.0,2025-10-08,Wednesday,2025-09-06,32,False,0.82,1.016,24,47.06
581,Mumbai,Shirdi,Mumbai -> Shirdi,250,2,Non-AC Seater,53,250.0,2026-01-19,Monday,2025-12-09,41,False,0.85,0.952,38,71.7
582,Bangalore,Mysore,Bangalore -> Mysore,145,1,AC Sleeper,28,360.0,2026-05-05,Tuesday,2026-03-22,44,False,0.8,1.079,19,67.86
583,Bangalore,Coimbatore,Bangalore -> Coimbatore,365,2,Non-AC Seater,56,410.0,2026-02-17,Tuesday,2026-01-06,42,False,0.8,1.07,34,60.71
584,Bangalore,Hyderabad,Bangalore -> Hyderabad,570,2,AC Sleeper,33,1360.0,2025-10-29,Wednesday,2025-09-16,43,False,0.82,1.037,18,54.55
585,Kochi,Bangalore,Kochi -> Bangalore,550,3,Volvo AC Semi-Sleeper,41,1110.0,2025-08-15,Friday,2025-07-02,44,True,1.15,0.984,25,60.98
586,Hyderabad,Vijayawada,Hyderabad -> Vijayawada,275,2,Non-AC Sleeper,31,390.0,2025-08-31,Sunday,2025-07-17,45,False,1.1,0.978,27,87.1
587,Pune,Nashik,Pune -> Nashik,210,3,Non-AC Seater,48,240.0,2025-12-29,Monday,2025-11-29,30,False,0.85,1.088,18,37.5
588,Bangalore,Coimbatore,Bangalore -> Coimbatore,365,2,Non-AC Seater,52,440.0,2025-11-05,Wednesday,2025-10-07,29,False,0.82,1.148,22,42.31
589,Mumbai,Pune,Mumbai -> Pune,150,1,Non-AC Seater,49,180.0,2025-08-18,Monday,2025-07-04,45,False,0.85,1.143,38,77.55
590,Bangalore,Chennai,Bangalore -> Chennai,350,1,AC Sleeper,31,720.0,2026-01-30,Friday,2026-01-03,27,False,1.15,0.894,27,87.1
591,Mumbai,Pune,Mumbai -> Pune,150,1,Volvo AC Semi-Sleeper,41,340.0,2026-01-15,Thursday,2025-12-01,45,True,0.95,1.106,41,100.0
592,Bangalore,Chennai,Bangalore -> Chennai,350,1,Volvo AC Semi-Sleeper,40,780.0,2025-09-24,Wednesday,2025-08-27,28,False,0.82,1.087,28,70.0
593,Mumbai,Shirdi,Mumbai -> Shirdi,250,2,AC Seater,42,410.0,2026-05-12,Tuesday,2026-04-18,24,False,0.8,0.965,25,59.52
594,Hyderabad,Vijayawada,Hyderabad -> Vijayawada,275,2,Volvo AC Semi-Sleeper,42,520.0,2026-03-24,Tuesday,2026-03-01,23,False,0.8,0.922,24,57.14
595,Pune,Nashik,Pune -> Nashik,210,3,Non-AC Seater,51,200.0,2025-12-09,Tuesday,2025-11-03,36,False,0.8,0.907,19,37.25
596,Delhi,Agra,Delhi -> Agra,230,2,Non-AC Sleeper,31,350.0,2025-12-03,Wednesday,2025-11-11,22,False,0.82,1.049,18,58.06
597,Chennai,Madurai,Chennai -> Madurai,460,2,AC Seater,42,820.0,2025-11-25,Tuesday,2025-10-28,28,False,0.8,1.049,28,66.67
598,Chennai,Coimbatore,Chennai -> Coimbatore,500,2,AC Sleeper,30,1260.0,2025-08-19,Tuesday,2025-07-18,32,False,0.8,1.096,15,50.0
599,Bangalore,Chennai,Bangalore -> Chennai,350,1,AC Seater,40,570.0,2026-05-27,Wednesday,2026-04-20,37,False,0.82,0.958,29,72.5
600,Mumbai,Pune,Mumbai -> Pune,150,1,Non-AC Sleeper,33,200.0,2026-06-14,Sunday,2026-05-24,21,False,1.1,0.92,32,96.97
601,Delhi,Chandigarh,Delhi -> Chandigarh,250,2,AC Sleeper,30,620.0,2025-09-13,Saturday,2025-08-01,43,False,1.25,1.078,27,90.0
602,Kolkata,Digha,Kolkata -> Digha,185,3,AC Seater,43,330.0,2025-12-17,Wednesday,2025-11-11,36,False,0.82,1.049,20,46.51
603,Delhi,Agra,Delhi -> Agra,230,2,Volvo AC Semi-Sleeper,40,430.0,2025-11-22,Saturday,2025-11-05,17,False,1.25,0.912,30,75.0
604,Chennai,Madurai,Chennai -> Madurai,460,2,Volvo AC Semi-Sleeper,40,870.0,2025-12-28,Sunday,2025-11-25,33,False,1.1,0.923,34,85.0
605,Bangalore,Coimbatore,Bangalore -> Coimbatore,365,2,Non-AC Seater,48,360.0,2026-06-05,Friday,2026-05-14,22,False,1.15,0.939,41,85.42
606,Mumbai,Pune,Mumbai -> Pune,150,1,Volvo AC Semi-Sleeper,38,290.0,2025-11-20,Thursday,2025-10-29,22,False,0.95,0.943,24,63.16
607,Ahmedabad,Mumbai,Ahmedabad -> Mumbai,525,2,Non-AC Seater,51,500.0,2025-11-02,Sunday,2025-09-20,43,True,1.1,0.907,51,100.0
608,Bangalore,Goa,Bangalore -> Goa,560,3,Non-AC Sleeper,32,780.0,2025-11-22,Saturday,2025-10-29,24,False,1.25,0.961,16,50.0
609,Bangalore,Coimbatore,Bangalore -> Coimbatore,365,2,Non-AC Seater,53,350.0,2025-08-09,Saturday,2025-07-17,23,False,1.25,0.913,52,98.11
610,Delhi,Dehradun,Delhi -> Dehradun,250,2,Non-AC Sleeper,36,390.0,2025-08-15,Friday,2025-07-16,30,True,1.15,1.076,33,91.67
611,Jaipur,Udaipur,Jaipur -> Udaipur,400,3,Non-AC Sleeper,36,610.0,2025-11-13,Thursday,2025-10-28,16,False,0.95,1.052,18,50.0
612,Jaipur,Udaipur,Jaipur -> Udaipur,400,3,AC Sleeper,33,1010.0,2025-09-26,Friday,2025-08-30,27,False,1.15,1.098,14,42.42
613,Mumbai,Shirdi,Mumbai -> Shirdi,250,2,AC Sleeper,32,550.0,2026-04-26,Sunday,2026-04-10,16,False,1.1,0.957,19,59.38
614,Kolkata,Digha,Kolkata -> Digha,185,3,Non-AC Sleeper,30,300.0,2025-12-27,Saturday,2025-11-19,38,True,1.25,1.118,22,73.33
615,Mumbai,Pune,Mumbai -> Pune,150,1,Non-AC Seater,50,140.0,2026-03-07,Saturday,2026-01-31,35,False,1.25,0.889,50,100.0
616,Jaipur,Udaipur,Jaipur -> Udaipur,400,3,AC Sleeper,33,940.0,2026-01-20,Tuesday,2025-12-10,41,False,0.8,1.022,14,42.42
617,Bangalore,Coimbatore,Bangalore -> Coimbatore,365,2,Non-AC Seater,54,370.0,2025-10-31,Friday,2025-09-20,41,True,1.15,0.965,52,96.3
618,Mumbai,Nashik,Mumbai -> Nashik,170,2,AC Sleeper,31,370.0,2026-06-20,Saturday,2026-05-25,26,False,1.25,0.946,28,90.32
619,Ahmedabad,Surat,Ahmedabad -> Surat,265,1,Non-AC Sleeper,30,370.0,2026-05-20,Wednesday,2026-04-09,41,False,0.82,0.963,19,63.33
620,Surat,Mumbai,Surat -> Mumbai,285,2,Volvo AC Semi-Sleeper,40,560.0,2026-04-04,Saturday,2026-03-05,30,False,1.25,0.958,36,90.0
621,Mumbai,Nashik,Mumbai -> Nashik,170,2,Non-AC Sleeper,33,250.0,2025-10-25,Saturday,2025-10-10,15,False,1.25,1.014,18,54.55
622,Mumbai,Shirdi,Mumbai -> Shirdi,250,2,AC Sleeper,30,580.0,2026-01-31,Saturday,2026-01-04,27,False,1.25,1.009,17,56.67
623,Chennai,Madurai,Chennai -> Madurai,460,2,Volvo AC Semi-Sleeper,42,1050.0,2025-10-25,Saturday,2025-10-11,14,False,1.25,1.113,31,73.81
624,Jaipur,Udaipur,Jaipur -> Udaipur,400,3,Non-AC Sleeper,36,620.0,2025-09-25,Thursday,2025-09-07,18,False,0.95,1.069,15,41.67
625,Kolkata,Digha,Kolkata -> Digha,185,3,Non-AC Sleeper,33,290.0,2025-09-26,Friday,2025-09-03,23,False,1.15,1.081,26,78.79
626,Hyderabad,Bangalore,Hyderabad -> Bangalore,570,2,AC Seater,41,1070.0,2026-06-10,Wednesday,2026-05-24,17,False,0.82,1.104,17,41.46
627,Bangalore,Coimbatore,Bangalore -> Coimbatore,365,2,Non-AC Sleeper,32,480.0,2026-03-29,Sunday,2026-03-05,24,False,1.1,0.907,25,78.12
628,Hyderabad,Bangalore,Hyderabad -> Bangalore,570,2,Non-AC Seater,55,520.0,2026-01-17,Saturday,2025-12-18,30,False,1.25,0.869,53,96.36
629,Bangalore,Hyderabad,Bangalore -> Hyderabad,570,2,AC Seater,40,880.0,2026-03-09,Monday,2026-02-11,26,False,0.85,0.908,26,65.0
630,Kolkata,Digha,Kolkata -> Digha,185,3,AC Seater,45,290.0,2025-10-26,Sunday,2025-10-02,24,False,1.1,0.922,22,48.89
631,Mumbai,Shirdi,Mumbai -> Shirdi,250,2,Non-AC Sleeper,32,360.0,2026-03-28,Saturday,2026-02-27,29,False,1.25,0.993,23,71.88
632,Mumbai,Shirdi,Mumbai -> Shirdi,250,2,AC Sleeper,28,650.0,2026-04-12,Sunday,2026-03-15,28,True,1.1,1.13,27,96.43
633,Bangalore,Hyderabad,Bangalore -> Hyderabad,570,2,Volvo AC Semi-Sleeper,39,1290.0,2026-01-08,Thursday,2025-11-26,43,False,0.95,1.104,28,71.79
634,Mumbai,Goa,Mumbai -> Goa,590,2,Volvo AC Semi-Sleeper,38,1340.0,2026-03-07,Saturday,2026-01-22,44,False,1.25,1.108,32,84.21
635,Bangalore,Coimbatore,Bangalore -> Coimbatore,365,2,AC Seater,41,610.0,2025-11-27,Thursday,2025-10-21,37,False,0.95,0.983,29,70.73
636,Bangalore,Mysore,Bangalore -> Mysore,145,1,AC Seater,41,270.0,2026-05-14,Thursday,2026-04-22,22,False,0.95,1.095,33,80.49
637,Chennai,Coimbatore,Chennai -> Coimbatore,500,2,AC Sleeper,32,1010.0,2025-08-23,Saturday,2025-08-06,17,False,1.25,0.878,20,62.5
638,Delhi,Chandigarh,Delhi -> Chandigarh,250,2,Non-AC Seater,51,270.0,2025-12-27,Saturday,2025-12-10,17,True,1.25,1.029,48,94.12
639,Jaipur,Udaipur,Jaipur -> Udaipur,400,3,Volvo AC Semi-Sleeper,42,900.0,2026-04-07,Tuesday,2026-03-09,29,False,0.8,1.098,14,33.33
640,Mumbai,Shirdi,Mumbai -> Shirdi,250,2,Volvo AC Semi-Sleeper,39,500.0,2026-05-17,Sunday,2026-04-16,31,False,1.1,0.976,31,79.49
641,Chennai,Coimbatore,Chennai -> Coimbatore,500,2,AC Seater,45,820.0,2025-08-21,Thursday,2025-07-21,31,False,0.95,0.965,34,75.56
642,Bangalore,Chennai,Bangalore -> Chennai,350,1,AC Sleeper,30,740.0,2026-03-20,Friday,2026-02-26,22,False,1.15,0.919,24,80.0
643,Bangalore,Hyderabad,Bangalore -> Hyderabad,570,2,AC Sleeper,30,1260.0,2025-12-08,Monday,2025-11-02,36,False,0.85,0.961,14,46.67
644,Hyderabad,Vijayawada,Hyderabad -> Vijayawada,275,2,Volvo AC Semi-Sleeper,41,550.0,2025-11-05,Wednesday,2025-10-04,32,False,0.82,0.976,20,48.78
645,Bangalore,Chennai,Bangalore -> Chennai,350,1,Volvo AC Semi-Sleeper,39,790.0,2026-01-21,Wednesday,2025-12-09,43,False,0.82,1.101,25,64.1
646,Jaipur,Udaipur,Jaipur -> Udaipur,400,3,AC Seater,40,670.0,2026-06-26,Friday,2026-05-21,36,False,1.15,0.985,20,50.0
647,Hyderabad,Vijayawada,Hyderabad -> Vijayawada,275,2,Volvo AC Semi-Sleeper,42,510.0,2025-12-31,Wednesday,2025-12-03,28,True,0.82,0.905,29,69.05
648,Hyderabad,Bangalore,Hyderabad -> Bangalore,570,2,Non-AC Seater,49,640.0,2025-08-10,Sunday,2025-07-11,30,False,1.1,1.069,31,63.27
649,Mumbai,Goa,Mumbai -> Goa,590,2,AC Sleeper,33,1400.0,2026-05-17,Sunday,2026-04-04,43,False,1.1,1.032,26,78.79
650,Delhi,Jaipur,Delhi -> Jaipur,280,1,Non-AC Sleeper,35,430.0,2026-01-22,Thursday,2025-12-12,41,False,0.95,1.059,22,62.86
651,Mumbai,Nashik,Mumbai -> Nashik,170,2,Non-AC Seater,48,160.0,2026-02-02,Monday,2026-01-15,18,False,0.85,0.896,25,52.08
652,Ahmedabad,Surat,Ahmedabad -> Surat,265,1,AC Sleeper,32,600.0,2025-08-07,Thursday,2025-07-18,20,False,0.95,0.984,23,71.88
653,Surat,Mumbai,Surat -> Mumbai,285,2,AC Seater,44,450.0,2026-03-23,Monday,2026-02-15,36,False,0.85,0.929,27,61.36
654,Mumbai,Goa,Mumbai -> Goa,590,2,Non-AC Sleeper,36,900.0,2025-08-28,Thursday,2025-08-08,20,True,0.95,1.052,31,86.11
655,Bangalore,Chennai,Bangalore -> Chennai,350,1,AC Seater,41,620.0,2026-06-20,Saturday,2026-05-19,32,False,1.25,1.042,37,90.24
656,Delhi,Jaipur,Delhi -> Jaipur,280,1,AC Seater,41,450.0,2026-03-20,Friday,2026-03-05,15,False,1.15,0.945,36,87.8
657,Mumbai,Nashik,Mumbai -> Nashik,170,2,AC Sleeper,32,340.0,2025-08-15,Friday,2025-07-02,44,True,1.15,0.87,32,100.0
658,Delhi,Dehradun,Delhi -> Dehradun,250,2,Volvo AC Semi-Sleeper,42,540.0,2025-10-10,Friday,2025-09-11,29,False,1.15,1.054,35,83.33
659,Bangalore,Chennai,Bangalore -> Chennai,350,1,Non-AC Sleeper,36,490.0,2025-12-24,Wednesday,2025-11-15,39,True,0.82,0.966,32,88.89
660,Hyderabad,Vijayawada,Hyderabad -> Vijayawada,275,2,Non-AC Sleeper,33,410.0,2026-02-27,Friday,2026-01-16,42,False,1.15,1.028,24,72.73
661,Delhi,Jaipur,Delhi -> Jaipur,280,1,Volvo AC Semi-Sleeper,42,560.0,2025-08-27,Wednesday,2025-08-13,14,True,0.82,0.976,27,64.29
662,Pune,Nashik,Pune -> Nashik,210,3,AC Sleeper,30,460.0,2025-10-31,Friday,2025-10-12,19,True,1.15,0.952,19,63.33
663,Mumbai,Goa,Mumbai -> Goa,590,2,AC Sleeper,33,1510.0,2026-01-13,Tuesday,2025-12-04,40,True,0.8,1.113,20,60.61
664,Mumbai,Pune,Mumbai -> Pune,150,1,Volvo AC Semi-Sleeper,38,300.0,2026-04-06,Monday,2026-03-21,16,False,0.85,0.976,28,73.68
665,Bangalore,Hyderabad,Bangalore -> Hyderabad,570,2,AC Seater,42,900.0,2026-06-25,Thursday,2026-06-08,17,False,0.95,0.929,29,69.05
666,Pune,Nashik,Pune -> Nashik,210,3,Non-AC Seater,53,220.0,2026-05-05,Tuesday,2026-04-03,32,False,0.8,0.998,23,43.4
667,Mumbai,Shirdi,Mumbai -> Shirdi,250,2,AC Seater,41,390.0,2026-05-03,Sunday,2026-03-27,37,False,1.1,0.918,41,100.0
668,Bangalore,Mysore,Bangalore -> Mysore,145,1,Non-AC Seater,54,170.0,2026-05-05,Tuesday,2026-04-10,25,False,0.8,1.117,34,62.96
669,Hyderabad,Vijayawada,Hyderabad -> Vijayawada,275,2,Non-AC Sleeper,34,370.0,2025-08-24,Sunday,2025-07-19,36,False,1.1,0.928,25,73.53
670,Mumbai,Nashik,Mumbai -> Nashik,170,2,Non-AC Sleeper,35,240.0,2025-08-03,Sunday,2025-06-27,37,False,1.1,0.974,29,82.86
671,Mumbai,Pune,Mumbai -> Pune,150,1,Non-AC Seater,56,170.0,2026-05-15,Friday,2026-04-29,16,False,1.15,1.079,37,66.07
672,Mumbai,Goa,Mumbai -> Goa,590,2,AC Seater,40,900.0,2026-01-29,Thursday,2025-12-19,41,False,0.95,0.897,31,77.5
673,Delhi,Dehradun,Delhi -> Dehradun,250,2,AC Seater,42,420.0,2026-01-30,Friday,2026-01-07,23,False,1.15,0.988,32,76.19
674,Jaipur,Udaipur,Jaipur -> Udaipur,400,3,Volvo AC Semi-Sleeper,40,820.0,2026-05-24,Sunday,2026-04-09,45,False,1.1,1.0,22,55.0
675,Bangalore,Mysore,Bangalore -> Mysore,145,1,Non-AC Seater,53,130.0,2026-05-04,Monday,2026-04-11,23,False,0.85,0.854,34,64.15
676,Chennai,Coimbatore,Chennai -> Coimbatore,500,2,Non-AC Seater,55,550.0,2026-06-02,Tuesday,2026-04-28,35,False,0.8,1.048,30,54.55
677,Jaipur,Udaipur,Jaipur -> Udaipur,400,3,AC Seater,44,660.0,2025-12-18,Thursday,2025-11-23,25,False,0.95,0.971,27,61.36
678,Hyderabad,Vijayawada,Hyderabad -> Vijayawada,275,2,AC Seater,42,450.0,2026-03-20,Friday,2026-02-25,23,False,1.15,0.963,27,64.29
679,Jaipur,Udaipur,Jaipur -> Udaipur,400,3,AC Seater,45,620.0,2025-11-30,Sunday,2025-10-22,39,False,1.1,0.912,24,53.33
680,Ahmedabad,Surat,Ahmedabad -> Surat,265,1,AC Seater,43,410.0,2025-12-29,Monday,2025-11-23,36,False,0.85,0.91,40,93.02
681,Kochi,Bangalore,Kochi -> Bangalore,550,3,Volvo AC Semi-Sleeper,38,1030.0,2025-10-19,Sunday,2025-09-17,32,True,1.1,0.914,27,71.05
682,Mumbai,Pune,Mumbai -> Pune,150,1,Non-AC Seater,48,170.0,2025-09-29,Monday,2025-08-15,45,False,0.85,1.079,38,79.17
683,Bangalore,Chennai,Bangalore -> Chennai,350,1,Non-AC Seater,51,320.0,2026-04-07,Tuesday,2026-02-25,41,False,0.8,0.871,34,66.67
684,Hyderabad,Bangalore,Hyderabad -> Bangalore,570,2,AC Seater,44,940.0,2026-02-03,Tuesday,2026-01-20,14,False,0.8,0.97,17,38.64
685,Bangalore,Hyderabad,Bangalore -> Hyderabad,570,2,Non-AC Sleeper,31,790.0,2026-06-27,Saturday,2026-06-01,26,False,1.25,0.956,25,80.65
686,Pune,Nashik,Pune -> Nashik,210,3,Non-AC Sleeper,30,310.0,2026-02-20,Friday,2026-01-18,33,False,1.15,1.018,12,40.0
687,Pune,Kolhapur,Pune -> Kolhapur,230,2,AC Sleeper,32,580.0,2026-04-08,Wednesday,2026-03-13,26,False,0.82,1.096,13,40.62
688,Ahmedabad,Mumbai,Ahmedabad -> Mumbai,525,2,AC Seater,41,900.0,2026-04-06,Monday,2026-03-14,23,False,0.85,1.008,19,46.34
689,Ahmedabad,Surat,Ahmedabad -> Surat,265,1,AC Seater,43,470.0,2026-06-07,Sunday,2026-04-25,43,False,1.1,1.043,43,100.0
690,Kochi,Bangalore,Kochi -> Bangalore,550,3,Non-AC Sleeper,32,800.0,2026-06-02,Tuesday,2026-05-04,29,False,0.8,1.003,12,37.5
691,Bangalore,Coimbatore,Bangalore -> Coimbatore,365,2,Non-AC Seater,51,390.0,2025-10-18,Saturday,2025-09-30,18,True,1.25,1.018,47,92.16
692,Mumbai,Nashik,Mumbai -> Nashik,170,2,Volvo AC Semi-Sleeper,42,320.0,2025-09-02,Tuesday,2025-08-13,20,False,0.8,0.918,20,47.62
693,Delhi,Dehradun,Delhi -> Dehradun,250,2,AC Sleeper,33,640.0,2025-09-02,Tuesday,2025-07-21,43,False,0.8,1.113,13,39.39
694,Delhi,Dehradun,Delhi -> Dehradun,250,2,Non-AC Seater,48,280.0,2026-05-09,Saturday,2026-04-05,34,False,1.25,1.067,39,81.25
695,Bangalore,Chennai,Bangalore -> Chennai,350,1,AC Sleeper,28,850.0,2026-05-03,Sunday,2026-03-22,42,False,1.1,1.056,25,89.29
696,Hyderabad,Bangalore,Hyderabad -> Bangalore,570,2,Non-AC Sleeper,32,860.0,2025-10-03,Friday,2025-08-20,44,True,1.15,1.041,31,96.88
697,Mumbai,Nashik,Mumbai -> Nashik,170,2,Non-AC Sleeper,31,240.0,2026-03-10,Tuesday,2026-02-03,35,False,0.8,0.974,14,45.16
698,Delhi,Dehradun,Delhi -> Dehradun,250,2,AC Seater,45,390.0,2025-08-03,Sunday,2025-07-14,20,False,1.1,0.918,39,86.67
699,Delhi,Agra,Delhi -> Agra,230,2,Non-AC Sleeper,32,340.0,2026-01-08,Thursday,2025-12-24,15,False,0.95,1.019,17,53.12
700,Mumbai,Nashik,Mumbai -> Nashik,170,2,Non-AC Sleeper,32,250.0,2026-04-10,Friday,2026-03-09,32,False,1.15,1.014,19,59.38
701,Bangalore,Coimbatore,Bangalore -> Coimbatore,365,2,AC Sleeper,32,870.0,2026-03-28,Saturday,2026-03-05,23,False,1.25,1.036,24,75.0
702,Jaipur,Udaipur,Jaipur -> Udaipur,400,3,AC Sleeper,32,930.0,2025-08-09,Saturday,2025-07-07,33,False,1.25,1.011,22,68.75
703,Jaipur,Udaipur,Jaipur -> Udaipur,400,3,Non-AC Seater,48,420.0,2025-10-30,Thursday,2025-09-15,45,True,0.95,1.0,34,70.83
704,Ahmedabad,Surat,Ahmedabad -> Surat,265,1,Non-AC Sleeper,34,350.0,2025-12-11,Thursday,2025-11-09,32,False,0.95,0.911,22,64.71
705,Pune,Nashik,Pune -> Nashik,210,3,AC Seater,40,380.0,2026-04-02,Thursday,2026-03-07,26,False,0.95,1.064,18,45.0
706,Hyderabad,Bangalore,Hyderabad -> Bangalore,570,2,Volvo AC Semi-Sleeper,40,1120.0,2026-03-31,Tuesday,2026-03-03,28,False,0.8,0.958,20,50.0
707,Ahmedabad,Mumbai,Ahmedabad -> Mumbai,525,2,Volvo AC Semi-Sleeper,38,1080.0,2026-03-29,Sunday,2026-03-07,22,False,1.1,1.003,23,60.53
708,Bangalore,Goa,Bangalore -> Goa,560,3,AC Seater,40,870.0,2025-12-04,Thursday,2025-11-14,20,False,0.95,0.914,19,47.5
709,Pune,Nashik,Pune -> Nashik,210,3,AC Seater,45,360.0,2026-06-11,Thursday,2026-04-27,45,False,0.95,1.008,23,51.11
710,Pune,Kolhapur,Pune -> Kolhapur,230,2,Volvo AC Semi-Sleeper,38,450.0,2025-08-13,Wednesday,2025-07-04,40,True,0.82,0.954,24,63.16
711,Ahmedabad,Surat,Ahmedabad -> Surat,265,1,AC Seater,45,480.0,2026-04-15,Wednesday,2026-03-14,32,True,0.82,1.065,41,91.11
712,Mumbai,Goa,Mumbai -> Goa,590,2,Volvo AC Semi-Sleeper,41,1340.0,2025-10-02,Thursday,2025-09-06,26,True,0.95,1.108,34,82.93
713,Pune,Nashik,Pune -> Nashik,210,3,Non-AC Seater,56,240.0,2026-06-04,Thursday,2026-05-01,34,False,0.95,1.088,28,50.0
714,Hyderabad,Vijayawada,Hyderabad -> Vijayawada,275,2,Volvo AC Semi-Sleeper,40,520.0,2026-04-06,Monday,2026-02-25,40,False,0.85,0.922,28,70.0
715,Delhi,Chandigarh,Delhi -> Chandigarh,250,2,Non-AC Sleeper,31,380.0,2025-08-12,Tuesday,2025-07-05,38,False,0.8,1.048,19,61.29
716,Kolkata,Digha,Kolkata -> Digha,185,3,Non-AC Sleeper,35,260.0,2026-05-09,Saturday,2026-04-24,15,False,1.25,0.969,18,51.43
717,Hyderabad,Bangalore,Hyderabad -> Bangalore,570,2,Volvo AC Semi-Sleeper,41,1180.0,2026-06-09,Tuesday,2026-05-02,38,False,0.8,1.01,26,63.41
718,Delhi,Chandigarh,Delhi -> Chandigarh,250,2,Volvo AC Semi-Sleeper,40,500.0,2026-05-18,Monday,2026-05-01,17,False,0.85,0.976,22,55.0
719,Bangalore,Chennai,Bangalore -> Chennai,350,1,Non-AC Seater,54,400.0,2025-10-17,Friday,2025-09-22,25,False,1.15,1.088,40,74.07
720,Mumbai,Shirdi,Mumbai -> Shirdi,250,2,Non-AC Seater,50,270.0,2026-06-28,Sunday,2026-06-08,20,False,1.1,1.029,43,86.0
721,Bangalore,Coimbatore,Bangalore -> Coimbatore,365,2,Non-AC Seater,51,370.0,2026-02-04,Wednesday,2025-12-28,38,False,0.82,0.965,31,60.78
722,Delhi,Jaipur,Delhi -> Jaipur,280,1,AC Seater,45,440.0,2026-06-17,Wednesday,2026-05-05,43,False,0.82,0.924,35,77.78
723,Mumbai,Nashik,Mumbai -> Nashik,170,2,Volvo AC Semi-Sleeper,42,360.0,2026-05-04,Monday,2026-04-03,31,False,0.85,1.033,29,69.05
724,Delhi,Jaipur,Delhi -> Jaipur,280,1,AC Sleeper,32,680.0,2026-01-23,Friday,2026-01-09,14,False,1.15,1.056,25,78.12
725,Mumbai,Pune,Mumbai -> Pune,150,1,Volvo AC Semi-Sleeper,42,330.0,2026-02-12,Thursday,2026-01-25,18,False,0.95,1.073,26,61.9
726,Bangalore,Goa,Bangalore -> Goa,560,3,AC Seater,40,950.0,2025-11-14,Friday,2025-10-15,30,False,1.15,0.998,28,70.0
727,Mumbai,Pune,Mumbai -> Pune,150,1,Non-AC Sleeper,33,210.0,2025-11-22,Saturday,2025-11-04,18,False,1.25,0.966,28,84.85
728,Hyderabad,Vijayawada,Hyderabad -> Vijayawada,275,2,Volvo AC Semi-Sleeper,39,630.0,2025-12-26,Friday,2025-12-07,19,True,1.15,1.118,29,74.36
729,Delhi,Jaipur,Delhi -> Jaipur,280,1,AC Seater,45,480.0,2025-11-06,Thursday,2025-10-16,21,False,0.95,1.008,39,86.67
730,Chennai,Madurai,Chennai -> Madurai,460,2,Non-AC Seater,53,550.0,2025-11-17,Monday,2025-10-25,23,False,0.85,1.139,26,49.06
731,Hyderabad,Vijayawada,Hyderabad -> Vijayawada,275,2,AC Sleeper,34,590.0,2025-08-09,Saturday,2025-07-18,22,False,1.25,0.933,33,97.06
732,Chennai,Coimbatore,Chennai -> Coimbatore,500,2,Volvo AC Semi-Sleeper,38,1050.0,2026-02-21,Saturday,2026-01-17,35,False,1.25,1.024,37,97.37
733,Mumbai,Goa,Mumbai -> Goa,590,2,AC Sleeper,29,1390.0,2026-01-20,Tuesday,2025-12-27,24,False,0.8,1.024,14,48.28
734,Bangalore,Goa,Bangalore -> Goa,560,3,Non-AC Sleeper,30,740.0,2025-12-31,Wednesday,2025-11-27,34,True,0.82,0.911,16,53.33
735,Mumbai,Goa,Mumbai -> Goa,590,2,Volvo AC Semi-Sleeper,39,1230.0,2025-08-06,Wednesday,2025-07-03,34,False,0.82,1.017,18,46.15
736,Delhi,Dehradun,Delhi -> Dehradun,250,2,Non-AC Sleeper,35,370.0,2025-09-22,Monday,2025-08-20,33,False,0.85,1.021,18,51.43
737,Bangalore,Chennai,Bangalore -> Chennai,350,1,AC Sleeper,33,730.0,2026-05-14,Thursday,2026-04-26,18,False,0.95,0.907,22,66.67
738,Kolkata,Digha,Kolkata -> Digha,185,3,AC Seater,40,340.0,2025-11-27,Thursday,2025-11-11,16,False,0.95,1.081,18,45.0
739,Delhi,Dehradun,Delhi -> Dehradun,250,2,Non-AC Seater,51,260.0,2025-08-02,Saturday,2025-06-22,41,False,1.25,0.99,41,80.39
740,Bangalore,Coimbatore,Bangalore -> Coimbatore,365,2,AC Seater,40,610.0,2025-08-30,Saturday,2025-08-04,26,False,1.25,0.983,34,85.0
741,Ahmedabad,Surat,Ahmedabad -> Surat,265,1,AC Sleeper,32,630.0,2026-05-25,Monday,2026-04-14,41,False,0.85,1.034,17,53.12
742,Mumbai,Shirdi,Mumbai -> Shirdi,250,2,Volvo AC Semi-Sleeper,39,560.0,2026-01-13,Tuesday,2025-12-28,16,True,0.8,1.093,25,64.1
743,Bangalore,Goa,Bangalore -> Goa,560,3,Non-AC Sleeper,36,890.0,2026-06-10,Wednesday,2026-05-14,27,False,0.82,1.096,14,38.89
744,Bangalore,Mysore,Bangalore -> Mysore,145,1,Volvo AC Semi-Sleeper,41,290.0,2026-03-23,Monday,2026-02-13,38,False,0.85,0.976,29,70.73
745,Chennai,Madurai,Chennai -> Madurai,460,2,Non-AC Seater,48,500.0,2025-09-18,Thursday,2025-08-10,39,False,0.95,1.035,31,64.58
746,Pune,Kolhapur,Pune -> Kolhapur,230,2,AC Sleeper,32,510.0,2025-11-09,Sunday,2025-09-28,42,False,1.1,0.964,23,71.88
747,Kolkata,Digha,Kolkata -> Digha,185,3,Volvo AC Semi-Sleeper,40,400.0,2026-01-12,Monday,2025-12-27,16,True,0.85,1.055,13,32.5
748,Bangalore,Chennai,Bangalore -> Chennai,350,1,Non-AC Seater,52,340.0,2025-12-04,Thursday,2025-10-24,41,False,0.95,0.925,47,90.38
749,Hyderabad,Vijayawada,Hyderabad -> Vijayawada,275,2,Volvo AC Semi-Sleeper,42,620.0,2026-05-28,Thursday,2026-04-15,43,False,0.95,1.1,29,69.05
750,Kolkata,Digha,Kolkata -> Digha,185,3,AC Seater,41,350.0,2026-05-27,Wednesday,2026-04-25,32,False,0.82,1.113,16,39.02
751,Mumbai,Shirdi,Mumbai -> Shirdi,250,2,Non-AC Sleeper,34,350.0,2026-02-03,Tuesday,2026-01-19,15,False,0.8,0.966,13,38.24
752,Bangalore,Hyderabad,Bangalore -> Hyderabad,570,2,AC Sleeper,29,1170.0,2026-02-13,Friday,2026-01-15,29,False,1.15,0.892,23,79.31
753,Ahmedabad,Mumbai,Ahmedabad -> Mumbai,525,2,Volvo AC Semi-Sleeper,40,1080.0,2026-02-26,Thursday,2026-02-07,19,False,0.95,1.003,15,37.5
754,Bangalore,Mysore,Bangalore -> Mysore,145,1,AC Seater,42,230.0,2025-10-23,Thursday,2025-09-13,40,True,0.95,0.933,42,100.0
755,Bangalore,Goa,Bangalore -> Goa,560,3,Non-AC Seater,54,630.0,2026-03-27,Friday,2026-02-10,45,False,1.15,1.071,26,48.15
756,Hyderabad,Bangalore,Hyderabad -> Bangalore,570,2,AC Seater,45,920.0,2026-05-03,Sunday,2026-03-22,42,False,1.1,0.949,36,80.0
757,Bangalore,Coimbatore,Bangalore -> Coimbatore,365,2,AC Sleeper,34,880.0,2026-04-23,Thursday,2026-04-04,19,False,0.95,1.048,18,52.94
758,Ahmedabad,Surat,Ahmedabad -> Surat,265,1,Non-AC Seater,56,270.0,2025-10-17,Friday,2025-09-07,40,False,1.15,0.97,55,98.21
759,Bangalore,Goa,Bangalore -> Goa,560,3,AC Sleeper,28,1430.0,2025-12-29,Monday,2025-12-09,20,False,0.85,1.11,10,35.71
760,Bangalore,Goa,Bangalore -> Goa,560,3,Non-AC Sleeper,33,750.0,2026-04-11,Saturday,2026-03-21,21,False,1.25,0.924,17,51.52
761,Bangalore,Hyderabad,Bangalore -> Hyderabad,570,2,Volvo AC Semi-Sleeper,41,1140.0,2025-12-11,Thursday,2025-11-09,32,False,0.95,0.976,27,65.85
762,Bangalore,Chennai,Bangalore -> Chennai,350,1,Non-AC Seater,52,400.0,2025-12-09,Tuesday,2025-10-28,42,False,0.8,1.088,29,55.77
763,Delhi,Jaipur,Delhi -> Jaipur,280,1,Non-AC Seater,54,290.0,2026-02-08,Sunday,2026-01-16,23,False,1.1,0.986,41,75.93
764,Delhi,Jaipur,Delhi -> Jaipur,280,1,Non-AC Sleeper,33,400.0,2026-01-13,Tuesday,2025-12-15,29,True,0.8,0.985,28,84.85
765,Bangalore,Hyderabad,Bangalore -> Hyderabad,570,2,Non-AC Sleeper,31,820.0,2026-01-14,Wednesday,2025-12-06,39,True,0.82,0.992,24,77.42
766,Ahmedabad,Mumbai,Ahmedabad -> Mumbai,525,2,AC Sleeper,33,1160.0,2026-03-06,Friday,2026-01-26,39,True,1.15,0.961,33,100.0
767,Hyderabad,Bangalore,Hyderabad -> Bangalore,570,2,Volvo AC Semi-Sleeper,39,1190.0,2025-09-21,Sunday,2025-08-17,35,False,1.1,1.018,25,64.1
768,Bangalore,Hyderabad,Bangalore -> Hyderabad,570,2,AC Sleeper,33,1220.0,2026-04-05,Sunday,2026-03-01,35,False,1.1,0.931,22,66.67
769,Pune,Nashik,Pune -> Nashik,210,3,AC Seater,42,390.0,2026-01-18,Sunday,2025-12-23,26,False,1.1,1.092,20,47.62
770,Bangalore,Goa,Bangalore -> Goa,560,3,Non-AC Seater,55,670.0,2026-01-13,Tuesday,2025-12-03,41,True,0.8,1.139,27,49.09
771,Pune,Nashik,Pune -> Nashik,210,3,Non-AC Seater,55,190.0,2026-04-30,Thursday,2026-03-17,44,False,0.95,0.862,32,58.18
772,Bangalore,Goa,Bangalore -> Goa,560,3,Volvo AC Semi-Sleeper,42,1200.0,2026-03-13,Friday,2026-02-10,31,False,1.15,1.045,24,57.14
773,Mumbai,Pune,Mumbai -> Pune,150,1,AC Seater,44,270.0,2026-04-28,Tuesday,2026-04-14,14,False,0.8,1.059,22,50.0
774,Chennai,Coimbatore,Chennai -> Coimbatore,500,2,Non-AC Sleeper,36,680.0,2025-11-26,Wednesday,2025-11-07,19,False,0.82,0.938,20,55.56
775,Hyderabad,Vijayawada,Hyderabad -> Vijayawada,275,2,AC Sleeper,33,590.0,2026-06-20,Saturday,2026-05-28,23,False,1.25,0.933,22,66.67
776,Bangalore,Chennai,Bangalore -> Chennai,350,1,Volvo AC Semi-Sleeper,38,780.0,2026-06-17,Wednesday,2026-05-27,21,False,0.82,1.087,24,63.16
777,Bangalore,Coimbatore,Bangalore -> Coimbatore,365,2,Non-AC Sleeper,33,480.0,2026-06-26,Friday,2026-05-30,27,False,1.15,0.907,33,100.0
778,Hyderabad,Vijayawada,Hyderabad -> Vijayawada,275,2,Non-AC Sleeper,33,420.0,2025-10-23,Thursday,2025-09-28,25,True,0.95,1.053,28,84.85
779,Delhi,Chandigarh,Delhi -> Chandigarh,250,2,Non-AC Sleeper,32,380.0,2025-09-25,Thursday,2025-08-16,40,False,0.95,1.048,17,53.12
780,Jaipur,Udaipur,Jaipur -> Udaipur,400,3,AC Seater,40,660.0,2026-01-20,Tuesday,2025-12-09,42,False,0.8,0.971,16,40.0
781,Surat,Mumbai,Surat -> Mumbai,285,2,Non-AC Seater,54,300.0,2025-11-08,Saturday,2025-10-24,15,False,1.25,1.003,36,66.67
782,Bangalore,Coimbatore,Bangalore -> Coimbatore,365,2,Non-AC Sleeper,31,520.0,2026-04-24,Friday,2026-04-05,19,False,1.15,0.983,18,58.06
783,Mumbai,Nashik,Mumbai -> Nashik,170,2,Non-AC Sleeper,31,250.0,2026-03-24,Tuesday,2026-02-07,45,False,0.8,1.014,18,58.06
784,Mumbai,Goa,Mumbai -> Goa,590,2,AC Seater,45,930.0,2025-10-10,Friday,2025-09-02,38,False,1.15,0.927,30,66.67
785,Ahmedabad,Surat,Ahmedabad -> Surat,265,1,AC Seater,42,420.0,2026-04-18,Saturday,2026-03-11,38,False,1.25,0.932,41,97.62
786,Pune,Nashik,Pune -> Nashik,210,3,AC Sleeper,31,420.0,2026-06-12,Friday,2026-05-22,21,False,1.15,0.87,21,67.74
787,Mumbai,Pune,Mumbai -> Pune,150,1,AC Sleeper,31,310.0,2026-05-06,Wednesday,2026-04-04,32,False,0.82,0.899,25,80.65
788,Surat,Mumbai,Surat -> Mumbai,285,2,Non-AC Sleeper,35,440.0,2026-01-17,Saturday,2025-12-12,36,False,1.25,1.065,33,94.29
789,Hyderabad,Vijayawada,Hyderabad -> Vijayawada,275,2,AC Sleeper,31,660.0,2026-01-22,Thursday,2025-12-15,38,False,0.95,1.043,17,54.84
790,Surat,Mumbai,Surat -> Mumbai,285,2,AC Sleeper,28,620.0,2025-08-09,Saturday,2025-07-24,16,False,1.25,0.946,23,82.14
791,Hyderabad,Bangalore,Hyderabad -> Bangalore,570,2,Volvo AC Semi-Sleeper,40,1220.0,2025-12-27,Saturday,2025-12-12,15,True,1.25,1.044,39,97.5
792,Ahmedabad,Surat,Ahmedabad -> Surat,265,1,Volvo AC Semi-Sleeper,42,500.0,2025-11-08,Saturday,2025-09-30,39,False,1.25,0.92,40,95.24
793,Pune,Kolhapur,Pune -> Kolhapur,230,2,Volvo AC Semi-Sleeper,38,500.0,2025-08-17,Sunday,2025-07-15,33,True,1.1,1.06,38,100.0
794,Bangalore,Coimbatore,Bangalore -> Coimbatore,365,2,AC Sleeper,32,840.0,2025-09-03,Wednesday,2025-08-12,22,False,0.82,1.001,15,46.88
795,Hyderabad,Vijayawada,Hyderabad -> Vijayawada,275,2,Non-AC Seater,52,260.0,2025-09-08,Monday,2025-08-23,16,False,0.85,0.9,24,46.15
796,Delhi,Jaipur,Delhi -> Jaipur,280,1,AC Seater,42,440.0,2026-04-11,Saturday,2026-03-06,36,False,1.25,0.924,42,100.0
797,Pune,Kolhapur,Pune -> Kolhapur,230,2,AC Sleeper,32,590.0,2026-01-27,Tuesday,2025-12-30,28,True,0.8,1.115,20,62.5
798,Bangalore,Goa,Bangalore -> Goa,560,3,Non-AC Sleeper,35,740.0,2025-12-31,Wednesday,2025-11-24,37,True,0.82,0.911,20,57.14
799,Pune,Kolhapur,Pune -> Kolhapur,230,2,Volvo AC Semi-Sleeper,42,480.0,2026-05-09,Saturday,2026-04-09,30,False,1.25,1.018,41,97.62
800,Delhi,Jaipur,Delhi -> Jaipur,280,1,Volvo AC Semi-Sleeper,39,600.0,2026-04-08,Wednesday,2026-03-01,38,False,0.82,1.045,24,61.54
801,Bangalore,Coimbatore,Bangalore -> Coimbatore,365,2,Volvo AC Semi-Sleeper,38,670.0,2026-01-11,Sunday,2025-12-14,28,False,1.1,0.895,21,55.26
802,Hyderabad,Bangalore,Hyderabad -> Bangalore,570,2,AC Sleeper,28,1220.0,2026-03-02,Monday,2026-02-06,24,True,0.85,0.931,20,71.43
803,Hyderabad,Bangalore,Hyderabad -> Bangalore,570,2,AC Sleeper,33,1200.0,2025-10-01,Wednesday,2025-09-17,14,True,0.82,0.915,19,57.58
804,Mumbai,Nashik,Mumbai -> Nashik,170,2,AC Seater,45,300.0,2025-12-18,Thursday,2025-12-03,15,False,0.95,1.038,28,62.22
805,Chennai,Coimbatore,Chennai -> Coimbatore,500,2,Non-AC Seater,52,490.0,2026-02-03,Tuesday,2025-12-27,38,False,0.8,0.933,23,44.23
806,Hyderabad,Bangalore,Hyderabad -> Bangalore,570,2,AC Seater,42,1070.0,2026-04-08,Wednesday,2026-03-16,23,False,0.82,1.104,20,47.62
807,Delhi,Chandigarh,Delhi -> Chandigarh,250,2,AC Sleeper,32,640.0,2025-08-19,Tuesday,2025-07-05,45,False,0.8,1.113,17,53.12
808,Kochi,Bangalore,Kochi -> Bangalore,550,3,Volvo AC Semi-Sleeper,41,1120.0,2025-10-21,Tuesday,2025-09-30,21,True,0.8,0.993,17,41.46
809,Ahmedabad,Mumbai,Ahmedabad -> Mumbai,525,2,Volvo AC Semi-Sleeper,40,1000.0,2026-04-03,Friday,2026-02-21,41,False,1.15,0.929,34,85.0
810,Chennai,Coimbatore,Chennai -> Coimbatore,500,2,Non-AC Sleeper,33,770.0,2026-04-10,Friday,2026-03-06,35,False,1.15,1.062,26,78.79
811,Bangalore,Coimbatore,Bangalore -> Coimbatore,365,2,AC Sleeper,34,790.0,2026-03-05,Thursday,2026-02-03,30,True,0.95,0.941,28,82.35
812,Bangalore,Goa,Bangalore -> Goa,560,3,AC Sleeper,28,1380.0,2025-12-05,Friday,2025-11-08,27,False,1.15,1.071,15,53.57
813,Hyderabad,Vijayawada,Hyderabad -> Vijayawada,275,2,Non-AC Sleeper,35,370.0,2025-10-21,Tuesday,2025-09-26,25,True,0.8,0.928,29,82.86
814,Hyderabad,Bangalore,Hyderabad -> Bangalore,570,2,Volvo AC Semi-Sleeper,39,1040.0,2025-08-26,Tuesday,2025-07-19,38,True,0.8,0.89,24,61.54
815,Delhi,Agra,Delhi -> Agra,230,2,AC Seater,43,380.0,2025-12-05,Friday,2025-11-12,23,False,1.15,0.972,25,58.14
816,Ahmedabad,Mumbai,Ahmedabad -> Mumbai,525,2,Non-AC Sleeper,32,800.0,2025-10-31,Friday,2025-09-17,44,True,1.15,1.051,31,96.88
817,Chennai,Coimbatore,Chennai -> Coimbatore,500,2,AC Sleeper,34,1220.0,2025-12-22,Monday,2025-12-08,14,False,0.85,1.061,18,52.94
818,Chennai,Coimbatore,Chennai -> Coimbatore,500,2,Volvo AC Semi-Sleeper,40,1030.0,2025-10-11,Saturday,2025-09-17,24,False,1.25,1.005,32,80.0
819,Hyderabad,Vijayawada,Hyderabad -> Vijayawada,275,2,Non-AC Seater,51,260.0,2025-12-17,Wednesday,2025-11-07,40,False,0.82,0.9,32,62.75
820,Bangalore,Mysore,Bangalore -> Mysore,145,1,AC Sleeper,31,370.0,2025-10-14,Tuesday,2025-09-29,15,False,0.8,1.109,16,51.61
821,Delhi,Dehradun,Delhi -> Dehradun,250,2,AC Sleeper,34,500.0,2025-12-31,Wednesday,2025-12-04,27,True,0.82,0.87,23,67.65
822,Bangalore,Chennai,Bangalore -> Chennai,350,1,Volvo AC Semi-Sleeper,38,670.0,2025-09-09,Tuesday,2025-08-18,22,False,0.8,0.934,22,57.89
823,Mumbai,Shirdi,Mumbai -> Shirdi,250,2,Non-AC Sleeper,32,330.0,2026-01-24,Saturday,2026-01-07,17,True,1.25,0.91,28,87.5
824,Pune,Nashik,Pune -> Nashik,210,3,Non-AC Seater,48,220.0,2025-11-11,Tuesday,2025-10-18,24,False,0.8,0.998,19,39.58
825,Chennai,Coimbatore,Chennai -> Coimbatore,500,2,Non-AC Sleeper,32,650.0,2025-10-13,Monday,2025-09-14,29,False,0.85,0.897,16,50.0
826,Kolkata,Digha,Kolkata -> Digha,185,3,AC Seater,40,290.0,2025-10-04,Saturday,2025-09-16,18,True,1.25,0.922,26,65.0
827,Surat,Mumbai,Surat -> Mumbai,285,2,Volvo AC Semi-Sleeper,40,600.0,2026-02-22,Sunday,2026-01-22,31,False,1.1,1.027,19,47.5
828,Kochi,Bangalore,Kochi -> Bangalore,550,3,AC Sleeper,28,1420.0,2025-12-13,Saturday,2025-11-23,20,False,1.25,1.123,16,57.14
829,Ahmedabad,Surat,Ahmedabad -> Surat,265,1,AC Sleeper,31,590.0,2025-12-18,Thursday,2025-11-21,27,False,0.95,0.968,26,83.87
830,Kolkata,Digha,Kolkata -> Digha,185,3,AC Seater,40,350.0,2026-01-08,Thursday,2025-12-13,26,False,0.95,1.113,22,55.0
831,Delhi,Chandigarh,Delhi -> Chandigarh,250,2,AC Sleeper,30,510.0,2026-06-19,Friday,2026-05-23,27,False,1.15,0.887,21,70.0
832,Kolkata,Digha,Kolkata -> Digha,185,3,AC Seater,43,330.0,2026-05-18,Monday,2026-04-30,18,False,0.85,1.049,15,34.88
833,Chennai,Madurai,Chennai -> Madurai,460,2,Non-AC Sleeper,31,660.0,2026-03-13,Friday,2026-02-17,24,False,1.15,0.99,17,54.84
834,Mumbai,Shirdi,Mumbai -> Shirdi,250,2,Volvo AC Semi-Sleeper,39,560.0,2026-05-20,Wednesday,2026-05-05,15,False,0.82,1.093,17,43.59
835,Bangalore,Chennai,Bangalore -> Chennai,350,1,AC Sleeper,33,700.0,2026-06-29,Monday,2026-05-19,41,False,0.85,0.87,22,66.67
836,Pune,Nashik,Pune -> Nashik,210,3,Non-AC Seater,54,190.0,2025-09-26,Friday,2025-08-25,32,False,1.15,0.862,30,55.56
837,Bangalore,Chennai,Bangalore -> Chennai,350,1,AC Sleeper,30,780.0,2026-02-12,Thursday,2026-01-19,24,False,0.95,0.969,24,80.0
838,Delhi,Agra,Delhi -> Agra,230,2,Non-AC Sleeper,34,310.0,2026-06-01,Monday,2026-04-30,32,False,0.85,0.93,19,55.88
839,Delhi,Agra,Delhi -> Agra,230,2,Volvo AC Semi-Sleeper,42,470.0,2026-03-11,Wednesday,2026-02-02,37,False,0.82,0.997,19,45.24
840,Bangalore,Coimbatore,Bangalore -> Coimbatore,365,2,AC Sleeper,28,780.0,2026-03-07,Saturday,2026-02-21,14,False,1.25,0.929,19,67.86
841,Mumbai,Shirdi,Mumbai -> Shirdi,250,2,Volvo AC Semi-Sleeper,42,550.0,2025-10-14,Tuesday,2025-08-30,45,False,0.8,1.073,20,47.62
842,Pune,Nashik,Pune -> Nashik,210,3,AC Sleeper,29,470.0,2025-09-11,Thursday,2025-08-18,24,False,0.95,0.973,15,51.72
843,Hyderabad,Vijayawada,Hyderabad -> Vijayawada,275,2,AC Sleeper,28,690.0,2026-06-15,Monday,2026-05-03,43,False,0.85,1.091,14,50.0
844,Mumbai,Shirdi,Mumbai -> Shirdi,250,2,Non-AC Seater,54,240.0,2026-01-04,Sunday,2025-11-22,43,False,1.1,0.914,45,83.33
845,Jaipur,Udaipur,Jaipur -> Udaipur,400,3,Non-AC Sleeper,31,540.0,2025-11-21,Friday,2025-10-22,30,False,1.15,0.931,18,58.06
846,Mumbai,Pune,Mumbai -> Pune,150,1,AC Seater,41,280.0,2025-09-18,Thursday,2025-08-10,39,False,0.95,1.098,34,82.93
847,Delhi,Chandigarh,Delhi -> Chandigarh,250,2,Volvo AC Semi-Sleeper,42,520.0,2025-09-03,Wednesday,2025-08-17,17,False,0.82,1.015,20,47.62
848,Bangalore,Chennai,Bangalore -> Chennai,350,1,Volvo AC Semi-Sleeper,40,690.0,2026-05-07,Thursday,2026-04-14,23,False,0.95,0.962,25,62.5
849,Mumbai,Shirdi,Mumbai -> Shirdi,250,2,Non-AC Sleeper,36,360.0,2025-10-01,Wednesday,2025-09-11,20,True,0.82,0.993,19,52.78
850,Delhi,Chandigarh,Delhi -> Chandigarh,250,2,AC Seater,40,470.0,2026-06-08,Monday,2026-05-09,30,False,0.85,1.106,16,40.0
851,Bangalore,Mysore,Bangalore -> Mysore,145,1,Volvo AC Semi-Sleeper,38,310.0,2026-03-06,Friday,2026-02-14,20,True,1.15,1.043,32,84.21
852,Delhi,Agra,Delhi -> Agra,230,2,AC Sleeper,34,540.0,2026-05-04,Monday,2026-04-12,22,False,0.85,1.021,18,52.94
853,Delhi,Dehradun,Delhi -> Dehradun,250,2,Non-AC Seater,54,230.0,2026-02-18,Wednesday,2026-01-12,37,False,0.82,0.876,29,53.7
854,Bangalore,Chennai,Bangalore -> Chennai,350,1,Non-AC Sleeper,30,510.0,2026-06-07,Sunday,2026-05-19,19,False,1.1,1.005,17,56.67
855,Pune,Kolhapur,Pune -> Kolhapur,230,2,AC Sleeper,32,570.0,2026-04-21,Tuesday,2026-04-03,18,False,0.8,1.078,13,40.62
856,Bangalore,Hyderabad,Bangalore -> Hyderabad,570,2,Volvo AC Semi-Sleeper,40,1190.0,2025-08-17,Sunday,2025-07-19,29,True,1.1,1.018,36,90.0
857,Ahmedabad,Mumbai,Ahmedabad -> Mumbai,525,2,AC Sleeper,28,1360.0,2025-10-09,Thursday,2025-09-01,38,False,0.95,1.126,16,57.14
858,Mumbai,Goa,Mumbai -> Goa,590,2,AC Sleeper,33,1390.0,2026-01-03,Saturday,2025-12-13,21,True,1.25,1.024,31,93.94
859,Bangalore,Hyderabad,Bangalore -> Hyderabad,570,2,AC Sleeper,28,1400.0,2025-08-29,Friday,2025-07-25,35,True,1.15,1.068,26,92.86
860,Hyderabad,Bangalore,Hyderabad -> Bangalore,570,2,Non-AC Sleeper,30,750.0,2026-04-10,Friday,2026-03-03,38,False,1.15,0.907,28,93.33
861,Bangalore,Chennai,Bangalore -> Chennai,350,1,AC Seater,41,630.0,2026-05-24,Sunday,2026-04-26,28,False,1.1,1.059,38,92.68
862,Delhi,Agra,Delhi -> Agra,230,2,Non-AC Sleeper,31,350.0,2026-04-14,Tuesday,2026-03-01,44,True,0.8,1.049,19,61.29
863,Bangalore,Chennai,Bangalore -> Chennai,350,1,Non-AC Seater,53,340.0,2025-11-17,Monday,2025-10-22,26,False,0.85,0.925,34,64.15
864,Bangalore,Goa,Bangalore -> Goa,560,3,AC Seater,44,950.0,2025-09-07,Sunday,2025-08-06,32,False,1.1,0.998,24,54.55
865,Pune,Nashik,Pune -> Nashik,210,3,AC Seater,42,340.0,2025-09-17,Wednesday,2025-08-07,41,False,0.82,0.952,21,50.0
866,Ahmedabad,Surat,Ahmedabad -> Surat,265,1,Non-AC Seater,53,270.0,2026-01-04,Sunday,2025-11-26,39,False,1.1,0.97,49,92.45
867,Bangalore,Goa,Bangalore -> Goa,560,3,Non-AC Seater,51,540.0,2025-10-24,Friday,2025-10-06,18,False,1.15,0.918,27,52.94
868,Kochi,Bangalore,Kochi -> Bangalore,550,3,Non-AC Seater,54,600.0,2026-05-31,Sunday,2026-05-17,14,False,1.1,1.039,27,50.0
869,Bangalore,Hyderabad,Bangalore -> Hyderabad,570,2,Non-AC Seater,53,580.0,2026-02-28,Saturday,2026-02-07,21,False,1.25,0.969,35,66.04
870,Kolkata,Digha,Kolkata -> Digha,185,3,AC Sleeper,33,420.0,2025-12-08,Monday,2025-11-01,37,False,0.85,0.987,13,39.39
871,Pune,Kolhapur,Pune -> Kolhapur,230,2,Volvo AC Semi-Sleeper,38,490.0,2026-01-01,Thursday,2025-11-27,35,True,0.95,1.039,36,94.74
872,Surat,Mumbai,Surat -> Mumbai,285,2,AC Sleeper,29,720.0,2026-01-10,Saturday,2025-12-24,17,False,1.25,1.098,16,55.17
873,Ahmedabad,Mumbai,Ahmedabad -> Mumbai,525,2,AC Sleeper,28,1240.0,2026-04-18,Saturday,2026-03-08,41,False,1.25,1.027,24,85.71
874,Chennai,Madurai,Chennai -> Madurai,460,2,Non-AC Sleeper,34,620.0,2026-05-08,Friday,2026-04-18,20,False,1.15,0.93,21,61.76
875,Chennai,Madurai,Chennai -> Madurai,460,2,AC Seater,41,770.0,2026-02-16,Monday,2026-01-29,18,False,0.85,0.985,20,48.78
876,Bangalore,Chennai,Bangalore -> Chennai,350,1,Non-AC Seater,55,350.0,2025-08-24,Sunday,2025-07-27,28,False,1.1,0.952,46,83.64
877,Surat,Mumbai,Surat -> Mumbai,285,2,Non-AC Sleeper,34,430.0,2025-09-30,Tuesday,2025-09-14,16,True,0.8,1.041,22,64.71
878,Chennai,Coimbatore,Chennai -> Coimbatore,500,2,AC Seater,40,940.0,2025-08-24,Sunday,2025-07-15,40,False,1.1,1.106,22,55.0
879,Hyderabad,Vijayawada,Hyderabad -> Vijayawada,275,2,AC Sleeper,28,700.0,2026-05-17,Sunday,2026-04-12,35,False,1.1,1.107,15,53.57
880,Bangalore,Coimbatore,Bangalore -> Coimbatore,365,2,Non-AC Seater,53,400.0,2026-04-15,Wednesday,2026-03-24,22,True,0.82,1.044,28,52.83
881,Pune,Kolhapur,Pune -> Kolhapur,230,2,AC Seater,41,410.0,2025-09-07,Sunday,2025-08-15,23,False,1.1,1.049,30,73.17
882,Jaipur,Udaipur,Jaipur -> Udaipur,400,3,Volvo AC Semi-Sleeper,41,780.0,2026-06-06,Saturday,2026-05-17,20,False,1.25,0.951,22,53.66
883,Chennai,Coimbatore,Chennai -> Coimbatore,500,2,Non-AC Sleeper,35,790.0,2026-01-30,Friday,2026-01-04,26,False,1.15,1.09,26,74.29
884,Ahmedabad,Surat,Ahmedabad -> Surat,265,1,Non-AC Seater,56,310.0,2025-12-08,Monday,2025-10-25,44,False,0.85,1.114,40,71.43
885,Mumbai,Shirdi,Mumbai -> Shirdi,250,2,Non-AC Sleeper,36,330.0,2025-08-16,Saturday,2025-07-23,24,True,1.25,0.91,31,86.11
886,Bangalore,Goa,Bangalore -> Goa,560,3,AC Sleeper,29,1180.0,2026-06-09,Tuesday,2026-04-26,44,False,0.8,0.916,12,41.38
887,Pune,Kolhapur,Pune -> Kolhapur,230,2,Non-AC Seater,48,260.0,2026-06-16,Tuesday,2026-05-24,23,False,0.8,1.077,21,43.75
888,Delhi,Chandigarh,Delhi -> Chandigarh,250,2,Non-AC Seater,54,250.0,2026-03-25,Wednesday,2026-02-19,34,False,0.82,0.952,31,57.41
889,Bangalore,Mysore,Bangalore -> Mysore,145,1,Non-AC Seater,48,140.0,2026-06-09,Tuesday,2026-05-05,35,False,0.8,0.92,35,72.92
890,Bangalore,Chennai,Bangalore -> Chennai,350,1,AC Seater,44,620.0,2025-08-02,Saturday,2025-07-05,28,False,1.25,1.042,38,86.36
891,Chennai,Coimbatore,Chennai -> Coimbatore,500,2,AC Sleeper,29,1200.0,2025-09-23,Tuesday,2025-08-15,39,False,0.8,1.043,16,55.17
892,Bangalore,Chennai,Bangalore -> Chennai,350,1,Volvo AC Semi-Sleeper,39,660.0,2026-06-02,Tuesday,2026-05-09,24,False,0.8,0.92,21,53.85
893,Ahmedabad,Mumbai,Ahmedabad -> Mumbai,525,2,AC Seater,44,830.0,2025-12-30,Tuesday,2025-11-25,35,True,0.8,0.93,34,77.27
894,Pune,Nashik,Pune -> Nashik,210,3,AC Seater,43,330.0,2026-02-24,Tuesday,2026-01-19,36,False,0.8,0.924,23,53.49
895,Delhi,Dehradun,Delhi -> Dehradun,250,2,Volvo AC Semi-Sleeper,38,560.0,2025-12-21,Sunday,2025-11-20,31,False,1.1,1.093,29,76.32
896,Mumbai,Goa,Mumbai -> Goa,590,2,AC Sleeper,28,1440.0,2026-01-16,Friday,2025-12-09,38,True,1.15,1.061,18,64.29
897,Hyderabad,Bangalore,Hyderabad -> Bangalore,570,2,Volvo AC Semi-Sleeper,40,1250.0,2025-08-19,Tuesday,2025-08-04,15,False,0.8,1.07,18,45.0
898,Bangalore,Goa,Bangalore -> Goa,560,3,Non-AC Seater,50,530.0,2026-01-03,Saturday,2025-11-19,45,True,1.25,0.901,50,100.0
899,Mumbai,Nashik,Mumbai -> Nashik,170,2,Non-AC Seater,50,190.0,2026-05-03,Sunday,2026-04-18,15,False,1.1,1.064,33,66.0
900,Delhi,Dehradun,Delhi -> Dehradun,250,2,Non-AC Seater,54,290.0,2025-11-07,Friday,2025-10-19,19,False,1.15,1.105,42,77.78
901,Bangalore,Coimbatore,Bangalore -> Coimbatore,365,2,Non-AC Seater,49,370.0,2026-02-16,Monday,2026-01-08,39,False,0.85,0.965,27,55.1
902,Mumbai,Shirdi,Mumbai -> Shirdi,250,2,AC Seater,41,410.0,2025-08-16,Saturday,2025-07-31,16,True,1.25,0.965,31,75.61
903,Ahmedabad,Surat,Ahmedabad -> Surat,265,1,Non-AC Seater,55,260.0,2026-06-02,Tuesday,2026-04-25,38,False,0.8,0.934,32,58.18
904,Kochi,Bangalore,Kochi -> Bangalore,550,3,Non-AC Seater,56,520.0,2025-08-19,Tuesday,2025-07-14,36,False,0.8,0.9,22,39.29
905,Mumbai,Nashik,Mumbai -> Nashik,170,2,AC Sleeper,28,350.0,2026-03-18,Wednesday,2026-03-02,16,False,0.82,0.895,9,32.14
906,Pune,Nashik,Pune -> Nashik,210,3,Non-AC Sleeper,30,310.0,2025-11-08,Saturday,2025-09-24,45,False,1.25,1.018,19,63.33
907,Delhi,Chandigarh,Delhi -> Chandigarh,250,2,AC Sleeper,29,650.0,2026-03-25,Wednesday,2026-02-24,29,False,0.82,1.13,13,44.83
908,Delhi,Chandigarh,Delhi -> Chandigarh,250,2,AC Seater,40,460.0,2026-04-03,Friday,2026-03-09,25,False,1.15,1.082,31,77.5
909,Delhi,Agra,Delhi -> Agra,230,2,Non-AC Seater,48,270.0,2026-01-16,Friday,2025-12-09,38,True,1.15,1.118,48,100.0
910,Bangalore,Chennai,Bangalore -> Chennai,350,1,Volvo AC Semi-Sleeper,40,660.0,2025-08-09,Saturday,2025-07-25,15,False,1.25,0.92,35,87.5
911,Kochi,Bangalore,Kochi -> Bangalore,550,3,Non-AC Seater,56,640.0,2026-03-31,Tuesday,2026-03-13,18,False,0.8,1.108,21,37.5
912,Mumbai,Shirdi,Mumbai -> Shirdi,250,2,Non-AC Sleeper,32,340.0,2026-02-19,Thursday,2026-02-05,14,False,0.95,0.938,13,40.62
913,Bangalore,Chennai,Bangalore -> Chennai,350,1,Non-AC Sleeper,33,520.0,2026-03-22,Sunday,2026-02-12,38,False,1.1,1.025,32,96.97
914,Bangalore,Goa,Bangalore -> Goa,560,3,AC Seater,43,860.0,2026-02-05,Thursday,2026-01-18,18,False,0.95,0.903,20,46.51
915,Hyderabad,Bangalore,Hyderabad -> Bangalore,570,2,Volvo AC Semi-Sleeper,40,1290.0,2026-04-11,Saturday,2026-03-02,40,False,1.25,1.104,34,85.0
916,Surat,Mumbai,Surat -> Mumbai,285,2,AC Sleeper,32,730.0,2026-05-10,Sunday,2026-04-13,27,False,1.1,1.114,20,62.5
917,Mumbai,Goa,Mumbai -> Goa,590,2,Non-AC Seater,50,550.0,2025-08-21,Thursday,2025-07-07,45,False,0.95,0.888,29,58.0
918,Mumbai,Goa,Mumbai -> Goa,590,2,AC Sleeper,30,1430.0,2026-06-20,Saturday,2026-05-12,39,False,1.25,1.054,26,86.67
919,Kochi,Bangalore,Kochi -> Bangalore,550,3,Non-AC Sleeper,34,840.0,2025-09-18,Thursday,2025-08-27,22,False,0.95,1.053,15,44.12
920,Bangalore,Coimbatore,Bangalore -> Coimbatore,365,2,AC Sleeper,28,790.0,2025-08-25,Monday,2025-08-01,24,True,0.85,0.941,19,67.86
921,Ahmedabad,Mumbai,Ahmedabad -> Mumbai,525,2,AC Seater,43,950.0,2026-04-28,Tuesday,2026-04-05,23,False,0.8,1.064,20,46.51
922,Delhi,Agra,Delhi -> Agra,230,2,Non-AC Seater,49,260.0,2026-06-23,Tuesday,2026-05-19,35,False,0.8,1.077,25,51.02
923,Chennai,Coimbatore,Chennai -> Coimbatore,500,2,Non-AC Seater,50,520.0,2026-03-04,Wednesday,2026-02-13,19,True,0.82,0.99,25,50.0
924,Bangalore,Mysore,Bangalore -> Mysore,145,1,AC Seater,40,250.0,2025-12-01,Monday,2025-11-14,17,False,0.85,1.014,32,80.0
925,Chennai,Madurai,Chennai -> Madurai,460,2,Non-AC Seater,48,550.0,2025-09-14,Sunday,2025-08-24,21,False,1.1,1.139,30,62.5
926,Bangalore,Hyderabad,Bangalore -> Hyderabad,570,2,AC Seater,42,930.0,2026-03-07,Saturday,2026-01-24,42,False,1.25,0.96,41,97.62
927,Kolkata,Digha,Kolkata -> Digha,185,3,Non-AC Sleeper,34,260.0,2026-06-03,Wednesday,2026-05-16,18,False,0.82,0.969,12,35.29
928,Mumbai,Goa,Mumbai -> Goa,590,2,Volvo AC Semi-Sleeper,40,1160.0,2025-11-02,Sunday,2025-09-24,39,True,1.1,0.959,38,95.0
929,Delhi,Jaipur,Delhi -> Jaipur,280,1,Volvo AC Semi-Sleeper,39,640.0,2026-01-05,Monday,2025-12-06,30,False,0.85,1.115,30,76.92
930,Hyderabad,Vijayawada,Hyderabad -> Vijayawada,275,2,Non-AC Sleeper,31,400.0,2026-03-13,Friday,2026-02-26,15,False,1.15,1.003,18,58.06
931,Bangalore,Chennai,Bangalore -> Chennai,350,1,Volvo AC Semi-Sleeper,38,680.0,2025-09-03,Wednesday,2025-08-12,22,False,0.82,0.948,24,63.16
932,Hyderabad,Bangalore,Hyderabad -> Bangalore,570,2,Non-AC Seater,48,530.0,2025-09-22,Monday,2025-08-17,36,False,0.85,0.886,31,64.58
933,Bangalore,Hyderabad,Bangalore -> Hyderabad,570,2,Non-AC Seater,48,570.0,2026-01-06,Tuesday,2025-12-21,16,False,0.8,0.952,22,45.83
934,Pune,Kolhapur,Pune -> Kolhapur,230,2,Non-AC Sleeper,31,350.0,2025-11-23,Sunday,2025-10-10,44,False,1.1,1.049,20,64.52
935,Bangalore,Coimbatore,Bangalore -> Coimbatore,365,2,Non-AC Seater,56,390.0,2026-06-16,Tuesday,2026-05-28,19,False,0.8,1.018,29,51.79
936,Delhi,Chandigarh,Delhi -> Chandigarh,250,2,AC Sleeper,32,610.0,2026-02-01,Sunday,2025-12-23,40,False,1.1,1.061,21,65.62
937,Pune,Nashik,Pune -> Nashik,210,3,Non-AC Sleeper,32,290.0,2026-01-25,Sunday,2025-12-12,44,True,1.1,0.952,27,84.38
938,Mumbai,Goa,Mumbai -> Goa,590,2,AC Sleeper,32,1190.0,2025-08-12,Tuesday,2025-07-21,22,False,0.8,0.877,18,56.25
939,Mumbai,Goa,Mumbai -> Goa,590,2,Non-AC Seater,49,640.0,2025-10-03,Friday,2025-09-19,14,True,1.15,1.033,37,75.51
940,Delhi,Jaipur,Delhi -> Jaipur,280,1,Non-AC Seater,51,260.0,2025-09-14,Sunday,2025-08-18,27,False,1.1,0.884,51,100.0
941,Chennai,Coimbatore,Chennai -> Coimbatore,500,2,AC Seater,43,870.0,2026-03-28,Saturday,2026-02-25,31,False,1.25,1.024,36,83.72
942,Chennai,Madurai,Chennai -> Madurai,460,2,AC Seater,42,870.0,2025-12-02,Tuesday,2025-10-25,38,False,0.8,1.113,25,59.52
943,Kolkata,Digha,Kolkata -> Digha,185,3,Non-AC Sleeper,36,240.0,2026-01-07,Wednesday,2025-12-20,18,False,0.82,0.895,13,36.11
944,Kolkata,Digha,Kolkata -> Digha,185,3,Non-AC Sleeper,32,250.0,2026-05-17,Sunday,2026-04-02,45,False,1.1,0.932,22,68.75
945,Mumbai,Goa,Mumbai -> Goa,590,2,AC Sleeper,30,1200.0,2025-08-16,Saturday,2025-07-27,20,True,1.25,0.884,24,80.0
946,Mumbai,Pune,Mumbai -> Pune,150,1,Non-AC Sleeper,34,200.0,2025-09-08,Monday,2025-07-27,43,False,0.85,0.92,30,88.24
947,Ahmedabad,Mumbai,Ahmedabad -> Mumbai,525,2,Volvo AC Semi-Sleeper,40,1110.0,2026-01-29,Thursday,2026-01-02,27,False,0.95,1.031,24,60.0
948,Bangalore,Hyderabad,Bangalore -> Hyderabad,570,2,Non-AC Sleeper,30,870.0,2026-05-17,Sunday,2026-04-30,17,False,1.1,1.053,18,60.0
949,Mumbai,Goa,Mumbai -> Goa,590,2,Non-AC Seater,55,530.0,2025-11-12,Wednesday,2025-09-28,45,False,0.82,0.856,35,63.64
950,Bangalore,Mysore,Bangalore -> Mysore,145,1,AC Sleeper,32,360.0,2026-01-31,Saturday,2025-12-29,33,False,1.25,1.079,29,90.62
951,Pune,Kolhapur,Pune -> Kolhapur,230,2,Volvo AC Semi-Sleeper,42,510.0,2025-12-14,Sunday,2025-11-02,42,False,1.1,1.082,31,73.81
952,Chennai,Madurai,Chennai -> Madurai,460,2,Non-AC Sleeper,31,730.0,2026-01-08,Thursday,2025-12-17,22,False,0.95,1.094,13,41.94
953,Delhi,Agra,Delhi -> Agra,230,2,Non-AC Seater,48,230.0,2025-10-20,Monday,2025-10-01,19,True,0.85,0.952,30,62.5
954,Bangalore,Coimbatore,Bangalore -> Coimbatore,365,2,AC Seater,43,680.0,2026-04-26,Sunday,2026-04-03,23,False,1.1,1.096,32,74.42
955,Surat,Mumbai,Surat -> Mumbai,285,2,Non-AC Sleeper,31,440.0,2025-11-22,Saturday,2025-10-28,25,False,1.25,1.065,15,48.39
956,Mumbai,Shirdi,Mumbai -> Shirdi,250,2,Non-AC Seater,48,260.0,2025-12-29,Monday,2025-11-24,35,False,0.85,0.99,30,62.5
957,Ahmedabad,Mumbai,Ahmedabad -> Mumbai,525,2,AC Sleeper,28,1290.0,2026-02-13,Friday,2026-01-20,24,False,1.15,1.068,17,60.71
958,Bangalore,Goa,Bangalore -> Goa,560,3,Volvo AC Semi-Sleeper,38,1040.0,2026-05-25,Monday,2026-05-10,15,False,0.85,0.906,16,42.11
959,Mumbai,Pune,Mumbai -> Pune,150,1,AC Seater,41,250.0,2026-01-12,Monday,2025-12-11,32,True,0.85,0.98,35,85.37
960,Hyderabad,Bangalore,Hyderabad -> Bangalore,570,2,Volvo AC Semi-Sleeper,40,1220.0,2025-09-28,Sunday,2025-08-24,35,False,1.1,1.044,22,55.0
961,Ahmedabad,Surat,Ahmedabad -> Surat,265,1,AC Seater,41,460.0,2025-11-24,Monday,2025-10-14,41,False,0.85,1.021,24,58.54
962,Hyderabad,Bangalore,Hyderabad -> Bangalore,570,2,Non-AC Seater,50,570.0,2026-02-12,Thursday,2026-01-07,36,False,0.95,0.952,33,66.0
963,Bangalore,Coimbatore,Bangalore -> Coimbatore,365,2,AC Sleeper,30,830.0,2025-09-14,Sunday,2025-08-31,14,False,1.1,0.989,20,66.67
964,Surat,Mumbai,Surat -> Mumbai,285,2,Non-AC Sleeper,30,440.0,2025-08-05,Tuesday,2025-07-17,19,False,0.8,1.065,13,43.33
965,Bangalore,Goa,Bangalore -> Goa,560,3,Non-AC Sleeper,35,730.0,2025-12-20,Saturday,2025-11-15,35,False,1.25,0.899,25,71.43
966,Surat,Mumbai,Surat -> Mumbai,285,2,Non-AC Sleeper,33,450.0,2025-08-12,Tuesday,2025-07-20,23,False,0.8,1.089,12,36.36
967,Mumbai,Shirdi,Mumbai -> Shirdi,250,2,Volvo AC Semi-Sleeper,40,520.0,2026-06-04,Thursday,2026-05-05,30,False,0.95,1.015,23,57.5
968,Pune,Kolhapur,Pune -> Kolhapur,230,2,Non-AC Sleeper,34,340.0,2026-06-09,Tuesday,2026-04-26,44,False,0.8,1.019,17,50.0
969,Hyderabad,Vijayawada,Hyderabad -> Vijayawada,275,2,Non-AC Sleeper,30,370.0,2025-10-29,Wednesday,2025-10-03,26,False,0.82,0.928,13,43.33
970,Delhi,Agra,Delhi -> Agra,230,2,AC Seater,45,350.0,2025-10-22,Wednesday,2025-09-15,37,True,0.82,0.895,32,71.11
971,Ahmedabad,Surat,Ahmedabad -> Surat,265,1,Volvo AC Semi-Sleeper,42,490.0,2025-08-25,Monday,2025-08-09,16,True,0.85,0.902,27,64.29
972,Delhi,Agra,Delhi -> Agra,230,2,Non-AC Sleeper,34,300.0,2026-01-23,Friday,2025-12-14,40,False,1.15,0.9,28,82.35
973,Chennai,Coimbatore,Chennai -> Coimbatore,500,2,Non-AC Sleeper,33,780.0,2026-05-30,Saturday,2026-04-20,40,False,1.25,1.076,26,78.79
974,Ahmedabad,Mumbai,Ahmedabad -> Mumbai,525,2,Non-AC Sleeper,33,720.0,2026-05-19,Tuesday,2026-04-19,30,False,0.8,0.946,17,51.52
975,Delhi,Dehradun,Delhi -> Dehradun,250,2,Non-AC Seater,55,240.0,2026-03-08,Sunday,2026-02-05,31,False,1.1,0.914,50,90.91
976,Chennai,Madurai,Chennai -> Madurai,460,2,Non-AC Sleeper,30,640.0,2026-02-22,Sunday,2026-02-01,21,False,1.1,0.96,19,63.33
977,Bangalore,Mysore,Bangalore -> Mysore,145,1,AC Sleeper,28,290.0,2026-04-19,Sunday,2026-04-03,16,False,1.1,0.87,21,75.0
978,Ahmedabad,Surat,Ahmedabad -> Surat,265,1,AC Seater,45,430.0,2025-10-31,Friday,2025-09-26,35,True,1.15,0.954,45,100.0
979,Mumbai,Goa,Mumbai -> Goa,590,2,Non-AC Sleeper,32,860.0,2025-09-21,Sunday,2025-08-17,35,False,1.1,1.005,24,75.0
980,Mumbai,Goa,Mumbai -> Goa,590,2,Volvo AC Semi-Sleeper,42,1330.0,2025-12-21,Sunday,2025-11-11,40,False,1.1,1.1,36,85.71
981,Delhi,Dehradun,Delhi -> Dehradun,250,2,Non-AC Sleeper,31,400.0,2026-02-02,Monday,2026-01-05,28,False,0.85,1.103,19,61.29
982,Bangalore,Chennai,Bangalore -> Chennai,350,1,AC Sleeper,28,820.0,2026-06-26,Friday,2026-06-02,24,False,1.15,1.019,27,96.43
983,Chennai,Coimbatore,Chennai -> Coimbatore,500,2,AC Seater,42,870.0,2025-08-03,Sunday,2025-07-10,24,False,1.1,1.024,30,71.43
984,Bangalore,Chennai,Bangalore -> Chennai,350,1,AC Sleeper,29,710.0,2026-05-21,Thursday,2026-04-26,25,False,0.95,0.882,28,96.55
985,Mumbai,Goa,Mumbai -> Goa,590,2,Volvo AC Semi-Sleeper,38,1260.0,2025-11-21,Friday,2025-10-16,36,False,1.15,1.042,32,84.21
986,Delhi,Dehradun,Delhi -> Dehradun,250,2,AC Seater,41,460.0,2025-08-13,Wednesday,2025-07-08,36,True,0.82,1.082,27,65.85
987,Ahmedabad,Mumbai,Ahmedabad -> Mumbai,525,2,Non-AC Sleeper,34,690.0,2025-08-01,Friday,2025-07-13,19,False,1.15,0.906,21,61.76
988,Kochi,Bangalore,Kochi -> Bangalore,550,3,AC Sleeper,33,1410.0,2025-10-06,Monday,2025-08-25,42,False,0.85,1.115,16,48.48
989,Mumbai,Pune,Mumbai -> Pune,150,1,Non-AC Seater,48,160.0,2026-04-21,Tuesday,2026-03-23,29,False,0.8,1.016,20,41.67
990,Jaipur,Udaipur,Jaipur -> Udaipur,400,3,AC Seater,40,650.0,2026-04-01,Wednesday,2026-02-22,38,False,0.82,0.956,16,40.0
991,Mumbai,Goa,Mumbai -> Goa,590,2,AC Sleeper,28,1290.0,2026-02-23,Monday,2026-01-25,29,False,0.85,0.951,16,57.14
992,Bangalore,Hyderabad,Bangalore -> Hyderabad,570,2,AC Sleeper,34,1290.0,2026-01-15,Thursday,2025-12-18,28,True,0.95,0.984,31,91.18
993,Jaipur,Udaipur,Jaipur -> Udaipur,400,3,Non-AC Sleeper,33,590.0,2025-12-15,Monday,2025-11-09,36,False,0.85,1.017,13,39.39
994,Bangalore,Mysore,Bangalore -> Mysore,145,1,Volvo AC Semi-Sleeper,42,330.0,2025-09-27,Saturday,2025-08-15,43,False,1.25,1.11,40,95.24
995,Bangalore,Hyderabad,Bangalore -> Hyderabad,570,2,Non-AC Sleeper,31,860.0,2025-12-26,Friday,2025-12-10,16,True,1.15,1.041,28,90.32
996,Ahmedabad,Mumbai,Ahmedabad -> Mumbai,525,2,Volvo AC Semi-Sleeper,40,1130.0,2025-10-06,Monday,2025-08-30,37,False,0.85,1.05,23,57.5
997,Pune,Kolhapur,Pune -> Kolhapur,230,2,AC Sleeper,30,490.0,2026-04-06,Monday,2026-03-04,33,False,0.85,0.926,19,63.33
998,Chennai,Madurai,Chennai -> Madurai,460,2,AC Seater,43,690.0,2026-06-15,Monday,2026-05-05,41,False,0.85,0.882,28,65.12
999,Hyderabad,Vijayawada,Hyderabad -> Vijayawada,275,2,AC Sleeper,30,680.0,2025-09-13,Saturday,2025-08-23,21,False,1.25,1.075,15,50.0
1000,Delhi,Agra,Delhi -> Agra,230,2,AC Sleeper,33,510.0,2025-12-17,Wednesday,2025-11-06,41,False,0.82,0.964,21,63.64
1001,Surat,Mumbai,Surat -> Mumbai,285,2,Non-AC Sleeper,36,370.0,2026-02-06,Friday,2026-01-04,33,False,1.15,0.895,27,75.0
1002,Delhi,Chandigarh,Delhi -> Chandigarh,250,2,Volvo AC Semi-Sleeper,41,520.0,2026-04-05,Sunday,2026-03-07,29,False,1.1,1.015,31,75.61
1003,Bangalore,Mysore,Bangalore -> Mysore,145,1,Volvo AC Semi-Sleeper,41,280.0,2026-03-15,Sunday,2026-02-13,30,False,1.1,0.942,35,85.37
1004,Kolkata,Digha,Kolkata -> Digha,185,3,AC Sleeper,32,480.0,2025-10-21,Tuesday,2025-09-06,45,True,0.8,1.128,15,46.88
1005,Chennai,Coimbatore,Chennai -> Coimbatore,500,2,Volvo AC Semi-Sleeper,42,1050.0,2026-04-09,Thursday,2026-02-27,41,False,0.95,1.024,22,52.38
1006,Pune,Nashik,Pune -> Nashik,210,3,Non-AC Seater,52,240.0,2026-01-23,Friday,2025-12-24,30,False,1.15,1.088,31,59.62
1007,Delhi,Jaipur,Delhi -> Jaipur,280,1,Volvo AC Semi-Sleeper,42,560.0,2025-09-06,Saturday,2025-07-29,39,False,1.25,0.976,41,97.62
1008,Chennai,Madurai,Chennai -> Madurai,460,2,Volvo AC Semi-Sleeper,40,850.0,2026-06-07,Sunday,2026-05-20,18,False,1.1,0.901,30,75.0
1009,Bangalore,Goa,Bangalore -> Goa,560,3,Volvo AC Semi-Sleeper,42,1020.0,2026-01-09,Friday,2025-11-25,45,False,1.15,0.889,35,83.33
1010,Mumbai,Pune,Mumbai -> Pune,150,1,Non-AC Seater,52,140.0,2026-02-26,Thursday,2026-01-21,36,False,0.95,0.889,40,76.92
1011,Bangalore,Hyderabad,Bangalore -> Hyderabad,570,2,AC Sleeper,32,1340.0,2025-10-16,Thursday,2025-09-07,39,False,0.95,1.022,23,71.88
1012,Mumbai,Shirdi,Mumbai -> Shirdi,250,2,AC Seater,41,460.0,2026-04-01,Wednesday,2026-03-01,31,False,0.82,1.082,23,56.1
1013,Hyderabad,Vijayawada,Hyderabad -> Vijayawada,275,2,Volvo AC Semi-Sleeper,40,540.0,2025-10-15,Wednesday,2025-09-11,34,False,0.82,0.958,20,50.0
1014,Chennai,Coimbatore,Chennai -> Coimbatore,500,2,Non-AC Sleeper,33,800.0,2025-09-23,Tuesday,2025-09-06,17,False,0.8,1.103,16,48.48
1015,Bangalore,Chennai,Bangalore -> Chennai,350,1,Volvo AC Semi-Sleeper,40,730.0,2026-05-15,Friday,2026-04-22,23,False,1.15,1.017,26,65.0
1016,Bangalore,Coimbatore,Bangalore -> Coimbatore,365,2,Non-AC Seater,52,360.0,2025-08-14,Thursday,2025-07-06,39,True,0.95,0.939,42,80.77
1017,Kolkata,Digha,Kolkata -> Digha,185,3,Non-AC Sleeper,33,280.0,2026-06-05,Friday,2026-05-09,27,False,1.15,1.044,15,45.45
1018,Chennai,Madurai,Chennai -> Madurai,460,2,Non-AC Sleeper,34,670.0,2025-08-26,Tuesday,2025-07-15,42,True,0.8,1.004,27,79.41
1019,Surat,Mumbai,Surat -> Mumbai,285,2,Non-AC Seater,50,330.0,2026-06-21,Sunday,2026-05-13,39,False,1.1,1.103,29,58.0
1020,Ahmedabad,Surat,Ahmedabad -> Surat,265,1,Non-AC Seater,52,310.0,2025-10-14,Tuesday,2025-09-21,23,False,0.8,1.114,28,53.85
1021,Pune,Nashik,Pune -> Nashik,210,3,AC Sleeper,34,460.0,2025-09-16,Tuesday,2025-08-05,42,False,0.8,0.952,16,47.06
1022,Chennai,Coimbatore,Chennai -> Coimbatore,500,2,AC Seater,41,830.0,2025-09-16,Tuesday,2025-08-07,40,False,0.8,0.976,24,58.54
1023,Bangalore,Mysore,Bangalore -> Mysore,145,1,AC Seater,44,220.0,2026-04-06,Monday,2026-03-22,15,False,0.85,0.892,24,54.55
1024,Jaipur,Udaipur,Jaipur -> Udaipur,400,3,AC Sleeper,33,900.0,2026-02-13,Friday,2026-01-07,37,False,1.15,0.978,21,63.64
1025,Bangalore,Goa,Bangalore -> Goa,560,3,Volvo AC Semi-Sleeper,42,1120.0,2026-04-24,Friday,2026-04-07,17,False,1.15,0.976,21,50.0
1026,Chennai,Madurai,Chennai -> Madurai,460,2,AC Sleeper,33,1000.0,2025-12-27,Saturday,2025-11-18,39,True,1.25,0.945,32,96.97
1027,Mumbai,Nashik,Mumbai -> Nashik,170,2,AC Seater,41,260.0,2026-04-26,Sunday,2026-04-04,22,False,1.1,0.9,28,68.29
1028,Mumbai,Nashik,Mumbai -> Nashik,170,2,Non-AC Sleeper,36,270.0,2026-04-05,Sunday,2026-02-22,42,False,1.1,1.095,25,69.44
1029,Bangalore,Hyderabad,Bangalore -> Hyderabad,570,2,Volvo AC Semi-Sleeper,39,1110.0,2025-12-24,Wednesday,2025-12-02,22,True,0.82,0.95,31,79.49
1030,Mumbai,Shirdi,Mumbai -> Shirdi,250,2,Non-AC Seater,52,240.0,2025-12-25,Thursday,2025-11-12,43,True,0.95,0.914,51,98.08
1031,Jaipur,Udaipur,Jaipur -> Udaipur,400,3,Non-AC Seater,52,390.0,2025-09-17,Wednesday,2025-08-15,33,False,0.82,0.929,20,38.46
1032,Pune,Nashik,Pune -> Nashik,210,3,AC Seater,41,370.0,2025-12-12,Friday,2025-11-18,24,False,1.15,1.036,21,51.22
1033,Chennai,Madurai,Chennai -> Madurai,460,2,AC Sleeper,28,1090.0,2026-05-24,Sunday,2026-04-22,32,False,1.1,1.03,19,67.86
1034,Delhi,Agra,Delhi -> Agra,230,2,Non-AC Sleeper,32,310.0,2026-05-08,Friday,2026-04-14,24,False,1.15,0.93,25,78.12
1035,Bangalore,Hyderabad,Bangalore -> Hyderabad,570,2,Volvo AC Semi-Sleeper,40,1110.0,2026-02-24,Tuesday,2026-01-18,37,False,0.8,0.95,20,50.0
1036,Chennai,Coimbatore,Chennai -> Coimbatore,500,2,Non-AC Seater,55,550.0,2025-11-22,Saturday,2025-10-22,31,False,1.25,1.048,46,83.64
1037,Jaipur,Udaipur,Jaipur -> Udaipur,400,3,Volvo AC Semi-Sleeper,39,850.0,2026-03-12,Thursday,2026-02-22,18,False,0.95,1.037,18,46.15
1038,Pune,Nashik,Pune -> Nashik,210,3,AC Seater,40,400.0,2026-01-20,Tuesday,2025-12-18,33,False,0.8,1.12,15,37.5
1039,Jaipur,Udaipur,Jaipur -> Udaipur,400,3,Non-AC Sleeper,33,530.0,2026-02-13,Friday,2026-01-12,32,False,1.15,0.914,17,51.52
1040,Ahmedabad,Mumbai,Ahmedabad -> Mumbai,525,2,Non-AC Seater,49,600.0,2026-01-16,Friday,2025-12-16,31,True,1.15,1.088,48,97.96
1041,Delhi,Chandigarh,Delhi -> Chandigarh,250,2,AC Seater,44,460.0,2025-08-11,Monday,2025-07-07,35,False,0.85,1.082,22,50.0
1042,Pune,Nashik,Pune -> Nashik,210,3,Non-AC Sleeper,30,320.0,2025-11-01,Saturday,2025-10-07,25,True,1.25,1.051,20,66.67
1043,Pune,Kolhapur,Pune -> Kolhapur,230,2,AC Seater,41,420.0,2025-10-22,Wednesday,2025-09-14,38,True,0.82,1.074,34,82.93
1044,Bangalore,Hyderabad,Bangalore -> Hyderabad,570,2,Volvo AC Semi-Sleeper,39,1110.0,2026-01-27,Tuesday,2026-01-07,20,True,0.8,0.95,32,82.05
1045,Jaipur,Udaipur,Jaipur -> Udaipur,400,3,AC Seater,45,630.0,2025-08-28,Thursday,2025-07-17,42,True,0.95,0.926,28,62.22
1046,Bangalore,Mysore,Bangalore -> Mysore,145,1,AC Sleeper,34,290.0,2025-10-13,Monday,2025-09-23,20,False,0.85,0.87,22,64.71
1047,Surat,Mumbai,Surat -> Mumbai,285,2,Volvo AC Semi-Sleeper,40,610.0,2026-05-24,Sunday,2026-04-28,26,False,1.1,1.044,30,75.0
1048,Bangalore,Chennai,Bangalore -> Chennai,350,1,AC Seater,42,550.0,2025-11-20,Thursday,2025-11-02,18,False,0.95,0.924,32,76.19
1049,Kochi,Bangalore,Kochi -> Bangalore,550,3,AC Seater,40,900.0,2026-02-08,Sunday,2025-12-29,41,False,1.1,0.963,21,52.5
1050,Delhi,Jaipur,Delhi -> Jaipur,280,1,AC Sleeper,30,620.0,2026-06-04,Thursday,2026-04-26,39,False,0.95,0.963,22,73.33
1051,Jaipur,Udaipur,Jaipur -> Udaipur,400,3,Volvo AC Semi-Sleeper,39,830.0,2025-11-16,Sunday,2025-10-24,23,False,1.1,1.012,22,56.41
1052,Bangalore,Chennai,Bangalore -> Chennai,350,1,Volvo AC Semi-Sleeper,38,760.0,2025-08-01,Friday,2025-07-13,19,False,1.15,1.059,31,81.58
1053,Kochi,Bangalore,Kochi -> Bangalore,550,3,Non-AC Sleeper,35,750.0,2026-01-10,Saturday,2025-12-03,38,False,1.25,0.94,20,57.14
1054,Mumbai,Goa,Mumbai -> Goa,590,2,Non-AC Sleeper,32,940.0,2026-02-18,Wednesday,2026-01-16,33,False,0.82,1.099,14,43.75
1055,Bangalore,Coimbatore,Bangalore -> Coimbatore,365,2,AC Seater,44,640.0,2025-08-13,Wednesday,2025-07-11,33,True,0.82,1.031,31,70.45
1056,Mumbai,Goa,Mumbai -> Goa,590,2,AC Sleeper,31,1450.0,2026-06-26,Friday,2026-05-30,27,False,1.15,1.069,14,45.16
1057,Bangalore,Hyderabad,Bangalore -> Hyderabad,570,2,AC Seater,43,860.0,2025-08-16,Saturday,2025-08-01,15,True,1.25,0.888,37,86.05
1058,Bangalore,Mysore,Bangalore -> Mysore,145,1,AC Sleeper,34,310.0,2025-12-19,Friday,2025-11-17,32,False,1.15,0.93,33,97.06
1059,Kochi,Bangalore,Kochi -> Bangalore,550,3,AC Sleeper,31,1150.0,2025-08-21,Thursday,2025-07-17,35,False,0.95,0.909,14,45.16
1060,Bangalore,Coimbatore,Bangalore -> Coimbatore,365,2,AC Seater,44,610.0,2026-05-21,Thursday,2026-04-14,37,False,0.95,0.983,26,59.09
1061,Delhi,Agra,Delhi -> Agra,230,2,Volvo AC Semi-Sleeper,38,530.0,2026-04-10,Friday,2026-03-09,32,False,1.15,1.124,28,73.68
1062,Delhi,Dehradun,Delhi -> Dehradun,250,2,Volvo AC Semi-Sleeper,42,550.0,2025-12-05,Friday,2025-10-29,37,False,1.15,1.073,35,83.33
1063,Bangalore,Mysore,Bangalore -> Mysore,145,1,Volvo AC Semi-Sleeper,42,300.0,2026-06-08,Monday,2026-05-20,19,False,0.85,1.009,24,57.14
1064,Delhi,Jaipur,Delhi -> Jaipur,280,1,Non-AC Sleeper,33,440.0,2025-09-19,Friday,2025-08-23,27,False,1.15,1.084,25,75.76
1065,Delhi,Dehradun,Delhi -> Dehradun,250,2,Volvo AC Semi-Sleeper,41,570.0,2026-04-24,Friday,2026-03-22,33,False,1.15,1.112,24,58.54
1066,Bangalore,Chennai,Bangalore -> Chennai,350,1,Non-AC Sleeper,34,530.0,2026-01-29,Thursday,2025-12-17,43,False,0.95,1.044,30,88.24
1067,Pune,Kolhapur,Pune -> Kolhapur,230,2,Volvo AC Semi-Sleeper,40,480.0,2026-02-07,Saturday,2025-12-27,42,False,1.25,1.018,22,55.0
1068,Pune,Nashik,Pune -> Nashik,210,3,AC Sleeper,34,450.0,2026-01-06,Tuesday,2025-11-30,37,False,0.8,0.932,15,44.12
1069,Kolkata,Digha,Kolkata -> Digha,185,3,AC Sleeper,33,390.0,2025-12-25,Thursday,2025-11-27,28,True,0.95,0.917,25,75.76
1070,Pune,Nashik,Pune -> Nashik,210,3,Non-AC Seater,55,220.0,2025-08-05,Tuesday,2025-07-20,16,False,0.8,0.998,23,41.82
1071,Mumbai,Goa,Mumbai -> Goa,590,2,AC Sleeper,29,1490.0,2025-10-23,Thursday,2025-09-15,38,True,0.95,1.098,29,100.0
1072,Bangalore,Hyderabad,Bangalore -> Hyderabad,570,2,Non-AC Sleeper,31,760.0,2026-04-05,Sunday,2026-03-06,30,False,1.1,0.92,22,70.97
1073,Delhi,Dehradun,Delhi -> Dehradun,250,2,Non-AC Sleeper,31,360.0,2026-04-08,Wednesday,2026-03-14,25,False,0.82,0.993,15,48.39
1074,Bangalore,Coimbatore,Bangalore -> Coimbatore,365,2,Non-AC Sleeper,31,500.0,2025-08-05,Tuesday,2025-06-23,43,False,0.8,0.945,17,54.84
1075,Pune,Kolhapur,Pune -> Kolhapur,230,2,Non-AC Seater,49,230.0,2026-06-26,Friday,2026-05-31,26,False,1.15,0.952,31,63.27
1076,Mumbai,Goa,Mumbai -> Goa,590,2,AC Seater,41,900.0,2025-12-20,Saturday,2025-11-11,39,False,1.25,0.897,36,87.8
1077,Ahmedabad,Mumbai,Ahmedabad -> Mumbai,525,2,Non-AC Sleeper,31,790.0,2025-11-21,Friday,2025-10-29,23,False,1.15,1.038,21,67.74
1078,Delhi,Jaipur,Delhi -> Jaipur,280,1,AC Sleeper,34,720.0,2025-12-12,Friday,2025-11-07,35,False,1.15,1.118,34,100.0
1079,Delhi,Chandigarh,Delhi -> Chandigarh,250,2,Volvo AC Semi-Sleeper,40,510.0,2026-04-21,Tuesday,2026-03-23,29,False,0.8,0.995,15,37.5
1080,Delhi,Agra,Delhi -> Agra,230,2,AC Sleeper,28,560.0,2025-09-04,Thursday,2025-07-22,44,False,0.95,1.059,18,64.29
1081,Delhi,Chandigarh,Delhi -> Chandigarh,250,2,Non-AC Seater,52,290.0,2026-05-06,Wednesday,2026-04-09,27,False,0.82,1.105,27,51.92
1082,Pune,Kolhapur,Pune -> Kolhapur,230,2,AC Seater,43,430.0,2025-10-04,Saturday,2025-08-21,44,True,1.25,1.1,43,100.0
1083,Hyderabad,Vijayawada,Hyderabad -> Vijayawada,275,2,Non-AC Seater,56,310.0,2025-11-25,Tuesday,2025-11-11,14,False,0.8,1.074,19,33.93
1084,Pune,Kolhapur,Pune -> Kolhapur,230,2,AC Sleeper,30,460.0,2026-05-03,Sunday,2026-04-15,18,False,1.1,0.87,18,60.0
1085,Mumbai,Goa,Mumbai -> Goa,590,2,Non-AC Sleeper,30,880.0,2026-03-06,Friday,2026-02-05,29,True,1.15,1.029,29,96.67
1086,Jaipur,Udaipur,Jaipur -> Udaipur,400,3,AC Sleeper,30,870.0,2025-09-13,Saturday,2025-08-30,14,False,1.25,0.946,17,56.67
1087,Bangalore,Chennai,Bangalore -> Chennai,350,1,AC Seater,40,550.0,2025-11-13,Thursday,2025-10-22,22,False,0.95,0.924,31,77.5
1088,Mumbai,Pune,Mumbai -> Pune,150,1,Non-AC Seater,49,160.0,2026-04-20,Monday,2026-03-17,34,False,0.85,1.016,32,65.31
1089,Delhi,Jaipur,Delhi -> Jaipur,280,1,Volvo AC Semi-Sleeper,39,580.0,2026-04-23,Thursday,2026-03-14,40,False,0.95,1.01,35,89.74
1090,Mumbai,Shirdi,Mumbai -> Shirdi,250,2,Volvo AC Semi-Sleeper,40,460.0,2026-03-28,Saturday,2026-03-01,27,False,1.25,0.898,29,72.5
1091,Bangalore,Hyderabad,Bangalore -> Hyderabad,570,2,AC Seater,45,920.0,2025-12-21,Sunday,2025-12-03,18,False,1.1,0.949,32,71.11
1092,Delhi,Agra,Delhi -> Agra,230,2,Volvo AC Semi-Sleeper,42,500.0,2025-12-17,Wednesday,2025-11-13,34,False,0.82,1.06,26,61.9
1093,Mumbai,Goa,Mumbai -> Goa,590,2,Non-AC Sleeper,33,890.0,2025-08-11,Monday,2025-07-17,25,False,0.85,1.04,19,57.58
1094,Hyderabad,Vijayawada,Hyderabad -> Vijayawada,275,2,AC Seater,41,450.0,2026-04-25,Saturday,2026-03-13,43,False,1.25,0.963,37,90.24
1095,Delhi,Jaipur,Delhi -> Jaipur,280,1,AC Sleeper,32,660.0,2026-01-06,Tuesday,2025-11-28,39,False,0.8,1.025,20,62.5
1096,Bangalore,Mysore,Bangalore -> Mysore,145,1,Non-AC Sleeper,33,200.0,2025-08-27,Wednesday,2025-07-30,28,True,0.82,0.951,24,72.73
1097,Delhi,Agra,Delhi -> Agra,230,2,AC Sleeper,34,570.0,2025-08-14,Thursday,2025-07-18,27,True,0.95,1.078,24,70.59
1098,Bangalore,Hyderabad,Bangalore -> Hyderabad,570,2,AC Seater,44,1000.0,2026-01-19,Monday,2025-12-16,34,False,0.85,1.032,24,54.55
1099,Mumbai,Nashik,Mumbai -> Nashik,170,2,AC Sleeper,28,390.0,2026-06-16,Tuesday,2026-05-22,25,False,0.8,0.997,11,39.29
1100,Delhi,Dehradun,Delhi -> Dehradun,250,2,AC Sleeper,32,540.0,2025-08-25,Monday,2025-08-02,23,True,0.85,0.939,19,59.38
1101,Hyderabad,Vijayawada,Hyderabad -> Vijayawada,275,2,Non-AC Sleeper,33,390.0,2025-11-01,Saturday,2025-09-21,41,True,1.25,0.978,31,93.94
1102,Bangalore,Goa,Bangalore -> Goa,560,3,Non-AC Sleeper,34,760.0,2025-12-05,Friday,2025-10-27,39,False,1.15,0.936,19,55.88
1103,Mumbai,Shirdi,Mumbai -> Shirdi,250,2,Non-AC Sleeper,34,330.0,2026-03-24,Tuesday,2026-03-10,14,False,0.8,0.91,15,44.12
1104,Chennai,Coimbatore,Chennai -> Coimbatore,500,2,Volvo AC Semi-Sleeper,38,1070.0,2025-08-03,Sunday,2025-07-10,24,False,1.1,1.044,36,94.74
1105,Pune,Kolhapur,Pune -> Kolhapur,230,2,Volvo AC Semi-Sleeper,40,480.0,2025-11-16,Sunday,2025-11-02,14,False,1.1,1.018,18,45.0
1106,Bangalore,Chennai,Bangalore -> Chennai,350,1,Non-AC Seater,53,360.0,2025-09-16,Tuesday,2025-08-22,25,False,0.8,0.98,32,60.38
1107,Ahmedabad,Surat,Ahmedabad -> Surat,265,1,AC Seater,40,410.0,2025-09-07,Sunday,2025-08-06,32,False,1.1,0.91,40,100.0
1108,Kochi,Bangalore,Kochi -> Bangalore,550,3,AC Sleeper,30,1100.0,2025-09-21,Sunday,2025-08-08,44,False,1.1,0.87,17,56.67
1109,Mumbai,Shirdi,Mumbai -> Shirdi,250,2,Non-AC Seater,55,280.0,2025-12-18,Thursday,2025-11-18,30,False,0.95,1.067,41,74.55
1110,Surat,Mumbai,Surat -> Mumbai,285,2,Non-AC Sleeper,34,410.0,2025-11-03,Monday,2025-09-19,45,True,0.85,0.992,33,97.06
1111,Pune,Kolhapur,Pune -> Kolhapur,230,2,Non-AC Seater,53,270.0,2026-06-25,Thursday,2026-05-16,40,False,0.95,1.118,39,73.58
1112,Kolkata,Digha,Kolkata -> Digha,185,3,Non-AC Sleeper,31,250.0,2026-05-08,Friday,2026-04-03,35,False,1.15,0.932,18,58.06
1113,Chennai,Madurai,Chennai -> Madurai,460,2,Non-AC Sleeper,34,730.0,2026-01-22,Thursday,2025-12-09,44,False,0.95,1.094,23,67.65
1114,Delhi,Jaipur,Delhi -> Jaipur,280,1,AC Sleeper,30,630.0,2026-05-18,Monday,2026-04-30,18,False,0.85,0.978,25,83.33
1115,Hyderabad,Vijayawada,Hyderabad -> Vijayawada,275,2,Non-AC Seater,51,310.0,2025-09-17,Wednesday,2025-08-10,38,False,0.82,1.074,25,49.02
1116,Delhi,Agra,Delhi -> Agra,230,2,AC Seater,43,380.0,2026-01-16,Friday,2025-12-12,35,True,1.15,0.972,36,83.72
1117,Mumbai,Goa,Mumbai -> Goa,590,2,Volvo AC Semi-Sleeper,40,1220.0,2026-05-21,Thursday,2026-04-15,36,False,0.95,1.009,26,65.0
1118,Ahmedabad,Mumbai,Ahmedabad -> Mumbai,525,2,Non-AC Seater,52,550.0,2026-04-28,Tuesday,2026-03-18,41,False,0.8,0.998,29,55.77
1119,Bangalore,Hyderabad,Bangalore -> Hyderabad,570,2,AC Seater,43,920.0,2025-12-10,Wednesday,2025-11-14,26,False,0.82,0.949,24,55.81
1120,Chennai,Madurai,Chennai -> Madurai,460,2,Volvo AC Semi-Sleeper,40,980.0,2026-04-15,Wednesday,2026-03-19,27,True,0.82,1.039,24,60.0
1121,Chennai,Madurai,Chennai -> Madurai,460,2,AC Seater,45,750.0,2026-05-16,Saturday,2026-04-24,22,False,1.25,0.959,40,88.89
1122,Kolkata,Digha,Kolkata -> Digha,185,3,Non-AC Seater,49,200.0,2025-10-22,Wednesday,2025-09-21,31,True,0.82,1.03,33,67.35
1123,Delhi,Dehradun,Delhi -> Dehradun,250,2,Volvo AC Semi-Sleeper,38,560.0,2025-09-16,Tuesday,2025-08-13,34,False,0.8,1.093,22,57.89
1124,Hyderabad,Vijayawada,Hyderabad -> Vijayawada,275,2,AC Sleeper,32,630.0,2026-03-23,Monday,2026-03-08,15,False,0.85,0.996,14,43.75
1125,Delhi,Jaipur,Delhi -> Jaipur,280,1,Non-AC Sleeper,30,390.0,2025-10-27,Monday,2025-10-04,23,False,0.85,0.961,24,80.0
1126,Delhi,Chandigarh,Delhi -> Chandigarh,250,2,Non-AC Sleeper,33,330.0,2025-11-28,Friday,2025-11-12,16,False,1.15,0.91,20,60.61
1127,Kolkata,Digha,Kolkata -> Digha,185,3,Non-AC Seater,55,200.0,2025-10-03,Friday,2025-08-24,40,True,1.15,1.03,48,87.27
1128,Pune,Nashik,Pune -> Nashik,210,3,AC Seater,45,330.0,2026-04-05,Sunday,2026-03-20,16,False,1.1,0.924,17,37.78
1129,Ahmedabad,Surat,Ahmedabad -> Surat,265,1,Volvo AC Semi-Sleeper,42,530.0,2025-11-07,Friday,2025-10-14,24,False,1.15,0.976,41,97.62
1130,Kolkata,Digha,Kolkata -> Digha,185,3,AC Sleeper,34,450.0,2025-09-07,Sunday,2025-08-22,16,False,1.1,1.058,12,35.29
1131,Mumbai,Nashik,Mumbai -> Nashik,170,2,Non-AC Sleeper,31,270.0,2026-06-26,Friday,2026-05-22,35,False,1.15,1.095,21,67.74
1132,Mumbai,Goa,Mumbai -> Goa,590,2,Non-AC Seater,51,590.0,2026-01-24,Saturday,2026-01-06,18,True,1.25,0.952,34,66.67
1133,Mumbai,Shirdi,Mumbai -> Shirdi,250,2,AC Sleeper,34,550.0,2025-10-31,Friday,2025-10-07,24,True,1.15,0.957,32,94.12
1134,Mumbai,Goa,Mumbai -> Goa,590,2,Non-AC Sleeper,33,790.0,2025-10-02,Thursday,2025-09-05,27,True,0.95,0.923,28,84.85
1135,Mumbai,Nashik,Mumbai -> Nashik,170,2,Non-AC Seater,53,160.0,2026-06-14,Sunday,2026-04-30,45,False,1.1,0.896,45,84.91
1136,Hyderabad,Vijayawada,Hyderabad -> Vijayawada,275,2,AC Sleeper,29,560.0,2026-02-25,Wednesday,2026-02-05,20,False,0.82,0.885,17,58.62
1137,Surat,Mumbai,Surat -> Mumbai,285,2,Non-AC Seater,53,300.0,2025-09-16,Tuesday,2025-08-03,44,False,0.8,1.003,30,56.6
1138,Delhi,Chandigarh,Delhi -> Chandigarh,250,2,AC Seater,40,420.0,2025-08-18,Monday,2025-07-17,32,False,0.85,0.988,18,45.0
1139,Pune,Kolhapur,Pune -> Kolhapur,230,2,AC Seater,40,350.0,2025-12-02,Tuesday,2025-11-05,27,False,0.8,0.895,24,60.0
1140,Pune,Kolhapur,Pune -> Kolhapur,230,2,Non-AC Seater,52,280.0,2026-01-04,Sunday,2025-11-20,45,False,1.1,1.159,41,78.85
1141,Surat,Mumbai,Surat -> Mumbai,285,2,Volvo AC Semi-Sleeper,40,520.0,2025-12-19,Friday,2025-11-09,40,False,1.15,0.89,33,82.5
1142,Bangalore,Coimbatore,Bangalore -> Coimbatore,365,2,Non-AC Seater,50,330.0,2026-03-11,Wednesday,2026-02-22,17,False,0.82,0.861,34,68.0
1143,Ahmedabad,Surat,Ahmedabad -> Surat,265,1,Non-AC Sleeper,35,360.0,2025-11-22,Saturday,2025-10-19,34,False,1.25,0.937,26,74.29
1144,Delhi,Agra,Delhi -> Agra,230,2,AC Seater,42,420.0,2025-12-16,Tuesday,2025-11-25,21,False,0.8,1.074,16,38.1
1145,Bangalore,Hyderabad,Bangalore -> Hyderabad,570,2,Non-AC Sleeper,33,830.0,2025-10-01,Wednesday,2025-08-23,39,True,0.82,1.004,25,75.76
1146,Mumbai,Shirdi,Mumbai -> Shirdi,250,2,Non-AC Sleeper,31,370.0,2025-11-04,Tuesday,2025-10-13,22,False,0.8,1.021,16,51.61
1147,Kochi,Bangalore,Kochi -> Bangalore,550,3,Non-AC Seater,49,500.0,2026-06-06,Saturday,2026-05-10,27,False,1.25,0.866,38,77.55
1148,Hyderabad,Bangalore,Hyderabad -> Bangalore,570,2,AC Seater,43,910.0,2026-04-28,Tuesday,2026-03-31,28,False,0.8,0.939,25,58.14
1149,Kochi,Bangalore,Kochi -> Bangalore,550,3,Non-AC Seater,50,530.0,2026-03-29,Sunday,2026-02-12,45,False,1.1,0.918,44,88.0
1150,Pune,Nashik,Pune -> Nashik,210,3,Non-AC Sleeper,32,330.0,2026-04-01,Wednesday,2026-02-21,39,False,0.82,1.084,14,43.75
1151,Bangalore,Chennai,Bangalore -> Chennai,350,1,Volvo AC Semi-Sleeper,40,750.0,2026-03-06,Friday,2026-02-01,33,True,1.15,1.045,38,95.0
1152,Chennai,Madurai,Chennai -> Madurai,460,2,AC Sleeper,34,1060.0,2025-09-29,Monday,2025-09-04,25,False,0.85,1.002,16,47.06
1153,Jaipur,Udaipur,Jaipur -> Udaipur,400,3,AC Sleeper,29,830.0,2026-01-29,Thursday,2026-01-14,15,False,0.95,0.902,13,44.83
1154,Bangalore,Goa,Bangalore -> Goa,560,3,AC Sleeper,30,1400.0,2026-01-25,Sunday,2025-12-30,26,True,1.1,1.087,18,60.0
1155,Mumbai,Nashik,Mumbai -> Nashik,170,2,Volvo AC Semi-Sleeper,42,370.0,2025-12-26,Friday,2025-11-20,36,True,1.15,1.062,41,97.62
1156,Mumbai,Shirdi,Mumbai -> Shirdi,250,2,AC Sleeper,34,570.0,2026-01-22,Thursday,2025-12-31,22,False,0.95,0.991,23,67.65
1157,Delhi,Chandigarh,Delhi -> Chandigarh,250,2,AC Seater,42,410.0,2025-10-28,Tuesday,2025-10-12,16,False,0.8,0.965,15,35.71
1158,Delhi,Agra,Delhi -> Agra,230,2,Non-AC Sleeper,36,350.0,2025-09-29,Monday,2025-08-29,31,False,0.85,1.049,22,61.11
1159,Chennai,Madurai,Chennai -> Madurai,460,2,Non-AC Sleeper,34,720.0,2026-05-03,Sunday,2026-04-14,19,False,1.1,1.079,25,73.53
1160,Bangalore,Hyderabad,Bangalore -> Hyderabad,570,2,AC Seater,45,950.0,2025-12-20,Saturday,2025-11-11,39,False,1.25,0.98,37,82.22
1161,Chennai,Madurai,Chennai -> Madurai,460,2,Volvo AC Semi-Sleeper,41,870.0,2026-03-23,Monday,2026-02-23,28,False,0.85,0.923,27,65.85
1162,Hyderabad,Bangalore,Hyderabad -> Bangalore,570,2,AC Seater,40,1030.0,2026-03-07,Saturday,2026-02-12,23,False,1.25,1.063,30,75.0
1163,Delhi,Dehradun,Delhi -> Dehradun,250,2,AC Sleeper,33,530.0,2026-05-31,Sunday,2026-04-23,38,False,1.1,0.922,31,93.94
1164,Bangalore,Goa,Bangalore -> Goa,560,3,Non-AC Sleeper,34,800.0,2026-06-29,Monday,2026-06-10,19,False,0.85,0.985,14,41.18
1165,Mumbai,Goa,Mumbai -> Goa,590,2,Non-AC Seater,55,650.0,2025-12-14,Sunday,2025-11-17,27,False,1.1,1.049,38,69.09
1166,Hyderabad,Bangalore,Hyderabad -> Bangalore,570,2,Non-AC Seater,49,590.0,2025-09-25,Thursday,2025-08-31,25,False,0.95,0.986,23,46.94
1167,Bangalore,Coimbatore,Bangalore -> Coimbatore,365,2,AC Seater,41,590.0,2026-03-31,Tuesday,2026-03-03,28,False,0.8,0.951,22,53.66
1168,Hyderabad,Vijayawada,Hyderabad -> Vijayawada,275,2,Volvo AC Semi-Sleeper,42,570.0,2025-08-08,Friday,2025-07-06,33,False,1.15,1.011,26,61.9
1169,Mumbai,Shirdi,Mumbai -> Shirdi,250,2,Non-AC Seater,54,230.0,2025-09-29,Monday,2025-08-23,37,False,0.85,0.876,34,62.96
1170,Jaipur,Udaipur,Jaipur -> Udaipur,400,3,Non-AC Sleeper,35,540.0,2025-09-20,Saturday,2025-08-30,21,False,1.25,0.931,23,65.71
1171,Pune,Kolhapur,Pune -> Kolhapur,230,2,AC Seater,41,400.0,2026-02-13,Friday,2026-01-20,24,False,1.15,1.023,28,68.29
1172,Delhi,Agra,Delhi -> Agra,230,2,Non-AC Sleeper,36,320.0,2026-02-13,Friday,2026-01-09,35,False,1.15,0.96,27,75.0
1173,Bangalore,Mysore,Bangalore -> Mysore,145,1,Non-AC Sleeper,33,230.0,2025-11-10,Monday,2025-10-06,35,False,0.85,1.094,21,63.64
1174,Mumbai,Goa,Mumbai -> Goa,590,2,Volvo AC Semi-Sleeper,41,1280.0,2026-02-13,Friday,2026-01-01,43,False,1.15,1.058,32,78.05
1175,Chennai,Madurai,Chennai -> Madurai,460,2,Non-AC Sleeper,32,710.0,2025-11-16,Sunday,2025-10-05,42,False,1.1,1.064,30,93.75
1176,Jaipur,Udaipur,Jaipur -> Udaipur,400,3,AC Sleeper,31,980.0,2025-11-14,Friday,2025-10-23,22,False,1.15,1.065,15,48.39
1177,Ahmedabad,Surat,Ahmedabad -> Surat,265,1,Non-AC Sleeper,32,370.0,2026-05-16,Saturday,2026-04-16,30,False,1.25,0.963,32,100.0
1178,Chennai,Madurai,Chennai -> Madurai,460,2,AC Sleeper,34,1140.0,2026-02-15,Sunday,2026-01-04,42,False,1.1,1.078,30,88.24
1179,Bangalore,Mysore,Bangalore -> Mysore,145,1,AC Seater,42,230.0,2026-06-28,Sunday,2026-06-13,15,False,1.1,0.933,33,78.57
1180,Chennai,Madurai,Chennai -> Madurai,460,2,Volvo AC Semi-Sleeper,40,1010.0,2026-01-19,Monday,2025-12-07,43,False,0.85,1.071,29,72.5
1181,Delhi,Jaipur,Delhi -> Jaipur,280,1,AC Sleeper,33,630.0,2026-02-25,Wednesday,2026-02-07,18,False,0.82,0.978,25,75.76
1182,Chennai,Madurai,Chennai -> Madurai,460,2,Non-AC Seater,52,420.0,2025-09-11,Thursday,2025-08-12,30,False,0.95,0.87,34,65.38
1183,Mumbai,Nashik,Mumbai -> Nashik,170,2,Volvo AC Semi-Sleeper,41,370.0,2026-03-25,Wednesday,2026-02-19,34,False,0.82,1.062,18,43.9
1184,Bangalore,Goa,Bangalore -> Goa,560,3,Non-AC Seater,52,510.0,2025-08-18,Monday,2025-07-23,26,False,0.85,0.867,24,46.15
1185,Chennai,Madurai,Chennai -> Madurai,460,2,Non-AC Sleeper,32,600.0,2025-10-24,Friday,2025-10-07,17,False,1.15,0.9,23,71.88
1186,Delhi,Agra,Delhi -> Agra,230,2,AC Sleeper,31,520.0,2026-06-25,Thursday,2026-06-04,21,False,0.95,0.983,22,70.97
1187,Chennai,Madurai,Chennai -> Madurai,460,2,Non-AC Sleeper,32,660.0,2025-12-24,Wednesday,2025-11-18,36,True,0.82,0.99,25,78.12
1188,Hyderabad,Bangalore,Hyderabad -> Bangalore,570,2,Non-AC Seater,48,670.0,2025-08-13,Wednesday,2025-07-28,16,True,0.82,1.119,27,56.25
1189,Delhi,Chandigarh,Delhi -> Chandigarh,250,2,Non-AC Sleeper,31,360.0,2025-10-09,Thursday,2025-09-05,34,False,0.95,0.993,19,61.29
1190,Bangalore,Hyderabad,Bangalore -> Hyderabad,570,2,Non-AC Sleeper,36,810.0,2025-09-24,Wednesday,2025-08-21,34,False,0.82,0.98,21,58.33
1191,Mumbai,Pune,Mumbai -> Pune,150,1,AC Seater,44,250.0,2025-08-07,Thursday,2025-07-12,26,False,0.95,0.98,25,56.82
1192,Hyderabad,Vijayawada,Hyderabad -> Vijayawada,275,2,AC Sleeper,31,710.0,2025-10-06,Monday,2025-08-31,36,False,0.85,1.123,14,45.16
1193,Bangalore,Hyderabad,Bangalore -> Hyderabad,570,2,Volvo AC Semi-Sleeper,39,1250.0,2025-11-07,Friday,2025-10-20,18,False,1.15,1.07,36,92.31
1194,Hyderabad,Vijayawada,Hyderabad -> Vijayawada,275,2,AC Seater,43,520.0,2026-06-07,Sunday,2026-05-04,34,False,1.1,1.112,28,65.12
1195,Delhi,Chandigarh,Delhi -> Chandigarh,250,2,Volvo AC Semi-Sleeper,38,470.0,2026-03-30,Monday,2026-02-16,42,False,0.85,0.917,23,60.53
1196,Delhi,Agra,Delhi -> Agra,230,2,AC Seater,42,430.0,2026-06-19,Friday,2026-05-11,39,False,1.15,1.1,33,78.57
1197,Delhi,Chandigarh,Delhi -> Chandigarh,250,2,Non-AC Seater,56,230.0,2025-09-14,Sunday,2025-08-01,44,False,1.1,0.876,52,92.86
1198,Chennai,Madurai,Chennai -> Madurai,460,2,AC Seater,40,820.0,2026-06-28,Sunday,2026-05-28,31,False,1.1,1.049,28,70.0
1199,Delhi,Jaipur,Delhi -> Jaipur,280,1,Volvo AC Semi-Sleeper,42,580.0,2025-11-02,Sunday,2025-09-20,43,True,1.1,1.01,37,88.1
1200,Mumbai,Goa,Mumbai -> Goa,590,2,Non-AC Seater,55,560.0,2026-05-26,Tuesday,2026-05-09,17,False,0.8,0.904,24,43.64
1201,Delhi,Agra,Delhi -> Agra,230,2,AC Seater,40,350.0,2026-04-26,Sunday,2026-04-10,16,False,1.1,0.895,26,65.0
1202,Delhi,Jaipur,Delhi -> Jaipur,280,1,Non-AC Seater,54,320.0,2025-10-16,Thursday,2025-09-26,20,False,0.95,1.088,39,72.22
1203,Delhi,Agra,Delhi -> Agra,230,2,Non-AC Seater,52,220.0,2025-12-28,Sunday,2025-11-20,38,False,1.1,0.911,50,96.15
1204,Delhi,Agra,Delhi -> Agra,230,2,AC Seater,42,390.0,2025-10-26,Sunday,2025-10-09,17,False,1.1,0.997,17,40.48
1205,Hyderabad,Vijayawada,Hyderabad -> Vijayawada,275,2,Non-AC Sleeper,30,410.0,2025-10-01,Wednesday,2025-09-07,24,True,0.82,1.028,20,66.67
1206,Mumbai,Nashik,Mumbai -> Nashik,170,2,Non-AC Seater,56,190.0,2026-01-03,Saturday,2025-12-15,19,True,1.25,1.064,46,82.14
1207,Bangalore,Hyderabad,Bangalore -> Hyderabad,570,2,Non-AC Seater,54,540.0,2025-11-20,Thursday,2025-10-11,40,False,0.95,0.902,32,59.26
1208,Pune,Kolhapur,Pune -> Kolhapur,230,2,Non-AC Sleeper,36,340.0,2026-05-23,Saturday,2026-05-04,19,False,1.25,1.019,18,50.0
1209,Kochi,Bangalore,Kochi -> Bangalore,550,3,Non-AC Sleeper,32,880.0,2025-10-25,Saturday,2025-09-19,36,False,1.25,1.103,17,53.12
1210,Mumbai,Pune,Mumbai -> Pune,150,1,Non-AC Sleeper,35,230.0,2026-03-24,Tuesday,2026-03-08,16,False,0.8,1.057,21,60.0
1211,Hyderabad,Vijayawada,Hyderabad -> Vijayawada,275,2,Non-AC Seater,52,320.0,2025-12-06,Saturday,2025-11-08,28,False,1.25,1.108,39,75.0
1212,Hyderabad,Vijayawada,Hyderabad -> Vijayawada,275,2,AC Sleeper,32,680.0,2026-06-23,Tuesday,2026-05-14,40,False,0.8,1.075,19,59.38
1213,Mumbai,Shirdi,Mumbai -> Shirdi,250,2,Non-AC Sleeper,33,380.0,2026-01-17,Saturday,2025-12-21,27,False,1.25,1.048,24,72.73
1214,Bangalore,Chennai,Bangalore -> Chennai,350,1,Non-AC Sleeper,35,460.0,2026-06-22,Monday,2026-06-02,20,False,0.85,0.906,22,62.86
1215,Delhi,Jaipur,Delhi -> Jaipur,280,1,Volvo AC Semi-Sleeper,39,520.0,2025-11-22,Saturday,2025-11-04,18,False,1.25,0.906,35,89.74
1216,Pune,Nashik,Pune -> Nashik,210,3,Non-AC Sleeper,33,330.0,2026-03-14,Saturday,2026-02-26,16,False,1.25,1.084,15,45.45
1217,Ahmedabad,Surat,Ahmedabad -> Surat,265,1,Non-AC Seater,53,310.0,2026-01-02,Friday,2025-11-20,43,True,1.15,1.114,47,88.68
1218,Bangalore,Chennai,Bangalore -> Chennai,350,1,Non-AC Sleeper,36,550.0,2025-12-23,Tuesday,2025-11-30,23,True,0.8,1.084,29,80.56
1219,Chennai,Madurai,Chennai -> Madurai,460,2,Volvo AC Semi-Sleeper,42,950.0,2026-03-17,Tuesday,2026-02-21,24,False,0.8,1.007,24,57.14
1220,Bangalore,Mysore,Bangalore -> Mysore,145,1,Non-AC Sleeper,35,220.0,2025-08-10,Sunday,2025-07-03,38,False,1.1,1.046,33,94.29
1221,Chennai,Madurai,Chennai -> Madurai,460,2,Volvo AC Semi-Sleeper,40,1010.0,2026-01-07,Wednesday,2025-12-02,36,False,0.82,1.071,15,37.5
1222,Ahmedabad,Surat,Ahmedabad -> Surat,265,1,Non-AC Seater,49,240.0,2026-01-17,Saturday,2025-12-22,26,False,1.25,0.863,45,91.84
1223,Kolkata,Digha,Kolkata -> Digha,185,3,Volvo AC Semi-Sleeper,42,400.0,2025-11-05,Wednesday,2025-09-22,44,False,0.82,1.055,20,47.62
1224,Mumbai,Pune,Mumbai -> Pune,150,1,Volvo AC Semi-Sleeper,39,320.0,2026-04-18,Saturday,2026-03-31,18,False,1.25,1.041,33,84.62
1225,Mumbai,Nashik,Mumbai -> Nashik,170,2,Volvo AC Semi-Sleeper,42,380.0,2025-09-22,Monday,2025-08-08,45,False,0.85,1.09,23,54.76
1226,Pune,Kolhapur,Pune -> Kolhapur,230,2,Non-AC Sleeper,36,340.0,2025-10-05,Sunday,2025-09-19,16,False,1.1,1.019,26,72.22
1227,Bangalore,Chennai,Bangalore -> Chennai,350,1,Non-AC Seater,49,380.0,2025-08-25,Monday,2025-07-26,30,True,0.85,1.034,39,79.59
1228,Ahmedabad,Mumbai,Ahmedabad -> Mumbai,525,2,Non-AC Sleeper,32,750.0,2025-09-28,Sunday,2025-08-27,32,False,1.1,0.985,27,84.38
1229,Kochi,Bangalore,Kochi -> Bangalore,550,3,Non-AC Sleeper,32,790.0,2026-03-18,Wednesday,2026-02-24,22,False,0.82,0.991,11,34.38
1230,Delhi,Agra,Delhi -> Agra,230,2,Non-AC Seater,56,230.0,2026-03-31,Tuesday,2026-03-17,14,False,0.8,0.952,24,42.86
1231,Pune,Kolhapur,Pune -> Kolhapur,230,2,Non-AC Seater,51,230.0,2026-02-01,Sunday,2025-12-25,38,False,1.1,0.952,26,50.98
1232,Kolkata,Digha,Kolkata -> Digha,185,3,Non-AC Seater,53,200.0,2026-05-20,Wednesday,2026-04-11,39,False,0.82,1.03,20,37.74
1233,Pune,Kolhapur,Pune -> Kolhapur,230,2,AC Seater,44,350.0,2026-04-30,Thursday,2026-04-02,28,False,0.95,0.895,32,72.73
1234,Delhi,Jaipur,Delhi -> Jaipur,280,1,Non-AC Sleeper,36,430.0,2025-08-07,Thursday,2025-06-27,41,False,0.95,1.059,35,97.22
1235,Delhi,Dehradun,Delhi -> Dehradun,250,2,AC Seater,43,430.0,2026-05-02,Saturday,2026-04-17,15,False,1.25,1.012,33,76.74
1236,Delhi,Jaipur,Delhi -> Jaipur,280,1,AC Sleeper,28,590.0,2026-05-24,Sunday,2026-04-23,31,False,1.1,0.916,25,89.29
1237,Bangalore,Coimbatore,Bangalore -> Coimbatore,365,2,Non-AC Seater,48,420.0,2026-04-04,Saturday,2026-03-14,21,False,1.25,1.096,30,62.5
1238,Kolkata,Digha,Kolkata -> Digha,185,3,Volvo AC Semi-Sleeper,38,420.0,2025-11-16,Sunday,2025-10-31,16,False,1.1,1.107,13,34.21
1239,Ahmedabad,Surat,Ahmedabad -> Surat,265,1,Non-AC Sleeper,30,350.0,2026-05-07,Thursday,2026-04-15,22,False,0.95,0.911,24,80.0
1240,Mumbai,Pune,Mumbai -> Pune,150,1,Volvo AC Semi-Sleeper,38,310.0,2026-02-11,Wednesday,2026-01-03,39,False,0.82,1.008,29,76.32
1241,Surat,Mumbai,Surat -> Mumbai,285,2,Non-AC Seater,48,310.0,2025-09-11,Thursday,2025-08-26,16,False,0.95,1.036,20,41.67
1242,Pune,Kolhapur,Pune -> Kolhapur,230,2,Non-AC Sleeper,35,360.0,2026-06-27,Saturday,2026-05-20,38,False,1.25,1.079,27,77.14
1243,Chennai,Coimbatore,Chennai -> Coimbatore,500,2,Volvo AC Semi-Sleeper,41,1110.0,2026-01-21,Wednesday,2025-12-21,31,False,0.82,1.083,17,41.46
1244,Pune,Nashik,Pune -> Nashik,210,3,Volvo AC Semi-Sleeper,38,450.0,2026-02-12,Thursday,2026-01-28,15,False,0.95,1.045,14,36.84
1245,Chennai,Madurai,Chennai -> Madurai,460,2,Volvo AC Semi-Sleeper,39,1050.0,2026-03-19,Thursday,2026-02-17,30,False,0.95,1.113,22,56.41
1246,Bangalore,Hyderabad,Bangalore -> Hyderabad,570,2,AC Sleeper,31,1390.0,2026-03-25,Wednesday,2026-03-04,21,False,0.82,1.06,12,38.71
1247,Delhi,Dehradun,Delhi -> Dehradun,250,2,Non-AC Sleeper,36,400.0,2026-03-08,Sunday,2026-01-22,45,False,1.1,1.103,30,83.33
1248,Delhi,Dehradun,Delhi -> Dehradun,250,2,Non-AC Sleeper,30,360.0,2026-04-17,Friday,2026-03-16,32,False,1.15,0.993,21,70.0
1249,Bangalore,Mysore,Bangalore -> Mysore,145,1,Non-AC Seater,54,140.0,2025-12-22,Monday,2025-11-10,42,False,0.85,0.92,41,75.93
1250,Mumbai,Goa,Mumbai -> Goa,590,2,Non-AC Sleeper,33,800.0,2026-06-10,Wednesday,2026-05-09,32,False,0.82,0.935,18,54.55
1251,Pune,Kolhapur,Pune -> Kolhapur,230,2,Non-AC Seater,51,220.0,2026-03-29,Sunday,2026-02-20,37,False,1.1,0.911,42,82.35
1252,Surat,Mumbai,Surat -> Mumbai,285,2,AC Seater,40,490.0,2026-04-16,Thursday,2026-03-23,24,True,0.95,1.011,24,60.0
1253,Bangalore,Hyderabad,Bangalore -> Hyderabad,570,2,AC Seater,41,1050.0,2026-01-05,Monday,2025-12-06,30,False,0.85,1.084,21,51.22
1254,Surat,Mumbai,Surat -> Mumbai,285,2,Non-AC Sleeper,32,380.0,2026-05-02,Saturday,2026-03-26,37,False,1.25,0.92,29,90.62
1255,Mumbai,Shirdi,Mumbai -> Shirdi,250,2,Non-AC Sleeper,33,380.0,2025-10-06,Monday,2025-09-14,22,False,0.85,1.048,20,60.61
1256,Chennai,Madurai,Chennai -> Madurai,460,2,AC Seater,43,760.0,2026-01-30,Friday,2026-01-02,28,False,1.15,0.972,32,74.42
1257,Delhi,Jaipur,Delhi -> Jaipur,280,1,Non-AC Seater,51,270.0,2026-04-09,Thursday,2026-02-27,41,False,0.95,0.918,39,76.47
1258,Jaipur,Udaipur,Jaipur -> Udaipur,400,3,AC Sleeper,33,980.0,2026-01-17,Saturday,2026-01-03,14,False,1.25,1.065,14,42.42
1259,Hyderabad,Bangalore,Hyderabad -> Bangalore,570,2,AC Seater,44,990.0,2026-01-03,Saturday,2025-12-03,31,True,1.25,1.022,42,95.45
1260,Surat,Mumbai,Surat -> Mumbai,285,2,Non-AC Sleeper,32,450.0,2026-04-09,Thursday,2026-03-21,19,False,0.95,1.089,18,56.25
1261,Chennai,Madurai,Chennai -> Madurai,460,2,AC Seater,43,830.0,2025-08-18,Monday,2025-07-28,21,False,0.85,1.061,21,48.84
1262,Mumbai,Shirdi,Mumbai -> Shirdi,250,2,AC Sleeper,29,620.0,2026-06-15,Monday,2026-05-15,31,False,0.85,1.078,17,58.62
1263,Kolkata,Digha,Kolkata -> Digha,185,3,Non-AC Seater,50,190.0,2025-08-01,Friday,2025-07-09,23,False,1.15,0.978,33,66.0
1264,Bangalore,Hyderabad,Bangalore -> Hyderabad,570,2,AC Sleeper,29,1350.0,2025-10-19,Sunday,2025-09-28,21,True,1.1,1.03,18,62.07
1265,Bangalore,Coimbatore,Bangalore -> Coimbatore,365,2,Non-AC Sleeper,31,490.0,2025-12-05,Friday,2025-11-03,32,False,1.15,0.926,25,80.65
1266,Mumbai,Shirdi,Mumbai -> Shirdi,250,2,Non-AC Seater,50,230.0,2026-06-17,Wednesday,2026-05-25,23,False,0.82,0.876,22,44.0
1267,Ahmedabad,Mumbai,Ahmedabad -> Mumbai,525,2,Volvo AC Semi-Sleeper,42,1040.0,2026-05-04,Monday,2026-03-28,37,False,0.85,0.966,27,64.29
1268,Hyderabad,Bangalore,Hyderabad -> Bangalore,570,2,Non-AC Seater,53,650.0,2025-12-06,Saturday,2025-11-15,21,False,1.25,1.086,37,69.81
1269,Bangalore,Hyderabad,Bangalore -> Hyderabad,570,2,AC Seater,42,860.0,2025-11-09,Sunday,2025-10-18,22,False,1.1,0.888,29,69.05
1270,Bangalore,Hyderabad,Bangalore -> Hyderabad,570,2,Non-AC Seater,55,670.0,2026-02-04,Wednesday,2026-01-18,17,False,0.82,1.119,27,49.09
1271,Surat,Mumbai,Surat -> Mumbai,285,2,Non-AC Sleeper,34,410.0,2025-12-05,Friday,2025-11-12,23,False,1.15,0.992,26,76.47
1272,Hyderabad,Vijayawada,Hyderabad -> Vijayawada,275,2,AC Sleeper,28,690.0,2026-02-06,Friday,2025-12-23,45,False,1.15,1.091,26,92.86
1273,Delhi,Jaipur,Delhi -> Jaipur,280,1,AC Sleeper,34,650.0,2026-03-08,Sunday,2026-02-15,21,False,1.1,1.009,25,73.53
1274,Bangalore,Coimbatore,Bangalore -> Coimbatore,365,2,AC Sleeper,29,860.0,2025-11-11,Tuesday,2025-10-27,15,False,0.8,1.024,12,41.38
1275,Delhi,Agra,Delhi -> Agra,230,2,Volvo AC Semi-Sleeper,41,460.0,2025-12-19,Friday,2025-11-24,25,False,1.15,0.976,20,48.78
1276,Bangalore,Coimbatore,Bangalore -> Coimbatore,365,2,AC Seater,45,570.0,2026-05-16,Saturday,2026-04-28,18,False,1.25,0.919,44,97.78
1277,Hyderabad,Bangalore,Hyderabad -> Bangalore,570,2,Non-AC Seater,51,680.0,2026-03-08,Sunday,2026-01-25,42,False,1.1,1.136,30,58.82
1278,Pune,Kolhapur,Pune -> Kolhapur,230,2,Non-AC Seater,56,230.0,2025-08-07,Thursday,2025-07-04,34,False,0.95,0.952,37,66.07
1279,Mumbai,Nashik,Mumbai -> Nashik,170,2,Non-AC Seater,56,190.0,2026-01-13,Tuesday,2025-12-19,25,True,0.8,1.064,29,51.79
1280,Hyderabad,Vijayawada,Hyderabad -> Vijayawada,275,2,Volvo AC Semi-Sleeper,39,610.0,2025-12-20,Saturday,2025-11-05,45,False,1.25,1.082,32,82.05
1281,Chennai,Coimbatore,Chennai -> Coimbatore,500,2,Non-AC Sleeper,36,770.0,2026-02-28,Saturday,2026-01-23,36,False,1.25,1.062,28,77.78
1282,Bangalore,Chennai,Bangalore -> Chennai,350,1,AC Seater,45,560.0,2025-11-18,Tuesday,2025-10-11,38,False,0.8,0.941,37,82.22
1283,Pune,Nashik,Pune -> Nashik,210,3,Non-AC Seater,54,220.0,2025-11-05,Wednesday,2025-09-21,45,False,0.82,0.998,23,42.59
1284,Hyderabad,Vijayawada,Hyderabad -> Vijayawada,275,2,Volvo AC Semi-Sleeper,42,630.0,2026-04-06,Monday,2026-03-20,17,False,0.85,1.118,18,42.86
1285,Mumbai,Pune,Mumbai -> Pune,150,1,AC Seater,40,250.0,2025-11-28,Friday,2025-11-14,14,False,1.15,0.98,27,67.5
1286,Chennai,Madurai,Chennai -> Madurai,460,2,AC Seater,45,830.0,2025-12-27,Saturday,2025-12-13,14,True,1.25,1.061,41,91.11
1287,Delhi,Chandigarh,Delhi -> Chandigarh,250,2,Non-AC Sleeper,35,360.0,2026-02-22,Sunday,2026-02-08,14,False,1.1,0.993,26,74.29
1288,Mumbai,Shirdi,Mumbai -> Shirdi,250,2,Non-AC Sleeper,32,360.0,2026-05-14,Thursday,2026-04-24,20,False,0.95,0.993,22,68.75
1289,Bangalore,Goa,Bangalore -> Goa,560,3,AC Sleeper,28,1320.0,2025-11-16,Sunday,2025-10-09,38,False,1.1,1.025,16,57.14
1290,Chennai,Madurai,Chennai -> Madurai,460,2,Volvo AC Semi-Sleeper,42,860.0,2026-02-13,Friday,2026-01-27,17,False,1.15,0.912,30,71.43
1291,Pune,Kolhapur,Pune -> Kolhapur,230,2,AC Seater,43,370.0,2025-12-22,Monday,2025-11-19,33,False,0.85,0.946,26,60.47
1292,Jaipur,Udaipur,Jaipur -> Udaipur,400,3,Volvo AC Semi-Sleeper,39,740.0,2026-01-28,Wednesday,2026-01-01,27,True,0.82,0.902,23,58.97
1293,Kolkata,Digha,Kolkata -> Digha,185,3,AC Sleeper,34,450.0,2026-05-11,Monday,2026-04-27,14,False,0.85,1.058,9,26.47
1294,Hyderabad,Vijayawada,Hyderabad -> Vijayawada,275,2,Non-AC Seater,54,300.0,2026-05-07,Thursday,2026-04-16,21,False,0.95,1.039,33,61.11
1295,Kochi,Bangalore,Kochi -> Bangalore,550,3,Non-AC Sleeper,34,770.0,2026-04-14,Tuesday,2026-03-12,33,True,0.8,0.966,18,52.94
1296,Delhi,Chandigarh,Delhi -> Chandigarh,250,2,Volvo AC Semi-Sleeper,40,510.0,2025-09-08,Monday,2025-08-23,16,False,0.85,0.995,22,55.0
1297,Mumbai,Pune,Mumbai -> Pune,150,1,AC Sleeper,30,310.0,2026-05-16,Saturday,2026-04-29,17,False,1.25,0.899,24,80.0
1298,Bangalore,Goa,Bangalore -> Goa,560,3,Volvo AC Semi-Sleeper,38,1020.0,2025-12-16,Tuesday,2025-11-01,45,False,0.8,0.889,13,34.21
1299,Delhi,Agra,Delhi -> Agra,230,2,Non-AC Sleeper,31,320.0,2025-11-27,Thursday,2025-10-22,36,False,0.95,0.96,17,54.84
1300,Kochi,Bangalore,Kochi -> Bangalore,550,3,AC Seater,41,980.0,2026-01-01,Thursday,2025-12-09,23,True,0.95,1.048,28,68.29
1301,Pune,Kolhapur,Pune -> Kolhapur,230,2,Non-AC Seater,52,210.0,2026-03-16,Monday,2026-02-15,29,False,0.85,0.87,31,59.62
1302,Delhi,Chandigarh,Delhi -> Chandigarh,250,2,AC Seater,41,450.0,2026-05-14,Thursday,2026-04-06,38,False,0.95,1.059,25,60.98
1303,Chennai,Madurai,Chennai -> Madurai,460,2,AC Sleeper,30,1110.0,2025-08-09,Saturday,2025-07-06,34,False,1.25,1.049,29,96.67
1304,Kochi,Bangalore,Kochi -> Bangalore,550,3,Volvo AC Semi-Sleeper,39,1070.0,2026-05-19,Tuesday,2026-04-09,40,False,0.8,0.949,11,28.21
1305,Mumbai,Goa,Mumbai -> Goa,590,2,Non-AC Seater,53,660.0,2026-03-08,Sunday,2026-02-16,20,False,1.1,1.065,27,50.94
1306,Mumbai,Pune,Mumbai -> Pune,150,1,AC Sleeper,31,350.0,2026-01-14,Wednesday,2025-12-22,23,True,0.82,1.014,27,87.1
1307,Mumbai,Goa,Mumbai -> Goa,590,2,Volvo AC Semi-Sleeper,42,1170.0,2025-09-24,Wednesday,2025-08-28,27,False,0.82,0.967,23,54.76
1308,Ahmedabad,Surat,Ahmedabad -> Surat,265,1,Volvo AC Semi-Sleeper,38,590.0,2026-06-02,Tuesday,2026-05-17,16,False,0.8,1.086,22,57.89
1309,Ahmedabad,Mumbai,Ahmedabad -> Mumbai,525,2,Non-AC Sleeper,34,790.0,2025-08-26,Tuesday,2025-07-22,35,True,0.8,1.038,30,88.24
1310,Jaipur,Udaipur,Jaipur -> Udaipur,400,3,Volvo AC Semi-Sleeper,42,920.0,2026-03-13,Friday,2026-02-06,35,False,1.15,1.122,23,54.76
1311,Hyderabad,Vijayawada,Hyderabad -> Vijayawada,275,2,AC Sleeper,28,700.0,2026-01-16,Friday,2025-12-31,16,True,1.15,1.107,26,92.86
1312,Delhi,Chandigarh,Delhi -> Chandigarh,250,2,Non-AC Seater,55,240.0,2026-05-18,Monday,2026-04-19,29,False,0.85,0.914,31,56.36
1313,Kochi,Bangalore,Kochi -> Bangalore,550,3,AC Sleeper,28,1170.0,2025-10-07,Tuesday,2025-09-19,18,False,0.8,0.925,11,39.29
1314,Kochi,Bangalore,Kochi -> Bangalore,550,3,Volvo AC Semi-Sleeper,40,1040.0,2026-06-01,Monday,2026-05-08,24,False,0.85,0.922,22,55.0
1315,Mumbai,Pune,Mumbai -> Pune,150,1,AC Seater,42,280.0,2026-02-24,Tuesday,2026-01-21,34,False,0.8,1.098,24,57.14
1316,Kochi,Bangalore,Kochi -> Bangalore,550,3,AC Seater,43,980.0,2026-04-06,Monday,2026-03-13,24,False,0.85,1.048,16,37.21
1317,Kolkata,Digha,Kolkata -> Digha,185,3,Volvo AC Semi-Sleeper,42,340.0,2025-10-12,Sunday,2025-09-25,17,False,1.1,0.897,24,57.14
1318,Kochi,Bangalore,Kochi -> Bangalore,550,3,Non-AC Seater,55,550.0,2025-08-25,Monday,2025-07-21,35,True,0.85,0.952,29,52.73
1319,Delhi,Dehradun,Delhi -> Dehradun,250,2,Non-AC Sleeper,35,350.0,2025-11-16,Sunday,2025-10-15,32,False,1.1,0.966,24,68.57
1320,Mumbai,Shirdi,Mumbai -> Shirdi,250,2,Non-AC Sleeper,33,360.0,2026-03-03,Tuesday,2026-02-01,30,True,0.8,0.993,20,60.61
1321,Bangalore,Hyderabad,Bangalore -> Hyderabad,570,2,AC Seater,43,1000.0,2026-06-09,Tuesday,2026-04-27,43,False,0.8,1.032,26,60.47
1322,Surat,Mumbai,Surat -> Mumbai,285,2,Non-AC Sleeper,30,420.0,2025-11-01,Saturday,2025-09-21,41,True,1.25,1.016,27,90.0
1323,Ahmedabad,Surat,Ahmedabad -> Surat,265,1,AC Seater,42,430.0,2025-10-04,Saturday,2025-09-09,25,True,1.25,0.954,40,95.24
1324,Bangalore,Chennai,Bangalore -> Chennai,350,1,Non-AC Seater,52,350.0,2026-01-25,Sunday,2026-01-03,22,True,1.1,0.952,40,76.92
1325,Delhi,Agra,Delhi -> Agra,230,2,AC Sleeper,34,510.0,2025-08-18,Monday,2025-08-02,16,False,0.85,0.964,17,50.0
1326,Delhi,Agra,Delhi -> Agra,230,2,Non-AC Seater,49,220.0,2026-01-30,Friday,2026-01-10,20,False,1.15,0.911,33,67.35
1327,Mumbai,Shirdi,Mumbai -> Shirdi,250,2,Non-AC Seater,48,230.0,2026-01-05,Monday,2025-12-11,25,False,0.85,0.876,32,66.67
1328,Bangalore,Chennai,Bangalore -> Chennai,350,1,Non-AC Sleeper,36,550.0,2025-10-04,Saturday,2025-09-14,20,True,1.25,1.084,27,75.0
1329,Delhi,Dehradun,Delhi -> Dehradun,250,2,AC Seater,45,460.0,2026-01-02,Friday,2025-12-02,31,True,1.15,1.082,35,77.78
1330,Ahmedabad,Mumbai,Ahmedabad -> Mumbai,525,2,Non-AC Sleeper,30,700.0,2026-03-09,Monday,2026-02-10,27,False,0.85,0.92,16,53.33
1331,Jaipur,Udaipur,Jaipur -> Udaipur,400,3,Volvo AC Semi-Sleeper,40,740.0,2026-05-21,Thursday,2026-04-06,45,False,0.95,0.902,27,67.5
1332,Hyderabad,Bangalore,Hyderabad -> Bangalore,570,2,Non-AC Sleeper,31,860.0,2026-05-01,Friday,2026-03-19,43,False,1.15,1.041,21,67.74
1333,Bangalore,Mysore,Bangalore -> Mysore,145,1,Non-AC Sleeper,31,210.0,2025-08-28,Thursday,2025-08-11,17,True,0.95,0.999,23,74.19
1334,Bangalore,Mysore,Bangalore -> Mysore,145,1,AC Sleeper,33,320.0,2025-12-09,Tuesday,2025-10-29,41,False,0.8,0.96,21,63.64
1335,Delhi,Agra,Delhi -> Agra,230,2,AC Seater,44,370.0,2025-09-22,Monday,2025-08-08,45,False,0.85,0.946,26,59.09
1336,Mumbai,Pune,Mumbai -> Pune,150,1,Volvo AC Semi-Sleeper,39,320.0,2026-03-14,Saturday,2026-02-24,18,False,1.25,1.041,28,71.79
1337,Mumbai,Pune,Mumbai -> Pune,150,1,Non-AC Seater,51,140.0,2025-09-14,Sunday,2025-08-06,39,False,1.1,0.889,49,96.08
1338,Ahmedabad,Surat,Ahmedabad -> Surat,265,1,AC Sleeper,34,540.0,2025-11-22,Saturday,2025-10-15,38,False,1.25,0.886,31,91.18
1339,Bangalore,Coimbatore,Bangalore -> Coimbatore,365,2,AC Sleeper,33,810.0,2026-06-28,Sunday,2026-06-14,14,False,1.1,0.965,18,54.55
1340,Bangalore,Hyderabad,Bangalore -> Hyderabad,570,2,AC Seater,42,1050.0,2026-04-15,Wednesday,2026-03-09,37,True,0.82,1.084,35,83.33
1341,Mumbai,Pune,Mumbai -> Pune,150,1,Non-AC Sleeper,35,230.0,2025-10-21,Tuesday,2025-09-12,39,True,0.8,1.057,28,80.0
1342,Ahmedabad,Surat,Ahmedabad -> Surat,265,1,Non-AC Sleeper,32,400.0,2025-12-18,Thursday,2025-11-22,26,False,0.95,1.041,27,84.38
1343,Pune,Nashik,Pune -> Nashik,210,3,Non-AC Sleeper,31,320.0,2026-01-22,Thursday,2025-12-24,29,False,0.95,1.051,13,41.94
1344,Kochi,Bangalore,Kochi -> Bangalore,550,3,Volvo AC Semi-Sleeper,40,1080.0,2026-05-20,Wednesday,2026-04-25,25,False,0.82,0.958,13,32.5
1345,Bangalore,Chennai,Bangalore -> Chennai,350,1,Non-AC Seater,55,320.0,2025-11-07,Friday,2025-10-08,30,False,1.15,0.871,53,96.36
1346,Bangalore,Mysore,Bangalore -> Mysore,145,1,Non-AC Sleeper,31,200.0,2026-01-04,Sunday,2025-11-26,39,False,1.1,0.951,31,100.0
1347,Chennai,Coimbatore,Chennai -> Coimbatore,500,2,AC Seater,41,930.0,2026-02-20,Friday,2026-01-23,28,False,1.15,1.094,27,65.85
1348,Hyderabad,Bangalore,Hyderabad -> Bangalore,570,2,Non-AC Seater,49,570.0,2025-12-19,Friday,2025-11-17,32,False,1.15,0.952,41,83.67
1349,Mumbai,Nashik,Mumbai -> Nashik,170,2,Non-AC Sleeper,32,240.0,2025-09-19,Friday,2025-08-31,19,False,1.15,0.974,26,81.25
1350,Hyderabad,Vijayawada,Hyderabad -> Vijayawada,275,2,AC Sleeper,29,650.0,2026-04-15,Wednesday,2026-03-30,16,True,0.82,1.028,17,58.62
1351,Jaipur,Udaipur,Jaipur -> Udaipur,400,3,AC Seater,44,640.0,2026-04-25,Saturday,2026-04-10,15,False,1.25,0.941,28,63.64
1352,Delhi,Jaipur,Delhi -> Jaipur,280,1,AC Sleeper,30,610.0,2025-12-13,Saturday,2025-10-31,43,False,1.25,0.947,29,96.67
1353,Mumbai,Shirdi,Mumbai -> Shirdi,250,2,AC Seater,43,470.0,2025-10-18,Saturday,2025-09-22,26,True,1.25,1.106,37,86.05
1354,Delhi,Dehradun,Delhi -> Dehradun,250,2,AC Sleeper,32,510.0,2025-11-24,Monday,2025-11-06,18,False,0.85,0.887,20,62.5
1355,Bangalore,Hyderabad,Bangalore -> Hyderabad,570,2,AC Sleeper,32,1220.0,2025-10-09,Thursday,2025-09-11,28,False,0.95,0.931,23,71.88
1356,Jaipur,Udaipur,Jaipur -> Udaipur,400,3,AC Seater,41,610.0,2025-10-15,Wednesday,2025-09-30,15,False,0.82,0.897,14,34.15
1357,Hyderabad,Vijayawada,Hyderabad -> Vijayawada,275,2,Non-AC Sleeper,34,430.0,2026-02-22,Sunday,2026-01-10,43,False,1.1,1.078,26,76.47
1358,Mumbai,Goa,Mumbai -> Goa,590,2,Volvo AC Semi-Sleeper,38,1220.0,2025-08-10,Sunday,2025-07-16,25,False,1.1,1.009,26,68.42
1359,Pune,Nashik,Pune -> Nashik,210,3,Non-AC Sleeper,35,310.0,2026-06-04,Thursday,2026-05-06,29,False,0.95,1.018,12,34.29
1360,Bangalore,Mysore,Bangalore -> Mysore,145,1,AC Sleeper,34,300.0,2026-06-02,Tuesday,2026-04-20,43,False,0.8,0.9,23,67.65
1361,Bangalore,Coimbatore,Bangalore -> Coimbatore,365,2,Non-AC Sleeper,36,580.0,2026-01-15,Thursday,2025-12-06,40,True,0.95,1.096,32,88.89
1362,Chennai,Madurai,Chennai -> Madurai,460,2,Non-AC Seater,51,450.0,2026-01-26,Monday,2025-12-22,35,True,0.85,0.932,38,74.51
1363,Mumbai,Goa,Mumbai -> Goa,590,2,Non-AC Sleeper,35,890.0,2025-10-11,Saturday,2025-09-26,15,False,1.25,1.04,20,57.14
1364,Delhi,Chandigarh,Delhi -> Chandigarh,250,2,AC Seater,42,380.0,2025-08-06,Wednesday,2025-07-09,28,False,0.82,0.894,23,54.76
1365,Kolkata,Digha,Kolkata -> Digha,185,3,Non-AC Seater,55,190.0,2025-08-25,Monday,2025-07-28,28,True,0.85,0.978,28,50.91
1366,Mumbai,Goa,Mumbai -> Goa,590,2,AC Sleeper,29,1410.0,2026-01-31,Saturday,2026-01-08,23,False,1.25,1.039,25,86.21
1367,Delhi,Chandigarh,Delhi -> Chandigarh,250,2,Volvo AC Semi-Sleeper,42,520.0,2026-06-02,Tuesday,2026-05-07,26,False,0.8,1.015,23,54.76
1368,Kochi,Bangalore,Kochi -> Bangalore,550,3,Volvo AC Semi-Sleeper,42,1080.0,2026-03-25,Wednesday,2026-02-16,37,False,0.82,0.958,20,47.62
1369,Bangalore,Coimbatore,Bangalore -> Coimbatore,365,2,Non-AC Seater,49,380.0,2026-03-16,Monday,2026-02-04,40,False,0.85,0.992,24,48.98
1370,Mumbai,Pune,Mumbai -> Pune,150,1,AC Sleeper,29,390.0,2026-01-15,Thursday,2025-12-22,24,True,0.95,1.13,27,93.1
1371,Pune,Kolhapur,Pune -> Kolhapur,230,2,Non-AC Seater,56,240.0,2025-10-02,Thursday,2025-08-28,35,True,0.95,0.994,49,87.5
1372,Ahmedabad,Surat,Ahmedabad -> Surat,265,1,Non-AC Sleeper,35,380.0,2025-09-22,Monday,2025-09-02,20,False,0.85,0.989,24,68.57
1373,Bangalore,Mysore,Bangalore -> Mysore,145,1,Non-AC Seater,50,170.0,2026-01-02,Friday,2025-11-19,44,True,1.15,1.117,49,98.0
1374,Delhi,Dehradun,Delhi -> Dehradun,250,2,Non-AC Seater,51,270.0,2025-12-31,Wednesday,2025-12-04,27,True,0.82,1.029,38,74.51
1375,Bangalore,Mysore,Bangalore -> Mysore,145,1,Non-AC Sleeper,31,220.0,2026-01-20,Tuesday,2025-12-10,41,False,0.8,1.046,26,83.87
1376,Chennai,Madurai,Chennai -> Madurai,460,2,AC Seater,45,770.0,2025-08-10,Sunday,2025-07-27,14,False,1.1,0.985,36,80.0
1377,Pune,Kolhapur,Pune -> Kolhapur,230,2,AC Seater,44,390.0,2026-01-14,Wednesday,2025-12-03,42,True,0.82,0.997,23,52.27
1378,Hyderabad,Vijayawada,Hyderabad -> Vijayawada,275,2,AC Seater,44,440.0,2026-01-05,Monday,2025-12-01,35,False,0.85,0.941,30,68.18
1379,Bangalore,Goa,Bangalore -> Goa,560,3,AC Sleeper,34,1260.0,2025-12-15,Monday,2025-11-05,40,False,0.85,0.978,16,47.06
1380,Pune,Nashik,Pune -> Nashik,210,3,Volvo AC Semi-Sleeper,40,460.0,2026-04-18,Saturday,2026-03-06,43,False,1.25,1.069,29,72.5
1381,Pune,Nashik,Pune -> Nashik,210,3,Non-AC Sleeper,30,320.0,2025-11-08,Saturday,2025-10-06,33,False,1.25,1.051,18,60.0
1382,Delhi,Dehradun,Delhi -> Dehradun,250,2,Non-AC Seater,50,290.0,2026-05-22,Friday,2026-05-06,16,False,1.15,1.105,21,42.0
1383,Bangalore,Mysore,Bangalore -> Mysore,145,1,Non-AC Seater,55,140.0,2025-09-10,Wednesday,2025-08-27,14,False,0.82,0.92,35,63.64
1384,Ahmedabad,Surat,Ahmedabad -> Surat,265,1,Non-AC Sleeper,32,370.0,2026-03-19,Thursday,2026-02-20,27,False,0.95,0.963,23,71.88
1385,Bangalore,Chennai,Bangalore -> Chennai,350,1,AC Seater,40,540.0,2025-11-09,Sunday,2025-10-23,17,False,1.1,0.908,35,87.5
1386,Delhi,Chandigarh,Delhi -> Chandigarh,250,2,Non-AC Sleeper,30,380.0,2025-08-12,Tuesday,2025-07-23,20,False,0.8,1.048,14,46.67
1387,Bangalore,Goa,Bangalore -> Goa,560,3,AC Sleeper,28,1160.0,2026-04-26,Sunday,2026-03-16,41,False,1.1,0.901,18,64.29
1388,Mumbai,Goa,Mumbai -> Goa,590,2,Non-AC Seater,56,610.0,2026-03-17,Tuesday,2026-02-11,34,False,0.8,0.985,36,64.29
1389,Delhi,Jaipur,Delhi -> Jaipur,280,1,Non-AC Seater,52,290.0,2025-11-01,Saturday,2025-10-15,17,True,1.25,0.986,47,90.38
1390,Surat,Mumbai,Surat -> Mumbai,285,2,AC Seater,41,520.0,2026-05-14,Thursday,2026-04-09,35,False,0.95,1.073,25,60.98
1391,Surat,Mumbai,Surat -> Mumbai,285,2,Non-AC Seater,53,280.0,2025-11-06,Thursday,2025-10-17,20,False,0.95,0.936,33,62.26
1392,Chennai,Coimbatore,Chennai -> Coimbatore,500,2,Volvo AC Semi-Sleeper,41,1010.0,2026-01-24,Saturday,2026-01-03,21,True,1.25,0.985,36,87.8
1393,Hyderabad,Vijayawada,Hyderabad -> Vijayawada,275,2,AC Sleeper,29,640.0,2026-02-11,Wednesday,2026-01-19,23,False,0.82,1.012,13,44.83
1394,Hyderabad,Vijayawada,Hyderabad -> Vijayawada,275,2,AC Sleeper,29,660.0,2025-11-16,Sunday,2025-10-21,26,False,1.1,1.043,21,72.41
1395,Surat,Mumbai,Surat -> Mumbai,285,2,AC Seater,43,500.0,2025-09-19,Friday,2025-08-12,38,False,1.15,1.032,29,67.44
1396,Delhi,Jaipur,Delhi -> Jaipur,280,1,AC Seater,42,520.0,2025-09-12,Friday,2025-08-02,41,False,1.15,1.092,38,90.48
1397,Ahmedabad,Mumbai,Ahmedabad -> Mumbai,525,2,Non-AC Seater,48,530.0,2026-03-20,Friday,2026-02-14,34,False,1.15,0.961,39,81.25
1398,Kochi,Bangalore,Kochi -> Bangalore,550,3,AC Seater,41,890.0,2026-01-05,Monday,2025-12-08,28,False,0.85,0.952,15,36.59
1399,Hyderabad,Vijayawada,Hyderabad -> Vijayawada,275,2,AC Seater,44,470.0,2026-03-19,Thursday,2026-03-04,15,False,0.95,1.005,19,43.18
1400,Pune,Kolhapur,Pune -> Kolhapur,230,2,Volvo AC Semi-Sleeper,40,520.0,2026-03-26,Thursday,2026-02-15,39,False,0.95,1.103,21,52.5
1401,Delhi,Agra,Delhi -> Agra,230,2,Non-AC Sleeper,34,310.0,2025-11-05,Wednesday,2025-09-24,42,False,0.82,0.93,20,58.82
1402,Ahmedabad,Surat,Ahmedabad -> Surat,265,1,Non-AC Seater,54,280.0,2025-11-22,Saturday,2025-10-11,42,False,1.25,1.006,45,83.33
1403,Chennai,Madurai,Chennai -> Madurai,460,2,Non-AC Seater,50,440.0,2026-03-16,Monday,2026-02-05,39,False,0.85,0.911,23,46.0
1404,Mumbai,Shirdi,Mumbai -> Shirdi,250,2,AC Seater,42,410.0,2026-05-31,Sunday,2026-04-17,44,False,1.1,0.965,35,83.33
1405,Ahmedabad,Surat,Ahmedabad -> Surat,265,1,AC Seater,40,480.0,2026-04-29,Wednesday,2026-04-12,17,False,0.82,1.065,22,55.0
1406,Delhi,Chandigarh,Delhi -> Chandigarh,250,2,Non-AC Sleeper,36,360.0,2026-06-26,Friday,2026-05-31,26,False,1.15,0.993,24,66.67
1407,Delhi,Chandigarh,Delhi -> Chandigarh,250,2,Non-AC Seater,54,290.0,2025-10-31,Friday,2025-09-26,35,True,1.15,1.105,53,98.15
1408,Chennai,Coimbatore,Chennai -> Coimbatore,500,2,Non-AC Seater,51,480.0,2026-03-07,Saturday,2026-02-06,29,False,1.25,0.914,43,84.31
1409,Bangalore,Coimbatore,Bangalore -> Coimbatore,365,2,AC Sleeper,30,900.0,2025-11-04,Tuesday,2025-09-24,41,False,0.8,1.072,17,56.67
1410,Delhi,Jaipur,Delhi -> Jaipur,280,1,AC Sleeper,33,600.0,2026-01-09,Friday,2025-12-06,34,False,1.15,0.932,33,100.0
1411,Delhi,Chandigarh,Delhi -> Chandigarh,250,2,Non-AC Seater,55,280.0,2025-11-30,Sunday,2025-10-16,45,False,1.1,1.067,33,60.0
1412,Delhi,Jaipur,Delhi -> Jaipur,280,1,Non-AC Sleeper,31,440.0,2025-12-06,Saturday,2025-11-21,15,False,1.25,1.084,25,80.65
1413,Bangalore,Chennai,Bangalore -> Chennai,350,1,Non-AC Sleeper,34,510.0,2026-06-24,Wednesday,2026-05-24,31,False,0.82,1.005,22,64.71
1414,Ahmedabad,Mumbai,Ahmedabad -> Mumbai,525,2,Non-AC Seater,53,600.0,2026-04-24,Friday,2026-03-21,34,False,1.15,1.088,47,88.68
1415,Delhi,Chandigarh,Delhi -> Chandigarh,250,2,AC Sleeper,32,610.0,2025-10-15,Wednesday,2025-09-12,33,False,0.82,1.061,17,53.12
1416,Pune,Kolhapur,Pune -> Kolhapur,230,2,Volvo AC Semi-Sleeper,42,440.0,2026-06-09,Tuesday,2026-05-19,21,False,0.8,0.933,23,54.76
1417,Bangalore,Mysore,Bangalore -> Mysore,145,1,Volvo AC Semi-Sleeper,40,290.0,2025-10-20,Monday,2025-09-15,35,True,0.85,0.976,39,97.5
1418,Delhi,Agra,Delhi -> Agra,230,2,AC Seater,40,360.0,2025-08-22,Friday,2025-07-24,29,False,1.15,0.921,26,65.0
1419,Hyderabad,Bangalore,Hyderabad -> Bangalore,570,2,AC Seater,41,860.0,2025-10-18,Saturday,2025-10-04,14,True,1.25,0.888,29,70.73
1420,Bangalore,Goa,Bangalore -> Goa,560,3,Non-AC Seater,50,510.0,2026-02-22,Sunday,2026-01-20,33,False,1.1,0.867,31,62.0
1421,Hyderabad,Bangalore,Hyderabad -> Bangalore,570,2,AC Sleeper,33,1250.0,2025-08-24,Sunday,2025-07-19,36,False,1.1,0.953,22,66.67
1422,Ahmedabad,Surat,Ahmedabad -> Surat,265,1,Volvo AC Semi-Sleeper,40,530.0,2025-08-20,Wednesday,2025-07-23,28,False,0.82,0.976,28,70.0
1423,Chennai,Madurai,Chennai -> Madurai,460,2,AC Seater,44,860.0,2026-04-28,Tuesday,2026-04-11,17,False,0.8,1.1,20,45.45
1424,Surat,Mumbai,Surat -> Mumbai,285,2,AC Sleeper,29,620.0,2026-04-24,Friday,2026-04-05,19,False,1.15,0.946,15,51.72
1425,Bangalore,Chennai,Bangalore -> Chennai,350,1,AC Seater,41,610.0,2025-11-19,Wednesday,2025-10-19,31,False,0.82,1.025,33,80.49
1426,Pune,Nashik,Pune -> Nashik,210,3,AC Seater,45,320.0,2025-12-30,Tuesday,2025-12-16,14,True,0.8,0.896,21,46.67
1427,Bangalore,Coimbatore,Bangalore -> Coimbatore,365,2,Volvo AC Semi-Sleeper,39,720.0,2026-03-23,Monday,2026-02-16,35,False,0.85,0.962,25,64.1
1428,Hyderabad,Bangalore,Hyderabad -> Bangalore,570,2,AC Seater,41,890.0,2026-06-16,Tuesday,2026-05-18,29,False,0.8,0.918,24,58.54
1429,Kochi,Bangalore,Kochi -> Bangalore,550,3,AC Seater,43,870.0,2026-02-21,Saturday,2026-01-22,30,False,1.25,0.93,36,83.72
1430,Delhi,Chandigarh,Delhi -> Chandigarh,250,2,AC Seater,44,390.0,2026-06-09,Tuesday,2026-05-25,15,False,0.8,0.918,24,54.55
1431,Delhi,Chandigarh,Delhi -> Chandigarh,250,2,Non-AC Sleeper,34,370.0,2026-04-15,Wednesday,2026-03-06,40,True,0.82,1.021,24,70.59
1432,Delhi,Agra,Delhi -> Agra,230,2,Volvo AC Semi-Sleeper,40,440.0,2026-02-20,Friday,2026-01-20,31,False,1.15,0.933,38,95.0
1433,Mumbai,Nashik,Mumbai -> Nashik,170,2,AC Seater,45,270.0,2026-03-30,Monday,2026-03-14,16,False,0.85,0.934,19,42.22
1434,Bangalore,Hyderabad,Bangalore -> Hyderabad,570,2,Volvo AC Semi-Sleeper,40,1160.0,2026-01-11,Sunday,2025-12-09,33,False,1.1,0.993,33,82.5
1435,Kolkata,Digha,Kolkata -> Digha,185,3,Non-AC Sleeper,34,290.0,2026-06-03,Wednesday,2026-05-03,31,False,0.82,1.081,12,35.29
1436,Ahmedabad,Surat,Ahmedabad -> Surat,265,1,Non-AC Sleeper,34,390.0,2025-11-17,Monday,2025-10-15,33,False,0.85,1.015,23,67.65
1437,Jaipur,Udaipur,Jaipur -> Udaipur,400,3,Non-AC Sleeper,33,590.0,2025-11-16,Sunday,2025-10-17,30,False,1.1,1.017,18,54.55
1438,Mumbai,Pune,Mumbai -> Pune,150,1,Non-AC Seater,48,170.0,2025-08-23,Saturday,2025-08-08,15,False,1.25,1.079,36,75.0
1439,Jaipur,Udaipur,Jaipur -> Udaipur,400,3,Non-AC Sleeper,32,540.0,2026-02-21,Saturday,2026-01-27,25,False,1.25,0.931,16,50.0
1440,Surat,Mumbai,Surat -> Mumbai,285,2,AC Sleeper,29,720.0,2026-06-13,Saturday,2026-05-06,38,False,1.25,1.098,25,86.21
1441,Mumbai,Shirdi,Mumbai -> Shirdi,250,2,AC Seater,41,410.0,2025-09-20,Saturday,2025-08-20,31,False,1.25,0.965,31,75.61
1442,Bangalore,Goa,Bangalore -> Goa,560,3,Non-AC Sleeper,31,900.0,2026-02-16,Monday,2026-01-26,21,False,0.85,1.108,10,32.26
1443,Ahmedabad,Mumbai,Ahmedabad -> Mumbai,525,2,Volvo AC Semi-Sleeper,42,1200.0,2025-09-22,Monday,2025-08-14,39,False,0.85,1.115,31,73.81
1444,Pune,Kolhapur,Pune -> Kolhapur,230,2,Volvo AC Semi-Sleeper,40,480.0,2026-04-14,Tuesday,2026-03-28,17,True,0.8,1.018,26,65.0
1445,Hyderabad,Vijayawada,Hyderabad -> Vijayawada,275,2,Volvo AC Semi-Sleeper,40,570.0,2025-10-31,Friday,2025-09-25,36,True,1.15,1.011,36,90.0
1446,Hyderabad,Vijayawada,Hyderabad -> Vijayawada,275,2,Volvo AC Semi-Sleeper,41,500.0,2026-02-03,Tuesday,2026-01-15,19,False,0.8,0.887,20,48.78
1447,Delhi,Dehradun,Delhi -> Dehradun,250,2,Non-AC Seater,56,240.0,2025-11-09,Sunday,2025-10-20,20,False,1.1,0.914,45,80.36
1448,Kolkata,Digha,Kolkata -> Digha,185,3,AC Seater,43,320.0,2025-08-14,Thursday,2025-07-20,25,True,0.95,1.017,25,58.14
1449,Bangalore,Goa,Bangalore -> Goa,560,3,AC Seater,41,910.0,2026-01-15,Thursday,2025-12-19,27,True,0.95,0.956,32,78.05
1450,Bangalore,Coimbatore,Bangalore -> Coimbatore,365,2,AC Seater,42,620.0,2026-02-15,Sunday,2026-01-01,45,False,1.1,0.999,32,76.19
1451,Delhi,Jaipur,Delhi -> Jaipur,280,1,AC Seater,42,440.0,2026-01-10,Saturday,2025-12-24,17,False,1.25,0.924,31,73.81
1452,Bangalore,Coimbatore,Bangalore -> Coimbatore,365,2,Volvo AC Semi-Sleeper,41,690.0,2025-12-16,Tuesday,2025-11-14,32,False,0.8,0.922,24,58.54
1453,Bangalore,Mysore,Bangalore -> Mysore,145,1,Non-AC Sleeper,32,230.0,2025-08-18,Monday,2025-08-02,16,False,0.85,1.094,22,68.75
1454,Bangalore,Mysore,Bangalore -> Mysore,145,1,Non-AC Sleeper,35,210.0,2026-04-07,Tuesday,2026-02-23,43,False,0.8,0.999,19,54.29
1455,Ahmedabad,Mumbai,Ahmedabad -> Mumbai,525,2,AC Seater,44,950.0,2025-12-16,Tuesday,2025-11-06,40,False,0.8,1.064,28,63.64
1456,Bangalore,Coimbatore,Bangalore -> Coimbatore,365,2,Non-AC Sleeper,32,580.0,2025-08-08,Friday,2025-07-08,31,False,1.15,1.096,25,78.12
1457,Mumbai,Pune,Mumbai -> Pune,150,1,AC Sleeper,34,370.0,2026-03-03,Tuesday,2026-01-17,45,True,0.8,1.072,27,79.41
1458,Ahmedabad,Surat,Ahmedabad -> Surat,265,1,AC Seater,43,430.0,2026-03-13,Friday,2026-02-27,14,False,1.15,0.954,38,88.37
1459,Ahmedabad,Surat,Ahmedabad -> Surat,265,1,AC Sleeper,33,600.0,2026-05-02,Saturday,2026-03-22,41,False,1.25,0.984,33,100.0
1460,Pune,Nashik,Pune -> Nashik,210,3,Volvo AC Semi-Sleeper,39,430.0,2026-03-17,Tuesday,2026-02-05,40,False,0.8,0.999,19,48.72
1461,Bangalore,Coimbatore,Bangalore -> Coimbatore,365,2,Non-AC Seater,51,410.0,2026-02-20,Friday,2026-01-27,24,False,1.15,1.07,50,98.04
1462,Kolkata,Digha,Kolkata -> Digha,185,3,Non-AC Seater,49,220.0,2025-09-29,Monday,2025-08-27,33,False,0.85,1.133,22,44.9
1463,Ahmedabad,Mumbai,Ahmedabad -> Mumbai,525,2,AC Sleeper,34,1210.0,2025-08-18,Monday,2025-07-13,36,False,0.85,1.002,25,73.53
1464,Delhi,Jaipur,Delhi -> Jaipur,280,1,Non-AC Sleeper,32,400.0,2025-10-26,Sunday,2025-09-25,31,False,1.1,0.985,30,93.75
1465,Jaipur,Udaipur,Jaipur -> Udaipur,400,3,Non-AC Sleeper,34,570.0,2025-08-14,Thursday,2025-07-28,17,True,0.95,0.983,18,52.94
1466,Pune,Kolhapur,Pune -> Kolhapur,230,2,AC Sleeper,34,590.0,2025-09-29,Monday,2025-09-06,23,False,0.85,1.115,14,41.18
1467,Kolkata,Digha,Kolkata -> Digha,185,3,Non-AC Seater,53,190.0,2025-10-13,Monday,2025-09-18,25,False,0.85,0.978,22,41.51
1468,Ahmedabad,Surat,Ahmedabad -> Surat,265,1,Volvo AC Semi-Sleeper,40,480.0,2025-10-17,Friday,2025-10-02,15,False,1.15,0.884,36,90.0
1469,Ahmedabad,Surat,Ahmedabad -> Surat,265,1,AC Seater,42,460.0,2026-05-08,Friday,2026-04-23,15,False,1.15,1.021,39,92.86
1470,Hyderabad,Bangalore,Hyderabad -> Bangalore,570,2,Non-AC Sleeper,32,900.0,2025-10-26,Sunday,2025-10-02,24,False,1.1,1.089,20,62.5
1471,Bangalore,Coimbatore,Bangalore -> Coimbatore,365,2,Volvo AC Semi-Sleeper,38,750.0,2026-05-26,Tuesday,2026-04-24,32,False,0.8,1.002,16,42.11
1472,Surat,Mumbai,Surat -> Mumbai,285,2,AC Sleeper,29,680.0,2025-09-18,Thursday,2025-09-02,16,False,0.95,1.037,16,55.17
1473,Kochi,Bangalore,Kochi -> Bangalore,550,3,Non-AC Sleeper,34,730.0,2025-10-12,Sunday,2025-09-17,25,False,1.1,0.915,19,55.88
1474,Mumbai,Pune,Mumbai -> Pune,150,1,Non-AC Sleeper,32,220.0,2025-11-11,Tuesday,2025-10-14,28,False,0.8,1.011,23,71.88
1475,Mumbai,Nashik,Mumbai -> Nashik,170,2,AC Seater,45,320.0,2026-06-27,Saturday,2026-05-28,30,False,1.25,1.107,35,77.78
1476,Mumbai,Shirdi,Mumbai -> Shirdi,250,2,Volvo AC Semi-Sleeper,40,530.0,2025-11-11,Tuesday,2025-10-05,37,False,0.8,1.034,20,50.0
1477,Chennai,Madurai,Chennai -> Madurai,460,2,AC Seater,41,710.0,2026-04-06,Monday,2026-02-23,42,False,0.85,0.908,26,63.41
1478,Bangalore,Coimbatore,Bangalore -> Coimbatore,365,2,AC Sleeper,33,870.0,2026-03-24,Tuesday,2026-02-12,40,False,0.8,1.036,20,60.61
1479,Kolkata,Digha,Kolkata -> Digha,185,3,Non-AC Seater,54,170.0,2025-09-28,Sunday,2025-09-07,21,False,1.1,0.875,32,59.26
1480,Pune,Nashik,Pune -> Nashik,210,3,AC Sleeper,28,480.0,2026-06-20,Saturday,2026-05-21,30,False,1.25,0.994,16,57.14
1481,Chennai,Coimbatore,Chennai -> Coimbatore,500,2,AC Sleeper,31,1000.0,2025-12-07,Sunday,2025-11-16,21,False,1.1,0.87,24,77.42
1482,Delhi,Chandigarh,Delhi -> Chandigarh,250,2,AC Seater,40,460.0,2025-11-18,Tuesday,2025-11-04,14,False,0.8,1.082,15,37.5
1483,Delhi,Dehradun,Delhi -> Dehradun,250,2,Non-AC Sleeper,33,370.0,2026-05-26,Tuesday,2026-04-19,37,False,0.8,1.021,19,57.58
1484,Delhi,Jaipur,Delhi -> Jaipur,280,1,AC Seater,44,430.0,2025-09-25,Thursday,2025-08-21,35,False,0.95,0.903,35,79.55
1485,Mumbai,Goa,Mumbai -> Goa,590,2,Volvo AC Semi-Sleeper,38,1190.0,2026-06-21,Sunday,2026-05-30,22,False,1.1,0.984,20,52.63
1486,Bangalore,Coimbatore,Bangalore -> Coimbatore,365,2,AC Sleeper,33,850.0,2026-06-27,Saturday,2026-06-05,22,False,1.25,1.013,21,63.64
1487,Delhi,Agra,Delhi -> Agra,230,2,Non-AC Seater,55,240.0,2025-09-26,Friday,2025-09-01,25,False,1.15,0.994,50,90.91
1488,Pune,Nashik,Pune -> Nashik,210,3,AC Sleeper,28,430.0,2025-11-20,Thursday,2025-10-08,43,False,0.95,0.89,14,50.0
1489,Mumbai,Shirdi,Mumbai -> Shirdi,250,2,Non-AC Seater,54,260.0,2025-08-25,Monday,2025-07-15,41,True,0.85,0.99,37,68.52
1490,Bangalore,Chennai,Bangalore -> Chennai,350,1,Non-AC Seater,56,410.0,2025-11-15,Saturday,2025-10-20,26,False,1.25,1.116,46,82.14
1491,Hyderabad,Bangalore,Hyderabad -> Bangalore,570,2,Non-AC Sleeper,31,750.0,2025-12-03,Wednesday,2025-11-09,24,False,0.82,0.907,16,51.61
1492,Bangalore,Hyderabad,Bangalore -> Hyderabad,570,2,Non-AC Seater,49,530.0,2025-11-23,Sunday,2025-10-23,31,False,1.1,0.886,30,61.22
1493,Ahmedabad,Surat,Ahmedabad -> Surat,265,1,Non-AC Seater,51,280.0,2025-09-04,Thursday,2025-07-27,39,False,0.95,1.006,50,98.04
1494,Chennai,Coimbatore,Chennai -> Coimbatore,500,2,Volvo AC Semi-Sleeper,38,900.0,2025-11-27,Thursday,2025-11-07,20,False,0.95,0.878,19,50.0
1495,Mumbai,Goa,Mumbai -> Goa,590,2,AC Seater,45,1100.0,2026-04-24,Friday,2026-04-04,20,False,1.15,1.097,24,53.33
1496,Bangalore,Mysore,Bangalore -> Mysore,145,1,AC Seater,42,260.0,2026-02-14,Saturday,2026-01-11,34,False,1.25,1.055,42,100.0
1497,Delhi,Dehradun,Delhi -> Dehradun,250,2,Non-AC Seater,51,260.0,2025-09-05,Friday,2025-08-02,34,False,1.15,0.99,49,96.08
1498,Hyderabad,Bangalore,Hyderabad -> Bangalore,570,2,AC Seater,40,920.0,2025-09-06,Saturday,2025-08-14,23,False,1.25,0.949,33,82.5
1499,Surat,Mumbai,Surat -> Mumbai,285,2,AC Seater,45,500.0,2026-01-01,Thursday,2025-12-17,15,True,0.95,1.032,31,68.89
1500,Chennai,Madurai,Chennai -> Madurai,460,2,Non-AC Sleeper,31,610.0,2026-03-21,Saturday,2026-02-09,40,False,1.25,0.915,26,83.87
1501,Mumbai,Goa,Mumbai -> Goa,590,2,Non-AC Sleeper,34,810.0,2025-08-21,Thursday,2025-08-06,15,False,0.95,0.947,20,58.82
1502,Ahmedabad,Mumbai,Ahmedabad -> Mumbai,525,2,Non-AC Sleeper,35,820.0,2026-06-29,Monday,2026-05-27,33,False,0.85,1.077,22,62.86
1503,Bangalore,Coimbatore,Bangalore -> Coimbatore,365,2,Non-AC Sleeper,35,500.0,2025-12-21,Sunday,2025-11-06,45,False,1.1,0.945,32,91.43
1504,Delhi,Chandigarh,Delhi -> Chandigarh,250,2,AC Seater,43,390.0,2026-05-19,Tuesday,2026-04-07,42,False,0.8,0.918,24,55.81
1505,Ahmedabad,Mumbai,Ahmedabad -> Mumbai,525,2,AC Seater,41,860.0,2025-08-17,Sunday,2025-07-06,42,True,1.1,0.964,37,90.24
1506,Ahmedabad,Surat,Ahmedabad -> Surat,265,1,Non-AC Seater,56,280.0,2026-01-05,Monday,2025-11-22,44,False,0.85,1.006,44,78.57
1507,Delhi,Chandigarh,Delhi -> Chandigarh,250,2,Volvo AC Semi-Sleeper,40,560.0,2026-05-02,Saturday,2026-04-05,27,False,1.25,1.093,31,77.5
1508,Bangalore,Goa,Bangalore -> Goa,560,3,Volvo AC Semi-Sleeper,41,1170.0,2026-06-06,Saturday,2026-04-30,37,False,1.25,1.019,23,56.1
1509,Delhi,Dehradun,Delhi -> Dehradun,250,2,Non-AC Seater,53,300.0,2026-04-01,Wednesday,2026-03-08,24,False,0.82,1.143,21,39.62
1510,Bangalore,Hyderabad,Bangalore -> Hyderabad,570,2,Volvo AC Semi-Sleeper,42,1130.0,2026-06-12,Friday,2026-05-23,20,False,1.15,0.967,26,61.9
1511,Jaipur,Udaipur,Jaipur -> Udaipur,400,3,Non-AC Seater,49,430.0,2026-04-19,Sunday,2026-03-09,41,False,1.1,1.024,24,48.98
1512,Bangalore,Hyderabad,Bangalore -> Hyderabad,570,2,Non-AC Sleeper,34,800.0,2026-02-28,Saturday,2026-01-31,28,False,1.25,0.968,34,100.0
1513,Hyderabad,Vijayawada,Hyderabad -> Vijayawada,275,2,Volvo AC Semi-Sleeper,39,600.0,2026-03-11,Wednesday,2026-01-25,45,False,0.82,1.064,21,53.85
1514,Hyderabad,Bangalore,Hyderabad -> Bangalore,570,2,AC Seater,45,910.0,2025-11-14,Friday,2025-10-23,22,False,1.15,0.939,28,62.22
1515,Ahmedabad,Mumbai,Ahmedabad -> Mumbai,525,2,Non-AC Seater,54,570.0,2026-02-01,Sunday,2025-12-25,38,False,1.1,1.034,37,68.52
1516,Delhi,Dehradun,Delhi -> Dehradun,250,2,Non-AC Sleeper,32,330.0,2025-11-28,Friday,2025-10-25,34,False,1.15,0.91,25,78.12
1517,Mumbai,Pune,Mumbai -> Pune,150,1,Volvo AC Semi-Sleeper,40,280.0,2025-11-07,Friday,2025-09-24,44,False,1.15,0.911,34,85.0
1518,Bangalore,Hyderabad,Bangalore -> Hyderabad,570,2,AC Seater,42,910.0,2026-06-20,Saturday,2026-05-26,25,False,1.25,0.939,31,73.81
1519,Bangalore,Hyderabad,Bangalore -> Hyderabad,570,2,AC Sleeper,32,1280.0,2025-11-23,Sunday,2025-10-23,31,False,1.1,0.976,27,84.38
1520,Mumbai,Nashik,Mumbai -> Nashik,170,2,Non-AC Seater,56,170.0,2026-04-12,Sunday,2026-03-19,24,True,1.1,0.952,46,82.14
1521,Chennai,Madurai,Chennai -> Madurai,460,2,Non-AC Seater,55,530.0,2026-02-28,Saturday,2026-02-03,25,False,1.25,1.097,52,94.55
1522,Mumbai,Nashik,Mumbai -> Nashik,170,2,AC Seater,40,260.0,2026-06-03,Wednesday,2026-05-01,33,False,0.82,0.9,24,60.0
1523,Bangalore,Chennai,Bangalore -> Chennai,350,1,Volvo AC Semi-Sleeper,41,690.0,2025-12-24,Wednesday,2025-11-22,32,True,0.82,0.962,23,56.1
1524,Jaipur,Udaipur,Jaipur -> Udaipur,400,3,AC Seater,44,640.0,2025-12-27,Saturday,2025-12-08,19,True,1.25,0.941,32,72.73
1525,Bangalore,Mysore,Bangalore -> Mysore,145,1,AC Seater,41,260.0,2026-04-16,Thursday,2026-03-10,37,True,0.95,1.055,41,100.0
1526,Delhi,Chandigarh,Delhi -> Chandigarh,250,2,AC Seater,44,400.0,2026-05-19,Tuesday,2026-04-25,24,False,0.8,0.941,25,56.82
1527,Delhi,Agra,Delhi -> Agra,230,2,Non-AC Seater,53,250.0,2026-05-17,Sunday,2026-04-06,41,False,1.1,1.035,39,73.58
1528,Bangalore,Hyderabad,Bangalore -> Hyderabad,570,2,AC Seater,40,1020.0,2026-04-08,Wednesday,2026-03-02,37,False,0.82,1.053,20,50.0
1529,Mumbai,Shirdi,Mumbai -> Shirdi,250,2,AC Sleeper,33,640.0,2025-10-07,Tuesday,2025-09-10,27,False,0.8,1.113,16,48.48
1530,Delhi,Dehradun,Delhi -> Dehradun,250,2,Non-AC Sleeper,34,370.0,2026-04-17,Friday,2026-03-06,42,False,1.15,1.021,32,94.12
1531,Bangalore,Hyderabad,Bangalore -> Hyderabad,570,2,Volvo AC Semi-Sleeper,41,1140.0,2026-02-15,Sunday,2026-01-12,34,False,1.1,0.976,31,75.61
1532,Bangalore,Goa,Bangalore -> Goa,560,3,AC Seater,44,980.0,2025-08-11,Monday,2025-07-26,16,False,0.85,1.029,15,34.09
1533,Ahmedabad,Surat,Ahmedabad -> Surat,265,1,Non-AC Seater,55,310.0,2026-05-27,Wednesday,2026-04-30,27,False,0.82,1.114,34,61.82
1534,Kolkata,Digha,Kolkata -> Digha,185,3,AC Seater,42,340.0,2025-08-15,Friday,2025-07-06,40,True,1.15,1.081,23,54.76
1535,Mumbai,Pune,Mumbai -> Pune,150,1,AC Seater,43,280.0,2025-09-18,Thursday,2025-08-09,40,False,0.95,1.098,26,60.47
1536,Mumbai,Pune,Mumbai -> Pune,150,1,Non-AC Sleeper,34,220.0,2026-01-21,Wednesday,2025-12-17,35,False,0.82,1.011,24,70.59
1537,Bangalore,Hyderabad,Bangalore -> Hyderabad,570,2,AC Seater,44,900.0,2026-03-29,Sunday,2026-02-25,32,False,1.1,0.929,38,86.36
1538,Ahmedabad,Mumbai,Ahmedabad -> Mumbai,525,2,AC Seater,41,930.0,2026-05-28,Thursday,2026-04-19,39,False,0.95,1.042,28,68.29
1539,Kolkata,Digha,Kolkata -> Digha,185,3,Non-AC Seater,50,210.0,2025-10-19,Sunday,2025-09-14,35,True,1.1,1.081,36,72.0
1540,Mumbai,Goa,Mumbai -> Goa,590,2,Non-AC Seater,49,610.0,2025-11-05,Wednesday,2025-09-23,43,False,0.82,0.985,29,59.18
1541,Pune,Kolhapur,Pune -> Kolhapur,230,2,Non-AC Sleeper,33,370.0,2025-12-08,Monday,2025-11-24,14,False,0.85,1.109,14,42.42
1542,Chennai,Coimbatore,Chennai -> Coimbatore,500,2,Non-AC Seater,51,510.0,2025-11-11,Tuesday,2025-10-19,23,False,0.8,0.971,32,62.75
1543,Bangalore,Hyderabad,Bangalore -> Hyderabad,570,2,AC Seater,42,860.0,2026-03-18,Wednesday,2026-02-16,30,False,0.82,0.888,29,69.05
1544,Delhi,Agra,Delhi -> Agra,230,2,AC Seater,41,380.0,2026-04-03,Friday,2026-03-16,18,False,1.15,0.972,29,70.73
1545,Mumbai,Shirdi,Mumbai -> Shirdi,250,2,Non-AC Sleeper,32,350.0,2026-03-31,Tuesday,2026-03-12,19,False,0.8,0.966,17,53.12
1546,Pune,Nashik,Pune -> Nashik,210,3,AC Sleeper,29,520.0,2026-05-26,Tuesday,2026-05-04,22,False,0.8,1.077,9,31.03
1547,Mumbai,Goa,Mumbai -> Goa,590,2,AC Sleeper,32,1250.0,2025-11-19,Wednesday,2025-10-14,36,False,0.82,0.921,15,46.88
1548,Delhi,Dehradun,Delhi -> Dehradun,250,2,AC Seater,42,380.0,2025-09-12,Friday,2025-07-30,44,False,1.15,0.894,33,78.57
1549,Chennai,Coimbatore,Chennai -> Coimbatore,500,2,Non-AC Seater,48,510.0,2025-11-26,Wednesday,2025-10-12,45,False,0.82,0.971,26,54.17
1550,Chennai,Madurai,Chennai -> Madurai,460,2,AC Sleeper,33,920.0,2026-06-04,Thursday,2026-04-22,43,False,0.95,0.87,23,69.7
1551,Mumbai,Shirdi,Mumbai -> Shirdi,250,2,AC Sleeper,34,620.0,2026-06-13,Saturday,2026-05-10,34,False,1.25,1.078,33,97.06
1552,Kolkata,Digha,Kolkata -> Digha,185,3,Non-AC Seater,53,190.0,2025-08-04,Monday,2025-07-07,28,False,0.85,0.978,22,41.51
1553,Ahmedabad,Mumbai,Ahmedabad -> Mumbai,525,2,AC Sleeper,30,1280.0,2025-12-21,Sunday,2025-11-29,22,False,1.1,1.06,23,76.67
1554,Mumbai,Goa,Mumbai -> Goa,590,2,Non-AC Sleeper,35,800.0,2025-08-16,Saturday,2025-07-03,44,True,1.25,0.935,33,94.29
1555,Jaipur,Udaipur,Jaipur -> Udaipur,400,3,Non-AC Seater,48,460.0,2025-09-13,Saturday,2025-08-25,19,False,1.25,1.095,28,58.33
1556,Ahmedabad,Mumbai,Ahmedabad -> Mumbai,525,2,Non-AC Seater,54,620.0,2026-01-06,Tuesday,2025-12-15,22,False,0.8,1.125,26,48.15
1557,Bangalore,Chennai,Bangalore -> Chennai,350,1,Volvo AC Semi-Sleeper,40,720.0,2025-11-26,Wednesday,2025-10-22,35,False,0.82,1.003,25,62.5
1558,Chennai,Coimbatore,Chennai -> Coimbatore,500,2,Non-AC Seater,48,540.0,2026-01-19,Monday,2025-12-13,37,False,0.85,1.029,28,58.33
1559,Surat,Mumbai,Surat -> Mumbai,285,2,Non-AC Seater,56,300.0,2026-06-07,Sunday,2026-05-19,19,False,1.1,1.003,31,55.36
1560,Pune,Nashik,Pune -> Nashik,210,3,Non-AC Seater,53,200.0,2025-09-14,Sunday,2025-08-29,16,False,1.1,0.907,29,54.72
1561,Delhi,Chandigarh,Delhi -> Chandigarh,250,2,AC Sleeper,32,520.0,2025-09-06,Saturday,2025-07-30,38,False,1.25,0.904,25,78.12
1562,Delhi,Dehradun,Delhi -> Dehradun,250,2,AC Seater,40,460.0,2025-09-17,Wednesday,2025-08-09,39,False,0.82,1.082,23,57.5
1563,Chennai,Coimbatore,Chennai -> Coimbatore,500,2,Non-AC Seater,56,460.0,2026-01-20,Tuesday,2025-12-26,25,False,0.8,0.876,29,51.79
1564,Delhi,Jaipur,Delhi -> Jaipur,280,1,AC Sleeper,28,720.0,2026-04-19,Sunday,2026-03-30,20,False,1.1,1.118,25,89.29
1565,Surat,Mumbai,Surat -> Mumbai,285,2,AC Sleeper,28,610.0,2025-09-12,Friday,2025-08-26,17,False,1.15,0.931,15,53.57
1566,Chennai,Coimbatore,Chennai -> Coimbatore,500,2,Non-AC Sleeper,34,800.0,2026-04-10,Friday,2026-03-27,14,False,1.15,1.103,15,44.12
1567,Mumbai,Goa,Mumbai -> Goa,590,2,Non-AC Seater,51,600.0,2025-11-25,Tuesday,2025-11-11,14,False,0.8,0.969,19,37.25
1568,Surat,Mumbai,Surat -> Mumbai,285,2,AC Seater,45,530.0,2026-04-30,Thursday,2026-04-12,18,False,0.95,1.094,24,53.33
1569,Delhi,Jaipur,Delhi -> Jaipur,280,1,Non-AC Sleeper,34,390.0,2026-04-06,Monday,2026-02-22,43,False,0.85,0.961,27,79.41
1570,Delhi,Chandigarh,Delhi -> Chandigarh,250,2,Volvo AC Semi-Sleeper,39,490.0,2026-01-01,Thursday,2025-11-21,41,True,0.95,0.956,35,89.74
1571,Bangalore,Coimbatore,Bangalore -> Coimbatore,365,2,AC Seater,45,590.0,2026-06-18,Thursday,2026-05-28,21,False,0.95,0.951,22,48.89
1572,Mumbai,Pune,Mumbai -> Pune,150,1,Non-AC Sleeper,31,200.0,2026-02-28,Saturday,2026-01-29,30,False,1.25,0.92,31,100.0
1573,Delhi,Jaipur,Delhi -> Jaipur,280,1,Non-AC Seater,52,330.0,2026-02-25,Wednesday,2026-01-26,30,False,0.82,1.122,34,65.38
1574,Bangalore,Goa,Bangalore -> Goa,560,3,Non-AC Seater,49,570.0,2026-05-18,Monday,2026-04-09,39,False,0.85,0.969,26,53.06
1575,Mumbai,Shirdi,Mumbai -> Shirdi,250,2,Non-AC Sleeper,33,370.0,2025-09-03,Wednesday,2025-08-18,16,False,0.82,1.021,14,42.42
1576,Chennai,Coimbatore,Chennai -> Coimbatore,500,2,AC Sleeper,30,1030.0,2025-10-08,Wednesday,2025-08-24,45,False,0.82,0.896,16,53.33
1577,Delhi,Jaipur,Delhi -> Jaipur,280,1,Non-AC Seater,52,260.0,2025-10-04,Saturday,2025-09-01,33,True,1.25,0.884,51,98.08
1578,Hyderabad,Bangalore,Hyderabad -> Bangalore,570,2,AC Sleeper,31,1230.0,2025-10-11,Saturday,2025-09-14,27,False,1.25,0.938,29,93.55
1579,Chennai,Coimbatore,Chennai -> Coimbatore,500,2,AC Sleeper,28,1270.0,2025-11-02,Sunday,2025-09-20,43,True,1.1,1.104,24,85.71
1580,Bangalore,Hyderabad,Bangalore -> Hyderabad,570,2,Non-AC Seater,49,680.0,2026-05-22,Friday,2026-04-13,39,False,1.15,1.136,31,63.27
1581,Delhi,Dehradun,Delhi -> Dehradun,250,2,AC Seater,42,430.0,2026-05-08,Friday,2026-03-29,40,False,1.15,1.012,37,88.1
1582,Bangalore,Coimbatore,Bangalore -> Coimbatore,365,2,Non-AC Sleeper,35,560.0,2025-12-29,Monday,2025-12-06,23,False,0.85,1.058,18,51.43
1583,Pune,Kolhapur,Pune -> Kolhapur,230,2,AC Sleeper,31,460.0,2025-12-02,Tuesday,2025-11-16,16,False,0.8,0.87,14,45.16
1584,Kochi,Bangalore,Kochi -> Bangalore,550,3,AC Sleeper,31,1300.0,2025-12-23,Tuesday,2025-11-20,33,True,0.8,1.028,16,51.61
1585,Mumbai,Nashik,Mumbai -> Nashik,170,2,Non-AC Sleeper,34,270.0,2025-11-05,Wednesday,2025-09-30,36,False,0.82,1.095,22,64.71
1586,Delhi,Jaipur,Delhi -> Jaipur,280,1,AC Sleeper,32,640.0,2026-05-23,Saturday,2026-04-30,23,False,1.25,0.994,25,78.12
1587,Kochi,Bangalore,Kochi -> Bangalore,550,3,Non-AC Seater,50,520.0,2025-11-25,Tuesday,2025-11-04,21,False,0.8,0.9,18,36.0
1588,Delhi,Chandigarh,Delhi -> Chandigarh,250,2,AC Seater,45,410.0,2026-02-03,Tuesday,2026-01-10,24,False,0.8,0.965,28,62.22
1589,Bangalore,Coimbatore,Bangalore -> Coimbatore,365,2,AC Sleeper,30,930.0,2025-09-19,Friday,2025-08-28,22,False,1.15,1.108,19,63.33
1590,Bangalore,Goa,Bangalore -> Goa,560,3,AC Sleeper,28,1180.0,2026-06-04,Thursday,2026-04-22,43,False,0.95,0.916,13,46.43
1591,Delhi,Dehradun,Delhi -> Dehradun,250,2,AC Seater,43,390.0,2026-03-09,Monday,2026-01-31,37,False,0.85,0.918,18,41.86
1592,Pune,Nashik,Pune -> Nashik,210,3,Non-AC Sleeper,36,280.0,2026-04-28,Tuesday,2026-04-14,14,False,0.8,0.92,11,30.56
1593,Delhi,Agra,Delhi -> Agra,230,2,Non-AC Sleeper,32,320.0,2026-05-15,Friday,2026-05-01,14,False,1.15,0.96,24,75.0
1594,Mumbai,Shirdi,Mumbai -> Shirdi,250,2,Non-AC Seater,56,280.0,2025-10-16,Thursday,2025-09-05,41,False,0.95,1.067,41,73.21
1595,Delhi,Dehradun,Delhi -> Dehradun,250,2,AC Sleeper,31,560.0,2026-03-21,Saturday,2026-02-16,33,False,1.25,0.974,24,77.42
1596,Bangalore,Coimbatore,Bangalore -> Coimbatore,365,2,Volvo AC Semi-Sleeper,41,790.0,2025-12-28,Sunday,2025-11-14,44,False,1.1,1.056,31,75.61
1597,Pune,Kolhapur,Pune -> Kolhapur,230,2,Non-AC Sleeper,30,330.0,2025-11-07,Friday,2025-09-24,44,False,1.15,0.99,21,70.0
1598,Delhi,Jaipur,Delhi -> Jaipur,280,1,Non-AC Sleeper,32,430.0,2025-11-01,Saturday,2025-09-30,32,True,1.25,1.059,26,81.25
1599,Hyderabad,Bangalore,Hyderabad -> Bangalore,570,2,Non-AC Seater,56,620.0,2026-02-06,Friday,2026-01-02,35,False,1.15,1.036,46,82.14
1600,Surat,Mumbai,Surat -> Mumbai,285,2,Non-AC Seater,51,310.0,2026-01-15,Thursday,2025-12-17,29,True,0.95,1.036,38,74.51
1601,Kochi,Bangalore,Kochi -> Bangalore,550,3,Non-AC Sleeper,32,860.0,2025-08-23,Saturday,2025-07-26,28,False,1.25,1.078,20,62.5
1602,Surat,Mumbai,Surat -> Mumbai,285,2,Non-AC Sleeper,33,420.0,2025-08-23,Saturday,2025-08-08,15,False,1.25,1.016,28,84.85
1603,Chennai,Coimbatore,Chennai -> Coimbatore,500,2,Non-AC Sleeper,33,760.0,2025-12-21,Sunday,2025-11-18,33,False,1.1,1.048,24,72.73
1604,Mumbai,Nashik,Mumbai -> Nashik,170,2,Non-AC Sleeper,34,240.0,2026-06-05,Friday,2026-05-02,34,False,1.15,0.974,24,70.59
1605,Bangalore,Mysore,Bangalore -> Mysore,145,1,AC Sleeper,34,330.0,2025-10-15,Wednesday,2025-09-29,16,False,0.82,0.99,20,58.82
1606,Ahmedabad,Mumbai,Ahmedabad -> Mumbai,525,2,Volvo AC Semi-Sleeper,41,960.0,2026-02-27,Friday,2026-01-30,28,False,1.15,0.892,36,87.8
1607,Bangalore,Chennai,Bangalore -> Chennai,350,1,AC Seater,43,610.0,2026-03-02,Monday,2026-01-18,43,True,0.85,1.025,38,88.37
1608,Mumbai,Pune,Mumbai -> Pune,150,1,Volvo AC Semi-Sleeper,41,330.0,2026-02-22,Sunday,2026-01-15,38,False,1.1,1.073,35,85.37
1609,Mumbai,Goa,Mumbai -> Goa,590,2,Non-AC Seater,53,610.0,2025-11-10,Monday,2025-10-04,37,False,0.85,0.985,31,58.49
1610,Pune,Nashik,Pune -> Nashik,210,3,Volvo AC Semi-Sleeper,40,390.0,2026-05-13,Wednesday,2026-04-26,17,False,0.82,0.906,17,42.5
1611,Bangalore,Mysore,Bangalore -> Mysore,145,1,AC Sleeper,31,350.0,2025-10-27,Monday,2025-09-28,29,False,0.85,1.049,19,61.29
1612,Mumbai,Nashik,Mumbai -> Nashik,170,2,Non-AC Seater,53,170.0,2025-09-11,Thursday,2025-08-03,39,False,0.95,0.952,39,73.58
1613,Delhi,Jaipur,Delhi -> Jaipur,280,1,AC Sleeper,28,660.0,2025-12-04,Thursday,2025-10-25,40,False,0.95,1.025,22,78.57
1614,Pune,Kolhapur,Pune -> Kolhapur,230,2,AC Sleeper,32,470.0,2026-06-26,Friday,2026-05-30,27,False,1.15,0.888,25,78.12
1615,Bangalore,Hyderabad,Bangalore -> Hyderabad,570,2,Non-AC Seater,56,590.0,2026-05-22,Friday,2026-04-15,37,False,1.15,0.986,44,78.57
1616,Hyderabad,Bangalore,Hyderabad -> Bangalore,570,2,Non-AC Seater,51,560.0,2026-06-16,Tuesday,2026-05-27,20,False,0.8,0.936,21,41.18
1617,Delhi,Agra,Delhi -> Agra,230,2,Volvo AC Semi-Sleeper,41,430.0,2026-04-24,Friday,2026-03-16,39,False,1.15,0.912,36,87.8
1618,Delhi,Dehradun,Delhi -> Dehradun,250,2,AC Sleeper,30,500.0,2025-11-05,Wednesday,2025-10-06,30,False,0.82,0.87,20,66.67
1619,Mumbai,Shirdi,Mumbai -> Shirdi,250,2,Non-AC Seater,48,280.0,2025-10-09,Thursday,2025-08-26,44,False,0.95,1.067,29,60.42
1620,Bangalore,Chennai,Bangalore -> Chennai,350,1,Non-AC Sleeper,36,520.0,2026-03-19,Thursday,2026-02-07,40,False,0.95,1.025,34,94.44
1621,Kochi,Bangalore,Kochi -> Bangalore,550,3,AC Sleeper,32,1220.0,2026-05-17,Sunday,2026-04-13,34,False,1.1,0.964,19,59.38
1622,Hyderabad,Vijayawada,Hyderabad -> Vijayawada,275,2,AC Seater,43,510.0,2026-02-10,Tuesday,2026-01-22,19,False,0.8,1.091,17,39.53
1623,Kochi,Bangalore,Kochi -> Bangalore,550,3,Non-AC Sleeper,32,780.0,2026-04-09,Thursday,2026-02-28,40,False,0.95,0.978,14,43.75
1624,Ahmedabad,Surat,Ahmedabad -> Surat,265,1,Non-AC Sleeper,32,360.0,2026-04-06,Monday,2026-03-05,32,False,0.85,0.937,22,68.75
1625,Ahmedabad,Surat,Ahmedabad -> Surat,265,1,Non-AC Sleeper,35,350.0,2025-08-06,Wednesday,2025-07-03,34,False,0.82,0.911,22,62.86
1626,Pune,Nashik,Pune -> Nashik,210,3,Volvo AC Semi-Sleeper,41,470.0,2025-10-23,Thursday,2025-09-22,31,True,0.95,1.092,22,53.66
1627,Mumbai,Goa,Mumbai -> Goa,590,2,Non-AC Seater,50,680.0,2026-01-25,Sunday,2026-01-06,19,True,1.1,1.098,47,94.0
1628,Delhi,Dehradun,Delhi -> Dehradun,250,2,Non-AC Seater,50,230.0,2026-02-11,Wednesday,2025-12-31,42,False,0.82,0.876,31,62.0
1629,Delhi,Chandigarh,Delhi -> Chandigarh,250,2,Volvo AC Semi-Sleeper,40,550.0,2025-08-18,Monday,2025-08-03,15,False,0.85,1.073,22,55.0
1630,Mumbai,Goa,Mumbai -> Goa,590,2,Volvo AC Semi-Sleeper,38,1290.0,2026-03-10,Tuesday,2026-02-07,31,False,0.8,1.067,19,50.0
1631,Mumbai,Goa,Mumbai -> Goa,590,2,Non-AC Sleeper,35,920.0,2026-05-28,Thursday,2026-04-20,38,False,0.95,1.075,24,68.57
1632,Mumbai,Nashik,Mumbai -> Nashik,170,2,AC Sleeper,32,420.0,2026-05-24,Sunday,2026-04-23,31,False,1.1,1.074,25,78.12
1633,Bangalore,Coimbatore,Bangalore -> Coimbatore,365,2,Volvo AC Semi-Sleeper,42,680.0,2026-03-17,Tuesday,2026-02-19,26,False,0.8,0.909,23,54.76
1634,Pune,Nashik,Pune -> Nashik,210,3,Non-AC Sleeper,35,340.0,2025-09-13,Saturday,2025-08-27,17,False,1.25,1.117,15,42.86
1635,Kochi,Bangalore,Kochi -> Bangalore,550,3,Non-AC Seater,54,510.0,2026-04-12,Sunday,2026-03-20,23,True,1.1,0.883,38,70.37
1636,Mumbai,Nashik,Mumbai -> Nashik,170,2,AC Sleeper,34,420.0,2026-04-15,Wednesday,2026-03-04,42,True,0.82,1.074,23,67.65
1637,Jaipur,Udaipur,Jaipur -> Udaipur,400,3,AC Sleeper,34,1020.0,2025-11-16,Sunday,2025-10-24,23,False,1.1,1.109,14,41.18
1638,Bangalore,Hyderabad,Bangalore -> Hyderabad,570,2,Non-AC Seater,50,660.0,2025-09-15,Monday,2025-08-11,35,False,0.85,1.103,30,60.0
1639,Jaipur,Udaipur,Jaipur -> Udaipur,400,3,Volvo AC Semi-Sleeper,41,910.0,2025-09-21,Sunday,2025-08-09,43,False,1.1,1.11,27,65.85
1640,Delhi,Jaipur,Delhi -> Jaipur,280,1,Volvo AC Semi-Sleeper,41,630.0,2025-09-25,Thursday,2025-08-30,26,False,0.95,1.098,31,75.61
1641,Pune,Kolhapur,Pune -> Kolhapur,230,2,AC Sleeper,28,570.0,2026-03-02,Monday,2026-02-07,23,True,0.85,1.078,18,64.29
1642,Surat,Mumbai,Surat -> Mumbai,285,2,AC Seater,44,440.0,2025-08-01,Friday,2025-07-13,19,False,1.15,0.908,25,56.82
1643,Kolkata,Digha,Kolkata -> Digha,185,3,Volvo AC Semi-Sleeper,40,420.0,2026-06-19,Friday,2026-05-29,21,False,1.15,1.107,19,47.5
1644,Mumbai,Pune,Mumbai -> Pune,150,1,AC Sleeper,30,370.0,2025-11-19,Wednesday,2025-10-12,38,False,0.82,1.072,16,53.33
1645,Pune,Nashik,Pune -> Nashik,210,3,Non-AC Seater,50,200.0,2026-02-19,Thursday,2026-01-13,37,False,0.95,0.907,24,48.0
1646,Chennai,Madurai,Chennai -> Madurai,460,2,Non-AC Sleeper,31,610.0,2026-03-15,Sunday,2026-02-27,16,False,1.1,0.915,16,51.61
1647,Bangalore,Chennai,Bangalore -> Chennai,350,1,Volvo AC Semi-Sleeper,39,790.0,2026-04-05,Sunday,2026-02-24,40,False,1.1,1.101,38,97.44
1648,Chennai,Coimbatore,Chennai -> Coimbatore,500,2,AC Sleeper,30,1110.0,2026-05-06,Wednesday,2026-04-03,33,False,0.82,0.965,15,50.0
1649,Delhi,Chandigarh,Delhi -> Chandigarh,250,2,AC Seater,44,460.0,2026-04-06,Monday,2026-03-18,19,False,0.85,1.082,24,54.55
1650,Ahmedabad,Surat,Ahmedabad -> Surat,265,1,Volvo AC Semi-Sleeper,39,550.0,2025-11-16,Sunday,2025-10-26,21,False,1.1,1.012,33,84.62
1651,Bangalore,Goa,Bangalore -> Goa,560,3,Non-AC Seater,54,600.0,2026-03-24,Tuesday,2026-02-27,25,False,0.8,1.02,16,29.63
1652,Delhi,Dehradun,Delhi -> Dehradun,250,2,Volvo AC Semi-Sleeper,38,570.0,2026-05-15,Friday,2026-03-31,45,False,1.15,1.112,30,78.95
1653,Pune,Nashik,Pune -> Nashik,210,3,Non-AC Sleeper,30,290.0,2026-05-16,Saturday,2026-04-30,16,False,1.25,0.952,22,73.33
1654,Delhi,Dehradun,Delhi -> Dehradun,250,2,Volvo AC Semi-Sleeper,42,550.0,2026-04-19,Sunday,2026-03-11,39,False,1.1,1.073,32,76.19
1655,Kochi,Bangalore,Kochi -> Bangalore,550,3,Non-AC Sleeper,35,830.0,2026-05-01,Friday,2026-04-07,24,False,1.15,1.041,18,51.43
1656,Mumbai,Shirdi,Mumbai -> Shirdi,250,2,Non-AC Seater,49,280.0,2025-09-04,Thursday,2025-08-01,34,False,0.95,1.067,30,61.22
1657,Delhi,Chandigarh,Delhi -> Chandigarh,250,2,Non-AC Sleeper,34,370.0,2026-05-30,Saturday,2026-04-28,32,False,1.25,1.021,26,76.47
1658,Bangalore,Goa,Bangalore -> Goa,560,3,Volvo AC Semi-Sleeper,40,1180.0,2026-03-17,Tuesday,2026-02-07,38,False,0.8,1.028,15,37.5
1659,Delhi,Dehradun,Delhi -> Dehradun,250,2,Non-AC Sleeper,34,380.0,2026-01-17,Saturday,2025-12-06,42,False,1.25,1.048,25,73.53
1660,Delhi,Agra,Delhi -> Agra,230,2,AC Sleeper,33,470.0,2025-11-21,Friday,2025-10-14,38,False,1.15,0.888,32,96.97
1661,Ahmedabad,Mumbai,Ahmedabad -> Mumbai,525,2,Non-AC Sleeper,35,790.0,2025-08-25,Monday,2025-07-26,30,True,0.85,1.038,29,82.86
1662,Delhi,Agra,Delhi -> Agra,230,2,Non-AC Sleeper,33,350.0,2025-10-22,Wednesday,2025-09-29,23,True,0.82,1.049,19,57.58
1663,Bangalore,Mysore,Bangalore -> Mysore,145,1,AC Seater,42,240.0,2025-11-25,Tuesday,2025-10-26,30,False,0.8,0.974,30,71.43
1664,Delhi,Agra,Delhi -> Agra,230,2,AC Seater,45,410.0,2025-09-08,Monday,2025-08-20,19,False,0.85,1.049,25,55.56
1665,Chennai,Coimbatore,Chennai -> Coimbatore,500,2,AC Seater,42,890.0,2025-09-22,Monday,2025-08-16,37,False,0.85,1.047,26,61.9
1666,Bangalore,Chennai,Bangalore -> Chennai,350,1,AC Seater,43,640.0,2025-12-08,Monday,2025-11-03,35,False,0.85,1.076,32,74.42
1667,Surat,Mumbai,Surat -> Mumbai,285,2,AC Seater,44,500.0,2025-11-19,Wednesday,2025-10-17,33,False,0.82,1.032,22,50.0
1668,Hyderabad,Vijayawada,Hyderabad -> Vijayawada,275,2,AC Seater,40,510.0,2026-05-23,Saturday,2026-04-23,30,False,1.25,1.091,34,85.0
1669,Surat,Mumbai,Surat -> Mumbai,285,2,Non-AC Sleeper,30,400.0,2025-10-06,Monday,2025-08-23,44,False,0.85,0.968,15,50.0
1670,Bangalore,Coimbatore,Bangalore -> Coimbatore,365,2,AC Sleeper,29,850.0,2025-09-20,Saturday,2025-08-23,28,False,1.25,1.013,23,79.31
1671,Mumbai,Goa,Mumbai -> Goa,590,2,Volvo AC Semi-Sleeper,41,1130.0,2026-06-10,Wednesday,2026-05-05,36,False,0.82,0.934,23,56.1
1672,Mumbai,Goa,Mumbai -> Goa,590,2,Volvo AC Semi-Sleeper,41,1360.0,2026-05-10,Sunday,2026-03-30,41,False,1.1,1.124,31,75.61
1673,Mumbai,Goa,Mumbai -> Goa,590,2,Non-AC Seater,56,540.0,2025-10-23,Thursday,2025-09-20,33,True,0.95,0.872,43,76.79
1674,Ahmedabad,Mumbai,Ahmedabad -> Mumbai,525,2,Volvo AC Semi-Sleeper,40,1080.0,2025-12-27,Saturday,2025-11-26,31,True,1.25,1.003,39,97.5
1675,Kolkata,Digha,Kolkata -> Digha,185,3,AC Seater,42,280.0,2026-02-17,Tuesday,2026-01-25,23,False,0.8,0.89,20,47.62
1676,Delhi,Chandigarh,Delhi -> Chandigarh,250,2,AC Sleeper,33,600.0,2026-02-10,Tuesday,2026-01-17,24,False,0.8,1.043,14,42.42
1677,Bangalore,Goa,Bangalore -> Goa,560,3,Volvo AC Semi-Sleeper,40,1040.0,2026-03-27,Friday,2026-03-07,20,False,1.15,0.906,21,52.5
1678,Pune,Nashik,Pune -> Nashik,210,3,AC Sleeper,32,460.0,2026-02-09,Monday,2026-01-23,17,False,0.85,0.952,12,37.5
1679,Chennai,Coimbatore,Chennai -> Coimbatore,500,2,Non-AC Seater,48,520.0,2025-09-25,Thursday,2025-08-25,31,False,0.95,0.99,41,85.42
1680,Delhi,Jaipur,Delhi -> Jaipur,280,1,Non-AC Sleeper,31,420.0,2026-06-24,Wednesday,2026-06-02,22,False,0.82,1.034,21,67.74
1681,Pune,Kolhapur,Pune -> Kolhapur,230,2,AC Seater,41,420.0,2025-10-14,Tuesday,2025-09-08,36,False,0.8,1.074,23,56.1
1682,Kolkata,Digha,Kolkata -> Digha,185,3,AC Seater,42,280.0,2025-12-08,Monday,2025-11-16,22,False,0.85,0.89,17,40.48
1683,Chennai,Coimbatore,Chennai -> Coimbatore,500,2,Non-AC Seater,54,460.0,2026-05-08,Friday,2026-04-21,17,False,1.15,0.876,42,77.78
1684,Kochi,Bangalore,Kochi -> Bangalore,550,3,Volvo AC Semi-Sleeper,40,1130.0,2026-01-26,Monday,2025-12-16,41,True,0.85,1.002,21,52.5
1685,Hyderabad,Vijayawada,Hyderabad -> Vijayawada,275,2,Non-AC Seater,54,260.0,2026-04-16,Thursday,2026-03-29,18,True,0.95,0.9,38,70.37
1686,Ahmedabad,Surat,Ahmedabad -> Surat,265,1,Non-AC Sleeper,33,350.0,2025-10-08,Wednesday,2025-08-29,40,False,0.82,0.911,20,60.61
1687,Hyderabad,Vijayawada,Hyderabad -> Vijayawada,275,2,Non-AC Seater,54,310.0,2025-09-16,Tuesday,2025-08-07,40,False,0.8,1.074,36,66.67
1688,Chennai,Coimbatore,Chennai -> Coimbatore,500,2,AC Seater,45,880.0,2025-09-15,Monday,2025-08-13,33,False,0.85,1.035,22,48.89
1689,Hyderabad,Bangalore,Hyderabad -> Bangalore,570,2,AC Seater,44,1070.0,2025-09-14,Sunday,2025-08-13,32,False,1.1,1.104,31,70.45
1690,Mumbai,Goa,Mumbai -> Goa,590,2,Non-AC Sleeper,33,820.0,2026-02-25,Wednesday,2026-02-03,22,False,0.82,0.959,18,54.55
1691,Hyderabad,Vijayawada,Hyderabad -> Vijayawada,275,2,Non-AC Sleeper,34,420.0,2026-04-23,Thursday,2026-03-15,39,False,0.95,1.053,22,64.71
1692,Ahmedabad,Surat,Ahmedabad -> Surat,265,1,AC Seater,41,450.0,2026-03-22,Sunday,2026-03-08,14,False,1.1,0.999,36,87.8
1693,Mumbai,Shirdi,Mumbai -> Shirdi,250,2,AC Sleeper,33,580.0,2025-11-09,Sunday,2025-10-11,29,False,1.1,1.009,23,69.7
1694,Pune,Nashik,Pune -> Nashik,210,3,Non-AC Sleeper,35,320.0,2026-03-03,Tuesday,2026-01-20,42,True,0.8,1.051,20,57.14
1695,Bangalore,Chennai,Bangalore -> Chennai,350,1,Non-AC Seater,49,340.0,2026-06-27,Saturday,2026-05-17,41,False,1.25,0.925,49,100.0
1696,Bangalore,Hyderabad,Bangalore -> Hyderabad,570,2,Non-AC Sleeper,31,790.0,2025-10-15,Wednesday,2025-09-14,31,False,0.82,0.956,20,64.52
1697,Mumbai,Pune,Mumbai -> Pune,150,1,AC Seater,43,260.0,2025-12-10,Wednesday,2025-10-27,44,False,0.82,1.02,29,67.44
1698,Ahmedabad,Mumbai,Ahmedabad -> Mumbai,525,2,AC Seater,44,910.0,2026-04-24,Friday,2026-04-06,18,False,1.15,1.02,30,68.18
1699,Bangalore,Goa,Bangalore -> Goa,560,3,Volvo AC Semi-Sleeper,42,1080.0,2025-08-13,Wednesday,2025-07-25,19,True,0.82,0.941,18,42.86
1700,Mumbai,Nashik,Mumbai -> Nashik,170,2,Non-AC Sleeper,34,240.0,2026-04-14,Tuesday,2026-03-11,34,True,0.8,0.974,26,76.47
1701,Surat,Mumbai,Surat -> Mumbai,285,2,AC Seater,41,480.0,2025-12-30,Tuesday,2025-11-20,40,True,0.8,0.991,24,58.54
1702,Mumbai,Nashik,Mumbai -> Nashik,170,2,Non-AC Sleeper,33,250.0,2026-04-24,Friday,2026-03-24,31,False,1.15,1.014,25,75.76
1703,Mumbai,Goa,Mumbai -> Goa,590,2,Non-AC Seater,51,590.0,2026-03-11,Wednesday,2026-01-29,41,False,0.82,0.952,31,60.78
1704,Mumbai,Pune,Mumbai -> Pune,150,1,Non-AC Seater,49,160.0,2025-09-22,Monday,2025-08-30,23,False,0.85,1.016,38,77.55
1705,Kochi,Bangalore,Kochi -> Bangalore,550,3,AC Sleeper,29,1360.0,2025-10-20,Monday,2025-10-02,18,True,0.85,1.075,19,65.52
1706,Bangalore,Hyderabad,Bangalore -> Hyderabad,570,2,AC Seater,43,1040.0,2025-11-07,Friday,2025-10-12,26,False,1.15,1.073,30,69.77
1707,Bangalore,Goa,Bangalore -> Goa,560,3,Non-AC Seater,54,670.0,2026-01-26,Monday,2026-01-07,19,True,0.85,1.139,28,51.85
1708,Kochi,Bangalore,Kochi -> Bangalore,550,3,AC Sleeper,29,1350.0,2025-11-29,Saturday,2025-11-04,25,False,1.25,1.067,17,58.62
1709,Ahmedabad,Mumbai,Ahmedabad -> Mumbai,525,2,Non-AC Seater,48,550.0,2026-03-10,Tuesday,2026-02-20,18,False,0.8,0.998,19,39.58
1710,Hyderabad,Vijayawada,Hyderabad -> Vijayawada,275,2,AC Seater,44,450.0,2026-02-24,Tuesday,2026-01-20,35,False,0.8,0.963,27,61.36
1711,Delhi,Chandigarh,Delhi -> Chandigarh,250,2,AC Seater,43,410.0,2025-08-15,Friday,2025-07-15,31,True,1.15,0.965,43,100.0
1712,Kolkata,Digha,Kolkata -> Digha,185,3,Volvo AC Semi-Sleeper,40,340.0,2026-01-08,Thursday,2025-12-03,36,False,0.95,0.897,21,52.5
1713,Delhi,Agra,Delhi -> Agra,230,2,Volvo AC Semi-Sleeper,40,480.0,2026-05-30,Saturday,2026-05-14,16,False,1.25,1.018,25,62.5
1714,Bangalore,Goa,Bangalore -> Goa,560,3,AC Sleeper,32,1390.0,2025-08-22,Friday,2025-07-12,41,False,1.15,1.079,15,46.88
1715,Bangalore,Coimbatore,Bangalore -> Coimbatore,365,2,Volvo AC Semi-Sleeper,40,680.0,2025-12-30,Tuesday,2025-11-27,33,True,0.8,0.909,30,75.0
1716,Hyderabad,Bangalore,Hyderabad -> Bangalore,570,2,Non-AC Sleeper,31,750.0,2025-09-17,Wednesday,2025-08-19,29,False,0.82,0.907,23,74.19
1717,Delhi,Jaipur,Delhi -> Jaipur,280,1,AC Sleeper,34,690.0,2026-05-12,Tuesday,2026-04-25,17,False,0.8,1.071,21,61.76
1718,Ahmedabad,Surat,Ahmedabad -> Surat,265,1,AC Seater,44,470.0,2026-06-03,Wednesday,2026-05-20,14,False,0.82,1.043,26,59.09
1719,Pune,Nashik,Pune -> Nashik,210,3,AC Sleeper,31,430.0,2025-09-10,Wednesday,2025-07-27,45,False,0.82,0.89,12,38.71
1720,Mumbai,Shirdi,Mumbai -> Shirdi,250,2,Non-AC Sleeper,35,380.0,2026-03-23,Monday,2026-02-07,44,False,0.85,1.048,19,54.29
1721,Chennai,Coimbatore,Chennai -> Coimbatore,500,2,Volvo AC Semi-Sleeper,40,930.0,2026-05-25,Monday,2026-04-21,34,False,0.85,0.907,27,67.5
1722,Ahmedabad,Surat,Ahmedabad -> Surat,265,1,Non-AC Seater,55,310.0,2026-04-20,Monday,2026-04-02,18,False,0.85,1.114,36,65.45
1723,Delhi,Dehradun,Delhi -> Dehradun,250,2,Non-AC Seater,53,240.0,2026-06-04,Thursday,2026-05-08,27,False,0.95,0.914,42,79.25
1724,Bangalore,Goa,Bangalore -> Goa,560,3,Non-AC Seater,52,520.0,2025-10-31,Friday,2025-10-17,14,True,1.15,0.884,33,63.46
1725,Surat,Mumbai,Surat -> Mumbai,285,2,Volvo AC Semi-Sleeper,39,640.0,2026-05-19,Tuesday,2026-04-30,19,False,0.8,1.095,18,46.15
1726,Bangalore,Hyderabad,Bangalore -> Hyderabad,570,2,AC Sleeper,29,1290.0,2025-12-13,Saturday,2025-11-15,28,False,1.25,0.984,20,68.97
1727,Jaipur,Udaipur,Jaipur -> Udaipur,400,3,Non-AC Seater,54,480.0,2026-04-17,Friday,2026-03-09,39,False,1.15,1.143,24,44.44
1728,Hyderabad,Vijayawada,Hyderabad -> Vijayawada,275,2,Non-AC Sleeper,32,390.0,2026-02-07,Saturday,2026-01-21,17,False,1.25,0.978,26,81.25
1729,Bangalore,Hyderabad,Bangalore -> Hyderabad,570,2,AC Seater,42,950.0,2026-01-15,Thursday,2025-12-28,18,True,0.95,0.98,34,80.95
1730,Hyderabad,Vijayawada,Hyderabad -> Vijayawada,275,2,Non-AC Seater,55,270.0,2025-10-27,Monday,2025-10-13,14,False,0.85,0.935,18,32.73
1731,Bangalore,Goa,Bangalore -> Goa,560,3,Non-AC Seater,56,600.0,2025-09-14,Sunday,2025-08-24,21,False,1.1,1.02,27,48.21
1732,Ahmedabad,Mumbai,Ahmedabad -> Mumbai,525,2,Non-AC Seater,55,570.0,2026-05-20,Wednesday,2026-04-24,26,False,0.82,1.034,26,47.27
1733,Bangalore,Hyderabad,Bangalore -> Hyderabad,570,2,Non-AC Seater,56,570.0,2025-12-12,Friday,2025-10-29,44,False,1.15,0.952,52,92.86
1734,Ahmedabad,Surat,Ahmedabad -> Surat,265,1,AC Seater,42,420.0,2025-08-08,Friday,2025-07-16,23,False,1.15,0.932,37,88.1
1735,Hyderabad,Bangalore,Hyderabad -> Bangalore,570,2,Non-AC Seater,51,520.0,2026-06-02,Tuesday,2026-05-06,27,False,0.8,0.869,33,64.71
1736,Mumbai,Pune,Mumbai -> Pune,150,1,Non-AC Seater,49,170.0,2025-09-10,Wednesday,2025-08-11,30,False,0.82,1.079,35,71.43
1737,Delhi,Agra,Delhi -> Agra,230,2,AC Sleeper,32,470.0,2025-11-28,Friday,2025-11-11,17,False,1.15,0.888,21,65.62
1738,Ahmedabad,Surat,Ahmedabad -> Surat,265,1,Non-AC Seater,49,240.0,2025-09-08,Monday,2025-08-07,32,False,0.85,0.863,32,65.31
1739,Delhi,Chandigarh,Delhi -> Chandigarh,250,2,Non-AC Seater,56,290.0,2025-09-01,Monday,2025-08-02,30,False,0.85,1.105,23,41.07
1740,Chennai,Madurai,Chennai -> Madurai,460,2,Non-AC Seater,50,460.0,2025-08-12,Tuesday,2025-07-06,37,False,0.8,0.952,27,54.0
1741,Delhi,Agra,Delhi -> Agra,230,2,Non-AC Seater,48,250.0,2025-09-08,Monday,2025-08-21,18,False,0.85,1.035,20,41.67
1742,Delhi,Jaipur,Delhi -> Jaipur,280,1,Non-AC Seater,56,280.0,2025-12-21,Sunday,2025-12-05,16,False,1.1,0.952,38,67.86
1743,Mumbai,Nashik,Mumbai -> Nashik,170,2,Non-AC Sleeper,30,230.0,2026-03-01,Sunday,2026-01-29,31,False,1.1,0.933,27,90.0
1744,Hyderabad,Vijayawada,Hyderabad -> Vijayawada,275,2,AC Sleeper,29,690.0,2025-10-29,Wednesday,2025-09-19,40,False,0.82,1.091,17,58.62
1745,Delhi,Dehradun,Delhi -> Dehradun,250,2,Non-AC Sleeper,36,400.0,2026-06-18,Thursday,2026-06-04,14,False,0.95,1.103,16,44.44
1746,Mumbai,Shirdi,Mumbai -> Shirdi,250,2,Non-AC Seater,51,270.0,2026-02-22,Sunday,2026-02-06,16,False,1.1,1.029,24,47.06
1747,Chennai,Madurai,Chennai -> Madurai,460,2,AC Seater,42,870.0,2025-10-26,Sunday,2025-09-25,31,False,1.1,1.113,28,66.67
1748,Bangalore,Mysore,Bangalore -> Mysore,145,1,Non-AC Seater,54,150.0,2026-03-11,Wednesday,2026-02-21,18,False,0.82,0.985,34,62.96
1749,Hyderabad,Vijayawada,Hyderabad -> Vijayawada,275,2,Volvo AC Semi-Sleeper,40,500.0,2025-08-01,Friday,2025-07-02,30,False,1.15,0.887,24,60.0
1750,Bangalore,Goa,Bangalore -> Goa,560,3,Non-AC Seater,54,560.0,2026-06-25,Thursday,2026-06-09,16,False,0.95,0.952,24,44.44
1751,Bangalore,Chennai,Bangalore -> Chennai,350,1,AC Seater,43,530.0,2025-10-21,Tuesday,2025-09-07,44,True,0.8,0.891,42,97.67
1752,Hyderabad,Vijayawada,Hyderabad -> Vijayawada,275,2,Non-AC Seater,49,270.0,2025-11-19,Wednesday,2025-10-16,34,False,0.82,0.935,22,44.9
1753,Bangalore,Hyderabad,Bangalore -> Hyderabad,570,2,AC Sleeper,30,1250.0,2025-10-27,Monday,2025-09-17,40,False,0.85,0.953,18,60.0
1754,Bangalore,Chennai,Bangalore -> Chennai,350,1,AC Seater,45,550.0,2026-05-17,Sunday,2026-04-28,19,False,1.1,0.924,44,97.78
1755,Pune,Nashik,Pune -> Nashik,210,3,Non-AC Sleeper,34,280.0,2025-10-03,Friday,2025-08-25,39,True,1.15,0.92,25,73.53
1756,Mumbai,Goa,Mumbai -> Goa,590,2,Non-AC Sleeper,34,880.0,2026-03-18,Wednesday,2026-02-12,34,False,0.82,1.029,17,50.0
1757,Bangalore,Goa,Bangalore -> Goa,560,3,AC Sleeper,33,1430.0,2025-11-17,Monday,2025-10-08,40,False,0.85,1.11,12,36.36
1758,Delhi,Dehradun,Delhi -> Dehradun,250,2,AC Sleeper,33,610.0,2025-10-06,Monday,2025-09-11,25,False,0.85,1.061,16,48.48
1759,Kolkata,Digha,Kolkata -> Digha,185,3,AC Seater,45,280.0,2025-12-19,Friday,2025-11-18,31,False,1.15,0.89,24,53.33
1760,Chennai,Coimbatore,Chennai -> Coimbatore,500,2,Non-AC Sleeper,30,650.0,2025-11-09,Sunday,2025-09-27,43,False,1.1,0.897,25,83.33
1761,Mumbai,Shirdi,Mumbai -> Shirdi,250,2,AC Sleeper,28,550.0,2026-02-04,Wednesday,2026-01-15,20,False,0.82,0.957,12,42.86
1762,Hyderabad,Bangalore,Hyderabad -> Bangalore,570,2,AC Seater,45,1000.0,2026-03-01,Sunday,2026-01-27,33,False,1.1,1.032,28,62.22
1763,Delhi,Dehradun,Delhi -> Dehradun,250,2,Non-AC Sleeper,36,380.0,2025-11-24,Monday,2025-10-20,35,False,0.85,1.048,22,61.11
1764,Kochi,Bangalore,Kochi -> Bangalore,550,3,AC Seater,42,910.0,2026-04-19,Sunday,2026-03-23,27,False,1.1,0.973,21,50.0
1765,Jaipur,Udaipur,Jaipur -> Udaipur,400,3,Non-AC Sleeper,31,600.0,2026-06-26,Friday,2026-05-25,32,False,1.15,1.034,15,48.39
1766,Bangalore,Coimbatore,Bangalore -> Coimbatore,365,2,Volvo AC Semi-Sleeper,39,740.0,2025-08-08,Friday,2025-07-24,15,False,1.15,0.989,29,74.36
1767,Kochi,Bangalore,Kochi -> Bangalore,550,3,Non-AC Sleeper,32,820.0,2026-04-28,Tuesday,2026-03-24,35,False,0.8,1.028,15,46.88
1768,Pune,Nashik,Pune -> Nashik,210,3,Non-AC Seater,54,230.0,2025-09-13,Saturday,2025-08-22,22,False,1.25,1.043,29,53.7
1769,Delhi,Agra,Delhi -> Agra,230,2,AC Sleeper,33,580.0,2026-02-20,Friday,2026-01-31,20,False,1.15,1.096,19,57.58
1770,Mumbai,Shirdi,Mumbai -> Shirdi,250,2,Volvo AC Semi-Sleeper,38,510.0,2026-04-14,Tuesday,2026-03-30,15,True,0.8,0.995,18,47.37
1771,Mumbai,Goa,Mumbai -> Goa,590,2,Non-AC Sleeper,33,790.0,2026-04-20,Monday,2026-03-06,45,False,0.85,0.923,18,54.55
1772,Chennai,Coimbatore,Chennai -> Coimbatore,500,2,Volvo AC Semi-Sleeper,42,1030.0,2025-12-19,Friday,2025-11-20,29,False,1.15,1.005,30,71.43
1773,Bangalore,Hyderabad,Bangalore -> Hyderabad,570,2,Non-AC Sleeper,33,770.0,2025-10-01,Wednesday,2025-08-22,40,True,0.82,0.932,24,72.73
1774,Delhi,Chandigarh,Delhi -> Chandigarh,250,2,AC Seater,42,400.0,2026-06-04,Thursday,2026-05-20,15,False,0.95,0.941,22,52.38
1775,Mumbai,Shirdi,Mumbai -> Shirdi,250,2,Volvo AC Semi-Sleeper,40,540.0,2025-08-11,Monday,2025-07-17,25,False,0.85,1.054,20,50.0
1776,Bangalore,Goa,Bangalore -> Goa,560,3,AC Sleeper,32,1200.0,2025-10-31,Friday,2025-10-13,18,True,1.15,0.932,22,68.75
1777,Delhi,Chandigarh,Delhi -> Chandigarh,250,2,Non-AC Sleeper,32,340.0,2026-03-20,Friday,2026-02-17,31,False,1.15,0.938,27,84.38
1778,Bangalore,Mysore,Bangalore -> Mysore,145,1,Non-AC Sleeper,33,200.0,2025-10-31,Friday,2025-09-29,32,True,1.15,0.951,30,90.91
1779,Mumbai,Nashik,Mumbai -> Nashik,170,2,Non-AC Seater,53,160.0,2026-01-17,Saturday,2025-12-07,41,False,1.25,0.896,48,90.57
1780,Chennai,Madurai,Chennai -> Madurai,460,2,Non-AC Seater,50,480.0,2026-01-04,Sunday,2025-12-08,27,False,1.1,0.994,36,72.0
1781,Chennai,Coimbatore,Chennai -> Coimbatore,500,2,Volvo AC Semi-Sleeper,42,1100.0,2026-01-11,Sunday,2025-12-02,40,False,1.1,1.073,25,59.52
1782,Pune,Kolhapur,Pune -> Kolhapur,230,2,Non-AC Sleeper,32,300.0,2026-02-24,Tuesday,2026-01-28,27,False,0.8,0.9,14,43.75
1783,Ahmedabad,Mumbai,Ahmedabad -> Mumbai,525,2,AC Sleeper,28,1230.0,2026-05-07,Thursday,2026-03-24,44,False,0.95,1.019,22,78.57
1784,Delhi,Chandigarh,Delhi -> Chandigarh,250,2,Non-AC Seater,49,230.0,2025-09-25,Thursday,2025-08-17,39,False,0.95,0.876,35,71.43
1785,Mumbai,Shirdi,Mumbai -> Shirdi,250,2,Non-AC Seater,52,300.0,2025-08-31,Sunday,2025-07-28,34,False,1.1,1.143,32,61.54
1786,Kochi,Bangalore,Kochi -> Bangalore,550,3,AC Seater,43,910.0,2025-09-28,Sunday,2025-08-19,40,False,1.1,0.973,26,60.47
1787,Pune,Nashik,Pune -> Nashik,210,3,AC Seater,42,340.0,2025-12-21,Sunday,2025-11-28,23,False,1.1,0.952,25,59.52
1788,Surat,Mumbai,Surat -> Mumbai,285,2,Non-AC Sleeper,36,430.0,2026-05-02,Saturday,2026-04-15,17,False,1.25,1.041,29,80.56
1789,Kolkata,Digha,Kolkata -> Digha,185,3,Non-AC Sleeper,34,290.0,2025-10-21,Tuesday,2025-09-23,28,True,0.8,1.081,19,55.88
1790,Mumbai,Shirdi,Mumbai -> Shirdi,250,2,AC Sleeper,28,610.0,2026-03-28,Saturday,2026-02-28,28,False,1.25,1.061,20,71.43
1791,Bangalore,Goa,Bangalore -> Goa,560,3,Volvo AC Semi-Sleeper,38,1230.0,2025-08-25,Monday,2025-07-27,29,True,0.85,1.071,16,42.11
1792,Mumbai,Pune,Mumbai -> Pune,150,1,Non-AC Seater,48,160.0,2025-08-23,Saturday,2025-08-02,21,False,1.25,1.016,48,100.0
1793,Delhi,Jaipur,Delhi -> Jaipur,280,1,Non-AC Sleeper,35,370.0,2025-08-09,Saturday,2025-07-14,26,False,1.25,0.911,31,88.57
1794,Delhi,Dehradun,Delhi -> Dehradun,250,2,AC Sleeper,29,600.0,2025-10-03,Friday,2025-08-27,37,True,1.15,1.043,28,96.55
1795,Bangalore,Mysore,Bangalore -> Mysore,145,1,Non-AC Seater,51,140.0,2026-04-14,Tuesday,2026-03-07,38,True,0.8,0.92,42,82.35
1796,Bangalore,Goa,Bangalore -> Goa,560,3,Non-AC Sleeper,30,870.0,2025-10-04,Saturday,2025-09-03,31,True,1.25,1.071,29,96.67
1797,Jaipur,Udaipur,Jaipur -> Udaipur,400,3,Non-AC Sleeper,31,560.0,2026-06-19,Friday,2026-05-25,25,False,1.15,0.966,14,45.16
1798,Surat,Mumbai,Surat -> Mumbai,285,2,Non-AC Sleeper,35,450.0,2026-05-13,Wednesday,2026-03-31,43,False,0.82,1.089,18,51.43
1799,Kolkata,Digha,Kolkata -> Digha,185,3,Volvo AC Semi-Sleeper,41,410.0,2025-09-13,Saturday,2025-08-20,24,False,1.25,1.081,21,51.22
1800,Ahmedabad,Mumbai,Ahmedabad -> Mumbai,525,2,Volvo AC Semi-Sleeper,41,1020.0,2025-12-23,Tuesday,2025-11-09,44,True,0.8,0.948,31,75.61
1801,Ahmedabad,Mumbai,Ahmedabad -> Mumbai,525,2,AC Seater,45,900.0,2026-01-14,Wednesday,2025-12-12,33,True,0.82,1.008,31,68.89
1802,Pune,Nashik,Pune -> Nashik,210,3,AC Seater,44,320.0,2025-08-26,Tuesday,2025-07-21,36,True,0.8,0.896,26,59.09
1803,Chennai,Coimbatore,Chennai -> Coimbatore,500,2,Volvo AC Semi-Sleeper,38,1080.0,2025-11-25,Tuesday,2025-10-15,41,False,0.8,1.054,13,34.21
1804,Mumbai,Shirdi,Mumbai -> Shirdi,250,2,AC Seater,45,470.0,2026-05-23,Saturday,2026-05-05,18,False,1.25,1.106,35,77.78
1805,Mumbai,Shirdi,Mumbai -> Shirdi,250,2,AC Sleeper,28,580.0,2026-01-16,Friday,2025-12-22,25,True,1.15,1.009,28,100.0
1806,Delhi,Agra,Delhi -> Agra,230,2,Volvo AC Semi-Sleeper,40,480.0,2026-06-24,Wednesday,2026-06-03,21,False,0.82,1.018,16,40.0
1807,Pune,Kolhapur,Pune -> Kolhapur,230,2,AC Seater,44,360.0,2026-05-16,Saturday,2026-04-13,33,False,1.25,0.921,42,95.45
1808,Hyderabad,Bangalore,Hyderabad -> Bangalore,570,2,AC Seater,41,1050.0,2026-04-06,Monday,2026-03-05,32,False,0.85,1.084,18,43.9
1809,Bangalore,Chennai,Bangalore -> Chennai,350,1,Non-AC Sleeper,30,500.0,2025-10-23,Thursday,2025-10-07,16,True,0.95,0.985,23,76.67
1810,Kolkata,Digha,Kolkata -> Digha,185,3,AC Seater,43,310.0,2026-05-09,Saturday,2026-04-02,37,False,1.25,0.986,24,55.81
1811,Ahmedabad,Surat,Ahmedabad -> Surat,265,1,AC Seater,41,430.0,2025-12-21,Sunday,2025-11-23,28,False,1.1,0.954,35,85.37
1812,Mumbai,Shirdi,Mumbai -> Shirdi,250,2,Non-AC Sleeper,34,390.0,2026-06-28,Sunday,2026-05-17,42,False,1.1,1.076,32,94.12
1813,Mumbai,Goa,Mumbai -> Goa,590,2,Volvo AC Semi-Sleeper,39,1150.0,2025-12-29,Monday,2025-11-17,42,False,0.85,0.951,22,56.41
1814,Delhi,Jaipur,Delhi -> Jaipur,280,1,Volvo AC Semi-Sleeper,42,610.0,2026-01-15,Thursday,2025-12-17,29,True,0.95,1.063,37,88.1
1815,Delhi,Dehradun,Delhi -> Dehradun,250,2,AC Sleeper,34,640.0,2026-04-15,Wednesday,2026-03-29,17,True,0.82,1.113,23,67.65
1816,Jaipur,Udaipur,Jaipur -> Udaipur,400,3,AC Seater,42,640.0,2026-05-22,Friday,2026-04-23,29,False,1.15,0.941,26,61.9
1817,Bangalore,Coimbatore,Bangalore -> Coimbatore,365,2,AC Seater,42,620.0,2026-06-10,Wednesday,2026-05-01,40,False,0.82,0.999,22,52.38
1818,Chennai,Coimbatore,Chennai -> Coimbatore,500,2,Non-AC Sleeper,32,750.0,2026-06-03,Wednesday,2026-05-04,30,False,0.82,1.034,13,40.62
1819,Bangalore,Mysore,Bangalore -> Mysore,145,1,Non-AC Seater,56,150.0,2026-05-17,Sunday,2026-04-13,34,False,1.1,0.985,56,100.0
1820,Bangalore,Mysore,Bangalore -> Mysore,145,1,AC Seater,41,250.0,2025-09-10,Wednesday,2025-08-05,36,False,0.82,1.014,29,70.73
1821,Chennai,Coimbatore,Chennai -> Coimbatore,500,2,Volvo AC Semi-Sleeper,39,1140.0,2025-08-18,Monday,2025-07-25,24,False,0.85,1.112,21,53.85
1822,Delhi,Agra,Delhi -> Agra,230,2,Volvo AC Semi-Sleeper,39,440.0,2025-11-29,Saturday,2025-11-06,23,False,1.25,0.933,31,79.49
1823,Delhi,Chandigarh,Delhi -> Chandigarh,250,2,Volvo AC Semi-Sleeper,39,510.0,2025-11-06,Thursday,2025-10-07,30,False,0.95,0.995,26,66.67
1824,Delhi,Agra,Delhi -> Agra,230,2,Non-AC Seater,55,250.0,2025-12-22,Monday,2025-11-14,38,False,0.85,1.035,36,65.45
1825,Delhi,Jaipur,Delhi -> Jaipur,280,1,Non-AC Seater,49,280.0,2026-05-20,Wednesday,2026-05-02,18,False,0.82,0.952,30,61.22
1826,Mumbai,Shirdi,Mumbai -> Shirdi,250,2,Volvo AC Semi-Sleeper,42,480.0,2025-12-18,Thursday,2025-11-30,18,False,0.95,0.937,31,73.81
1827,Hyderabad,Vijayawada,Hyderabad -> Vijayawada,275,2,AC Sleeper,34,570.0,2025-11-15,Saturday,2025-10-20,26,False,1.25,0.901,28,82.35
1828,Delhi,Jaipur,Delhi -> Jaipur,280,1,Non-AC Seater,54,320.0,2026-01-02,Friday,2025-12-15,18,True,1.15,1.088,51,94.44
1829,Mumbai,Pune,Mumbai -> Pune,150,1,Non-AC Sleeper,33,200.0,2026-04-28,Tuesday,2026-04-04,24,False,0.8,0.92,22,66.67
1830,Pune,Kolhapur,Pune -> Kolhapur,230,2,Non-AC Seater,48,240.0,2025-09-20,Saturday,2025-08-31,20,False,1.25,0.994,33,68.75
1831,Mumbai,Goa,Mumbai -> Goa,590,2,AC Sleeper,32,1250.0,2026-06-17,Wednesday,2026-05-20,28,False,0.82,0.921,13,40.62
1832,Delhi,Chandigarh,Delhi -> Chandigarh,250,2,Non-AC Seater,49,230.0,2025-12-10,Wednesday,2025-11-02,38,False,0.82,0.876,35,71.43
1833,Hyderabad,Vijayawada,Hyderabad -> Vijayawada,275,2,Non-AC Sleeper,33,400.0,2026-06-12,Friday,2026-04-30,43,False,1.15,1.003,27,81.82
1834,Mumbai,Shirdi,Mumbai -> Shirdi,250,2,Non-AC Seater,52,240.0,2025-09-09,Tuesday,2025-07-29,42,False,0.8,0.914,28,53.85
1835,Delhi,Jaipur,Delhi -> Jaipur,280,1,AC Sleeper,28,650.0,2025-11-22,Saturday,2025-10-17,36,False,1.25,1.009,27,96.43
1836,Delhi,Chandigarh,Delhi -> Chandigarh,250,2,Non-AC Sleeper,35,330.0,2026-06-01,Monday,2026-05-18,14,False,0.85,0.91,17,48.57
1837,Bangalore,Hyderabad,Bangalore -> Hyderabad,570,2,Non-AC Seater,50,590.0,2025-12-10,Wednesday,2025-10-28,43,False,0.82,0.986,32,64.0
1838,Mumbai,Shirdi,Mumbai -> Shirdi,250,2,Volvo AC Semi-Sleeper,40,510.0,2025-11-14,Friday,2025-10-28,17,False,1.15,0.995,28,70.0
1839,Hyderabad,Bangalore,Hyderabad -> Bangalore,570,2,Volvo AC Semi-Sleeper,40,1140.0,2026-02-16,Monday,2026-01-30,17,False,0.85,0.976,17,42.5
1840,Chennai,Madurai,Chennai -> Madurai,460,2,Volvo AC Semi-Sleeper,39,1020.0,2025-10-21,Tuesday,2025-09-19,32,True,0.8,1.082,31,79.49
1841,Delhi,Dehradun,Delhi -> Dehradun,250,2,Non-AC Sleeper,34,390.0,2026-05-31,Sunday,2026-04-22,39,False,1.1,1.076,22,64.71
1842,Ahmedabad,Mumbai,Ahmedabad -> Mumbai,525,2,Volvo AC Semi-Sleeper,39,990.0,2025-10-23,Thursday,2025-09-17,36,True,0.95,0.92,38,97.44
1843,Chennai,Madurai,Chennai -> Madurai,460,2,Non-AC Sleeper,30,700.0,2026-03-16,Monday,2026-02-27,17,False,0.85,1.049,15,50.0
1844,Bangalore,Hyderabad,Bangalore -> Hyderabad,570,2,Non-AC Seater,50,600.0,2025-12-25,Thursday,2025-12-03,22,True,0.95,1.003,27,54.0
1845,Bangalore,Chennai,Bangalore -> Chennai,350,1,AC Sleeper,34,800.0,2026-04-06,Monday,2026-03-20,17,False,0.85,0.994,18,52.94
1846,Delhi,Dehradun,Delhi -> Dehradun,250,2,Volvo AC Semi-Sleeper,40,540.0,2026-06-03,Wednesday,2026-05-13,21,False,0.82,1.054,15,37.5
1847,Mumbai,Shirdi,Mumbai -> Shirdi,250,2,AC Sleeper,30,540.0,2026-03-27,Friday,2026-03-12,15,False,1.15,0.939,18,60.0
1848,Hyderabad,Vijayawada,Hyderabad -> Vijayawada,275,2,Non-AC Sleeper,35,380.0,2026-05-14,Thursday,2026-04-07,37,False,0.95,0.953,24,68.57
1849,Delhi,Jaipur,Delhi -> Jaipur,280,1,Volvo AC Semi-Sleeper,41,560.0,2026-05-16,Saturday,2026-05-01,15,False,1.25,0.976,37,90.24
1850,Delhi,Jaipur,Delhi -> Jaipur,280,1,AC Sleeper,34,660.0,2026-02-08,Sunday,2026-01-22,17,False,1.1,1.025,21,61.76
1851,Mumbai,Pune,Mumbai -> Pune,150,1,Non-AC Seater,56,150.0,2026-04-21,Tuesday,2026-03-23,29,False,0.8,0.952,42,75.0
1852,Bangalore,Chennai,Bangalore -> Chennai,350,1,Non-AC Sleeper,32,530.0,2025-09-02,Tuesday,2025-08-05,28,False,0.8,1.044,19,59.38
1853,Kochi,Bangalore,Kochi -> Bangalore,550,3,Volvo AC Semi-Sleeper,41,1260.0,2026-04-02,Thursday,2026-02-24,37,False,0.95,1.118,19,46.34
1854,Surat,Mumbai,Surat -> Mumbai,285,2,Volvo AC Semi-Sleeper,39,610.0,2025-12-31,Wednesday,2025-12-17,14,True,0.82,1.044,22,56.41
1855,Bangalore,Chennai,Bangalore -> Chennai,350,1,Volvo AC Semi-Sleeper,39,750.0,2025-10-26,Sunday,2025-10-02,24,False,1.1,1.045,34,87.18
1856,Ahmedabad,Surat,Ahmedabad -> Surat,265,1,Non-AC Sleeper,31,410.0,2025-08-30,Saturday,2025-08-16,14,False,1.25,1.067,23,74.19
1857,Delhi,Chandigarh,Delhi -> Chandigarh,250,2,Non-AC Sleeper,31,350.0,2026-01-05,Monday,2025-12-15,21,False,0.85,0.966,13,41.94
1858,Hyderabad,Bangalore,Hyderabad -> Bangalore,570,2,AC Sleeper,34,1250.0,2025-10-28,Tuesday,2025-09-26,32,False,0.8,0.953,19,55.88
1859,Hyderabad,Vijayawada,Hyderabad -> Vijayawada,275,2,Volvo AC Semi-Sleeper,42,500.0,2026-04-15,Wednesday,2026-03-04,42,True,0.82,0.887,32,76.19
1860,Kolkata,Digha,Kolkata -> Digha,185,3,AC Seater,40,320.0,2026-05-23,Saturday,2026-04-21,32,False,1.25,1.017,16,40.0
1861,Jaipur,Udaipur,Jaipur -> Udaipur,400,3,AC Sleeper,28,840.0,2025-09-19,Friday,2025-08-30,20,False,1.15,0.913,16,57.14
1862,Delhi,Dehradun,Delhi -> Dehradun,250,2,AC Seater,40,420.0,2026-03-01,Sunday,2026-01-23,37,False,1.1,0.988,33,82.5
1863,Surat,Mumbai,Surat -> Mumbai,285,2,AC Sleeper,33,620.0,2025-10-10,Friday,2025-09-24,16,False,1.15,0.946,25,75.76
1864,Kochi,Bangalore,Kochi -> Bangalore,550,3,AC Seater,42,830.0,2026-05-28,Thursday,2026-05-07,21,False,0.95,0.888,20,47.62
1865,Mumbai,Goa,Mumbai -> Goa,590,2,AC Seater,40,960.0,2026-06-29,Monday,2026-06-07,22,False,0.85,0.957,23,57.5
1866,Mumbai,Pune,Mumbai -> Pune,150,1,Non-AC Seater,52,140.0,2025-11-06,Thursday,2025-10-15,22,False,0.95,0.889,47,90.38
1867,Bangalore,Mysore,Bangalore -> Mysore,145,1,Volvo AC Semi-Sleeper,39,260.0,2026-03-23,Monday,2026-02-21,30,False,0.85,0.875,34,87.18
1868,Chennai,Coimbatore,Chennai -> Coimbatore,500,2,Non-AC Sleeper,31,670.0,2026-06-11,Thursday,2026-05-10,32,False,0.95,0.924,19,61.29
1869,Mumbai,Pune,Mumbai -> Pune,150,1,Non-AC Sleeper,36,240.0,2026-04-05,Sunday,2026-03-17,19,False,1.1,1.103,23,63.89
1870,Bangalore,Chennai,Bangalore -> Chennai,350,1,Non-AC Seater,56,370.0,2026-03-11,Wednesday,2026-02-17,22,False,0.82,1.007,39,69.64
1871,Mumbai,Nashik,Mumbai -> Nashik,170,2,Volvo AC Semi-Sleeper,42,350.0,2025-08-12,Tuesday,2025-07-28,15,False,0.8,1.004,16,38.1
1872,Delhi,Dehradun,Delhi -> Dehradun,250,2,Volvo AC Semi-Sleeper,39,560.0,2025-11-27,Thursday,2025-11-06,21,False,0.95,1.093,13,33.33
1873,Mumbai,Goa,Mumbai -> Goa,590,2,Volvo AC Semi-Sleeper,42,1110.0,2025-08-27,Wednesday,2025-08-09,18,True,0.82,0.918,28,66.67
1874,Bangalore,Goa,Bangalore -> Goa,560,3,Non-AC Sleeper,35,750.0,2026-02-11,Wednesday,2025-12-31,42,False,0.82,0.924,18,51.43
1875,Delhi,Chandigarh,Delhi -> Chandigarh,250,2,AC Seater,40,410.0,2025-12-29,Monday,2025-12-12,17,False,0.85,0.965,28,70.0
1876,Mumbai,Goa,Mumbai -> Goa,590,2,Non-AC Sleeper,36,840.0,2026-06-07,Sunday,2026-05-02,36,False,1.1,0.982,23,63.89
1877,Delhi,Agra,Delhi -> Agra,230,2,Non-AC Sleeper,35,340.0,2026-01-15,Thursday,2025-12-08,38,True,0.95,1.019,29,82.86
1878,Surat,Mumbai,Surat -> Mumbai,285,2,AC Seater,44,490.0,2026-05-27,Wednesday,2026-04-23,34,False,0.82,1.011,24,54.55
1879,Bangalore,Chennai,Bangalore -> Chennai,350,1,AC Sleeper,30,830.0,2025-12-23,Tuesday,2025-12-03,20,True,0.8,1.031,26,86.67
1880,Chennai,Coimbatore,Chennai -> Coimbatore,500,2,Volvo AC Semi-Sleeper,41,1140.0,2025-08-05,Tuesday,2025-06-22,44,False,0.8,1.112,23,56.1
1881,Bangalore,Coimbatore,Bangalore -> Coimbatore,365,2,Volvo AC Semi-Sleeper,42,790.0,2026-02-17,Tuesday,2026-01-27,21,False,0.8,1.056,17,40.48
1882,Pune,Nashik,Pune -> Nashik,210,3,AC Seater,42,340.0,2026-02-05,Thursday,2026-01-22,14,False,0.95,0.952,16,38.1
1883,Mumbai,Pune,Mumbai -> Pune,150,1,Volvo AC Semi-Sleeper,42,310.0,2026-05-15,Friday,2026-04-10,35,False,1.15,1.008,41,97.62
1884,Bangalore,Chennai,Bangalore -> Chennai,350,1,AC Sleeper,32,790.0,2025-11-11,Tuesday,2025-10-03,39,False,0.8,0.981,19,59.38
1885,Kochi,Bangalore,Kochi -> Bangalore,550,3,Volvo AC Semi-Sleeper,41,1060.0,2025-11-25,Tuesday,2025-10-14,42,False,0.8,0.94,18,43.9
1886,Bangalore,Chennai,Bangalore -> Chennai,350,1,Non-AC Sleeper,30,500.0,2026-01-31,Saturday,2026-01-17,14,False,1.25,0.985,22,73.33
1887,Ahmedabad,Surat,Ahmedabad -> Surat,265,1,Non-AC Seater,56,250.0,2025-10-30,Thursday,2025-09-20,40,True,0.95,0.898,56,100.0
1888,Delhi,Dehradun,Delhi -> Dehradun,250,2,Non-AC Seater,48,290.0,2025-09-06,Saturday,2025-08-16,21,False,1.25,1.105,32,66.67
1889,Hyderabad,Vijayawada,Hyderabad -> Vijayawada,275,2,Non-AC Seater,50,310.0,2025-08-04,Monday,2025-07-08,27,False,0.85,1.074,22,44.0
1890,Bangalore,Chennai,Bangalore -> Chennai,350,1,Non-AC Sleeper,33,470.0,2025-09-30,Tuesday,2025-08-16,45,True,0.8,0.926,28,84.85
1891,Delhi,Dehradun,Delhi -> Dehradun,250,2,Non-AC Seater,50,290.0,2025-12-16,Tuesday,2025-11-02,44,False,0.8,1.105,31,62.0
1892,Bangalore,Chennai,Bangalore -> Chennai,350,1,Non-AC Seater,50,400.0,2025-11-22,Saturday,2025-10-31,22,False,1.25,1.088,39,78.0
1893,Bangalore,Chennai,Bangalore -> Chennai,350,1,Non-AC Seater,48,320.0,2025-12-21,Sunday,2025-12-01,20,False,1.1,0.871,47,97.92
1894,Surat,Mumbai,Surat -> Mumbai,285,2,Volvo AC Semi-Sleeper,41,600.0,2025-12-02,Tuesday,2025-11-12,20,False,0.8,1.027,25,60.98
1895,Bangalore,Goa,Bangalore -> Goa,560,3,AC Sleeper,32,1140.0,2026-03-14,Saturday,2026-02-08,34,False,1.25,0.885,24,75.0
1896,Surat,Mumbai,Surat -> Mumbai,285,2,AC Sleeper,32,710.0,2025-12-29,Monday,2025-12-07,22,False,0.85,1.083,16,50.0
1897,Chennai,Madurai,Chennai -> Madurai,460,2,Non-AC Seater,56,520.0,2026-03-22,Sunday,2026-03-07,15,False,1.1,1.077,31,55.36
1898,Bangalore,Goa,Bangalore -> Goa,560,3,AC Sleeper,28,1390.0,2026-02-14,Saturday,2026-01-25,20,False,1.25,1.079,10,35.71
1899,Delhi,Dehradun,Delhi -> Dehradun,250,2,AC Seater,44,380.0,2026-02-26,Thursday,2026-02-12,14,False,0.95,0.894,26,59.09
1900,Mumbai,Nashik,Mumbai -> Nashik,170,2,AC Seater,40,320.0,2025-09-27,Saturday,2025-09-04,23,False,1.25,1.107,30,75.0
1901,Delhi,Dehradun,Delhi -> Dehradun,250,2,AC Sleeper,32,600.0,2026-06-26,Friday,2026-05-27,30,False,1.15,1.043,22,68.75
1902,Hyderabad,Vijayawada,Hyderabad -> Vijayawada,275,2,AC Seater,43,450.0,2025-09-14,Sunday,2025-08-12,33,False,1.1,0.963,32,74.42
1903,Jaipur,Udaipur,Jaipur -> Udaipur,400,3,Volvo AC Semi-Sleeper,40,800.0,2026-04-20,Monday,2026-03-24,27,False,0.85,0.976,19,47.5
1904,Bangalore,Coimbatore,Bangalore -> Coimbatore,365,2,AC Sleeper,34,760.0,2026-05-02,Saturday,2026-03-22,41,False,1.25,0.905,34,100.0
1905,Kolkata,Digha,Kolkata -> Digha,185,3,AC Seater,44,340.0,2026-03-27,Friday,2026-02-11,44,False,1.15,1.081,24,54.55
1906,Chennai,Coimbatore,Chennai -> Coimbatore,500,2,Non-AC Seater,49,580.0,2025-08-04,Monday,2025-07-10,25,False,0.85,1.105,26,53.06
1907,Bangalore,Chennai,Bangalore -> Chennai,350,1,AC Seater,43,590.0,2026-01-17,Saturday,2025-12-14,34,False,1.25,0.992,42,97.67
1908,Delhi,Agra,Delhi -> Agra,230,2,Non-AC Seater,49,240.0,2026-06-28,Sunday,2026-05-17,42,False,1.1,0.994,31,63.27
1909,Delhi,Chandigarh,Delhi -> Chandigarh,250,2,Non-AC Seater,48,270.0,2025-12-31,Wednesday,2025-12-13,18,True,0.82,1.029,22,45.83
1910,Surat,Mumbai,Surat -> Mumbai,285,2,Non-AC Sleeper,34,440.0,2026-01-28,Wednesday,2026-01-07,21,True,0.82,1.065,26,76.47
1911,Bangalore,Hyderabad,Bangalore -> Hyderabad,570,2,AC Seater,40,1060.0,2026-06-10,Wednesday,2026-05-16,25,False,0.82,1.094,21,52.5
1912,Hyderabad,Vijayawada,Hyderabad -> Vijayawada,275,2,Non-AC Sleeper,33,390.0,2026-04-15,Wednesday,2026-03-31,15,True,0.82,0.978,20,60.61
1913,Pune,Nashik,Pune -> Nashik,210,3,Volvo AC Semi-Sleeper,42,430.0,2026-04-30,Thursday,2026-04-16,14,False,0.95,0.999,15,35.71
1914,Bangalore,Chennai,Bangalore -> Chennai,350,1,AC Sleeper,30,730.0,2026-01-13,Tuesday,2025-12-07,37,True,0.8,0.907,29,96.67
1915,Hyderabad,Bangalore,Hyderabad -> Bangalore,570,2,Non-AC Sleeper,36,850.0,2025-10-17,Friday,2025-09-18,29,False,1.15,1.028,22,61.11
1916,Kochi,Bangalore,Kochi -> Bangalore,550,3,Non-AC Seater,49,570.0,2026-05-24,Sunday,2026-04-25,29,False,1.1,0.987,33,67.35
1917,Bangalore,Mysore,Bangalore -> Mysore,145,1,Non-AC Seater,51,160.0,2026-01-25,Sunday,2025-12-29,27,True,1.1,1.051,46,90.2
1918,Mumbai,Shirdi,Mumbai -> Shirdi,250,2,Non-AC Seater,49,290.0,2026-05-22,Friday,2026-04-29,23,False,1.15,1.105,31,63.27
1919,Mumbai,Nashik,Mumbai -> Nashik,170,2,AC Sleeper,28,430.0,2026-02-25,Wednesday,2026-01-22,34,False,0.82,1.1,15,53.57
1920,Delhi,Dehradun,Delhi -> Dehradun,250,2,Non-AC Sleeper,35,370.0,2025-11-29,Saturday,2025-11-01,28,False,1.25,1.021,27,77.14
1921,Ahmedabad,Surat,Ahmedabad -> Surat,265,1,AC Seater,40,440.0,2025-12-05,Friday,2025-11-19,16,False,1.15,0.977,35,87.5
1922,Mumbai,Shirdi,Mumbai -> Shirdi,250,2,AC Seater,42,410.0,2025-11-15,Saturday,2025-10-31,15,False,1.25,0.965,32,76.19
1923,Bangalore,Chennai,Bangalore -> Chennai,350,1,AC Seater,40,610.0,2026-04-08,Wednesday,2026-03-04,35,False,0.82,1.025,24,60.0
1924,Ahmedabad,Mumbai,Ahmedabad -> Mumbai,525,2,Non-AC Sleeper,33,820.0,2025-10-10,Friday,2025-09-01,39,False,1.15,1.077,33,100.0
1925,Chennai,Coimbatore,Chennai -> Coimbatore,500,2,Non-AC Seater,53,450.0,2026-06-22,Monday,2026-05-10,43,False,0.85,0.857,34,64.15
1926,Hyderabad,Bangalore,Hyderabad -> Bangalore,570,2,AC Seater,44,930.0,2025-11-05,Wednesday,2025-10-03,33,False,0.82,0.96,26,59.09
1927,Mumbai,Shirdi,Mumbai -> Shirdi,250,2,AC Seater,41,380.0,2025-08-21,Thursday,2025-07-08,44,False,0.95,0.894,38,92.68
1928,Mumbai,Goa,Mumbai -> Goa,590,2,AC Seater,40,1030.0,2025-08-30,Saturday,2025-07-31,30,False,1.25,1.027,33,82.5
1929,Jaipur,Udaipur,Jaipur -> Udaipur,400,3,Non-AC Sleeper,30,520.0,2026-03-19,Thursday,2026-02-20,27,False,0.95,0.897,16,53.33
1930,Bangalore,Chennai,Bangalore -> Chennai,350,1,Non-AC Seater,54,410.0,2026-01-07,Wednesday,2025-12-10,28,False,0.82,1.116,25,46.3
1931,Ahmedabad,Surat,Ahmedabad -> Surat,265,1,Non-AC Seater,51,310.0,2026-04-23,Thursday,2026-03-31,23,False,0.95,1.114,38,74.51
1932,Bangalore,Mysore,Bangalore -> Mysore,145,1,Volvo AC Semi-Sleeper,39,260.0,2025-10-28,Tuesday,2025-09-26,32,False,0.8,0.875,33,84.62
1933,Hyderabad,Bangalore,Hyderabad -> Bangalore,570,2,Volvo AC Semi-Sleeper,42,1120.0,2026-03-14,Saturday,2026-02-03,39,False,1.25,0.958,39,92.86
1934,Delhi,Chandigarh,Delhi -> Chandigarh,250,2,Non-AC Seater,55,260.0,2026-01-09,Friday,2025-11-30,40,False,1.15,0.99,42,76.36
1935,Bangalore,Chennai,Bangalore -> Chennai,350,1,AC Seater,40,610.0,2025-11-25,Tuesday,2025-10-14,42,False,0.8,1.025,28,70.0
1936,Chennai,Coimbatore,Chennai -> Coimbatore,500,2,Volvo AC Semi-Sleeper,42,1030.0,2026-01-23,Friday,2025-12-28,26,False,1.15,1.005,32,76.19
1937,Ahmedabad,Mumbai,Ahmedabad -> Mumbai,525,2,AC Seater,40,860.0,2026-01-30,Friday,2025-12-31,30,False,1.15,0.964,32,80.0
1938,Delhi,Dehradun,Delhi -> Dehradun,250,2,AC Seater,42,410.0,2026-02-10,Tuesday,2026-01-08,33,False,0.8,0.965,21,50.0
1939,Bangalore,Hyderabad,Bangalore -> Hyderabad,570,2,Non-AC Seater,53,600.0,2026-03-07,Saturday,2026-02-18,17,False,1.25,1.003,36,67.92
1940,Chennai,Coimbatore,Chennai -> Coimbatore,500,2,AC Sleeper,33,1230.0,2025-10-20,Monday,2025-09-09,41,True,0.85,1.07,24,72.73
1941,Bangalore,Coimbatore,Bangalore -> Coimbatore,365,2,AC Seater,44,650.0,2025-11-17,Monday,2025-10-13,35,False,0.85,1.048,22,50.0
1942,Hyderabad,Bangalore,Hyderabad -> Bangalore,570,2,Non-AC Seater,53,610.0,2026-01-17,Saturday,2025-12-10,38,False,1.25,1.019,43,81.13
1943,Kochi,Bangalore,Kochi -> Bangalore,550,3,Non-AC Seater,49,520.0,2026-02-02,Monday,2026-01-04,29,False,0.85,0.9,12,24.49
1944,Bangalore,Mysore,Bangalore -> Mysore,145,1,AC Seater,43,250.0,2026-05-09,Saturday,2026-04-13,26,False,1.25,1.014,41,95.35
1945,Mumbai,Pune,Mumbai -> Pune,150,1,Volvo AC Semi-Sleeper,39,310.0,2026-04-15,Wednesday,2026-03-30,16,True,0.82,1.008,26,66.67
1946,Kolkata,Digha,Kolkata -> Digha,185,3,AC Sleeper,30,460.0,2026-04-11,Saturday,2026-03-23,19,False,1.25,1.081,15,50.0
1947,Delhi,Jaipur,Delhi -> Jaipur,280,1,AC Seater,40,430.0,2025-11-21,Friday,2025-10-15,37,False,1.15,0.903,40,100.0
1948,Chennai,Madurai,Chennai -> Madurai,460,2,AC Seater,41,810.0,2026-02-12,Thursday,2026-01-23,20,False,0.95,1.036,23,56.1
1949,Mumbai,Shirdi,Mumbai -> Shirdi,250,2,Non-AC Seater,48,270.0,2026-06-19,Friday,2026-05-05,45,False,1.15,1.029,37,77.08
1950,Kolkata,Digha,Kolkata -> Digha,185,3,AC Seater,42,280.0,2026-04-13,Monday,2026-03-12,32,True,0.85,0.89,24,57.14
1951,Bangalore,Goa,Bangalore -> Goa,560,3,Non-AC Sleeper,35,870.0,2025-08-05,Tuesday,2025-06-29,37,False,0.8,1.071,15,42.86
1952,Delhi,Jaipur,Delhi -> Jaipur,280,1,Non-AC Seater,54,290.0,2026-02-11,Wednesday,2026-01-09,33,False,0.82,0.986,43,79.63
1953,Mumbai,Shirdi,Mumbai -> Shirdi,250,2,AC Seater,44,420.0,2026-06-21,Sunday,2026-05-09,43,False,1.1,0.988,40,90.91
1954,Pune,Nashik,Pune -> Nashik,210,3,AC Seater,40,370.0,2025-11-24,Monday,2025-10-10,45,False,0.85,1.036,16,40.0
1955,Surat,Mumbai,Surat -> Mumbai,285,2,Volvo AC Semi-Sleeper,41,650.0,2026-03-22,Sunday,2026-03-05,17,False,1.1,1.113,36,87.8
1956,Delhi,Dehradun,Delhi -> Dehradun,250,2,Non-AC Seater,51,270.0,2026-04-20,Monday,2026-04-04,16,False,0.85,1.029,23,45.1
1957,Delhi,Jaipur,Delhi -> Jaipur,280,1,AC Seater,40,440.0,2025-12-18,Thursday,2025-11-22,26,False,0.95,0.924,30,75.0
1958,Kolkata,Digha,Kolkata -> Digha,185,3,AC Seater,45,300.0,2026-02-09,Monday,2026-01-04,36,False,0.85,0.954,15,33.33
1959,Chennai,Coimbatore,Chennai -> Coimbatore,500,2,Non-AC Sleeper,32,700.0,2025-09-16,Tuesday,2025-08-08,39,False,0.8,0.966,17,53.12
1960,Pune,Kolhapur,Pune -> Kolhapur,230,2,Non-AC Seater,50,220.0,2025-10-13,Monday,2025-09-26,17,False,0.85,0.911,26,52.0
1961,Bangalore,Coimbatore,Bangalore -> Coimbatore,365,2,AC Seater,44,560.0,2026-05-29,Friday,2026-05-13,16,False,1.15,0.902,25,56.82
1962,Bangalore,Coimbatore,Bangalore -> Coimbatore,365,2,Non-AC Sleeper,33,510.0,2025-11-03,Monday,2025-10-04,30,True,0.85,0.964,25,75.76
1963,Delhi,Agra,Delhi -> Agra,230,2,Non-AC Seater,52,250.0,2026-03-04,Wednesday,2026-02-02,30,True,0.82,1.035,38,73.08
1964,Delhi,Agra,Delhi -> Agra,230,2,AC Seater,43,390.0,2025-09-11,Thursday,2025-08-17,25,False,0.95,0.997,21,48.84
1965,Mumbai,Shirdi,Mumbai -> Shirdi,250,2,AC Seater,42,380.0,2026-01-14,Wednesday,2025-12-03,42,True,0.82,0.894,28,66.67
1966,Bangalore,Coimbatore,Bangalore -> Coimbatore,365,2,AC Sleeper,32,750.0,2026-06-19,Friday,2026-06-03,16,False,1.15,0.893,19,59.38
1967,Ahmedabad,Surat,Ahmedabad -> Surat,265,1,AC Sleeper,31,660.0,2025-12-11,Thursday,2025-11-04,37,False,0.95,1.083,25,80.65
1968,Kolkata,Digha,Kolkata -> Digha,185,3,AC Sleeper,34,420.0,2026-03-23,Monday,2026-03-01,22,False,0.85,0.987,14,41.18
1969,Jaipur,Udaipur,Jaipur -> Udaipur,400,3,AC Sleeper,31,950.0,2026-02-26,Thursday,2026-01-28,29,False,0.95,1.033,16,51.61
1970,Bangalore,Coimbatore,Bangalore -> Coimbatore,365,2,Volvo AC Semi-Sleeper,38,700.0,2025-10-14,Tuesday,2025-09-26,18,False,0.8,0.936,14,36.84
1971,Mumbai,Goa,Mumbai -> Goa,590,2,Non-AC Seater,55,530.0,2026-06-05,Friday,2026-04-25,41,False,1.15,0.856,52,94.55
1972,Delhi,Jaipur,Delhi -> Jaipur,280,1,Non-AC Sleeper,36,390.0,2026-04-17,Friday,2026-03-18,30,False,1.15,0.961,36,100.0
1973,Delhi,Agra,Delhi -> Agra,230,2,AC Sleeper,33,530.0,2025-11-14,Friday,2025-10-11,34,False,1.15,1.002,28,84.85
1974,Ahmedabad,Mumbai,Ahmedabad -> Mumbai,525,2,AC Seater,44,960.0,2026-04-27,Monday,2026-03-13,45,False,0.85,1.076,32,72.73
1975,Delhi,Chandigarh,Delhi -> Chandigarh,250,2,AC Seater,42,440.0,2026-04-06,Monday,2026-03-05,32,False,0.85,1.035,24,57.14
1976,Delhi,Chandigarh,Delhi -> Chandigarh,250,2,Non-AC Sleeper,35,380.0,2026-04-28,Tuesday,2026-03-17,42,False,0.8,1.048,20,57.14
1977,Kolkata,Digha,Kolkata -> Digha,185,3,AC Seater,40,300.0,2026-03-06,Friday,2026-01-29,36,True,1.15,0.954,30,75.0
1978,Hyderabad,Bangalore,Hyderabad -> Bangalore,570,2,AC Sleeper,33,1410.0,2026-02-12,Thursday,2026-01-16,27,False,0.95,1.076,16,48.48
1979,Chennai,Coimbatore,Chennai -> Coimbatore,500,2,Non-AC Sleeper,33,680.0,2025-11-20,Thursday,2025-10-27,24,False,0.95,0.938,21,63.64
1980,Bangalore,Chennai,Bangalore -> Chennai,350,1,Non-AC Sleeper,36,490.0,2025-08-17,Sunday,2025-07-03,45,True,1.1,0.966,33,91.67
1981,Delhi,Agra,Delhi -> Agra,230,2,AC Seater,42,400.0,2026-03-29,Sunday,2026-03-07,22,False,1.1,1.023,33,78.57
1982,Delhi,Agra,Delhi -> Agra,230,2,AC Sleeper,32,560.0,2025-08-07,Thursday,2025-06-26,42,False,0.95,1.059,26,81.25
1983,Surat,Mumbai,Surat -> Mumbai,285,2,Non-AC Sleeper,34,390.0,2025-08-23,Saturday,2025-08-01,22,False,1.25,0.944,25,73.53
1984,Delhi,Agra,Delhi -> Agra,230,2,Volvo AC Semi-Sleeper,40,480.0,2025-11-05,Wednesday,2025-10-03,33,False,0.82,1.018,28,70.0
1985,Kochi,Bangalore,Kochi -> Bangalore,550,3,AC Seater,44,980.0,2026-04-15,Wednesday,2026-03-03,43,True,0.82,1.048,24,54.55
1986,Delhi,Agra,Delhi -> Agra,230,2,Volvo AC Semi-Sleeper,41,520.0,2026-06-24,Wednesday,2026-05-22,33,False,0.82,1.103,17,41.46
1987,Delhi,Agra,Delhi -> Agra,230,2,Volvo AC Semi-Sleeper,39,490.0,2025-09-09,Tuesday,2025-08-13,27,False,0.8,1.039,19,48.72
1988,Delhi,Agra,Delhi -> Agra,230,2,Non-AC Seater,52,230.0,2026-06-19,Friday,2026-05-19,31,False,1.15,0.952,34,65.38
1989,Mumbai,Shirdi,Mumbai -> Shirdi,250,2,AC Seater,41,410.0,2026-05-30,Saturday,2026-05-06,24,False,1.25,0.965,25,60.98
1990,Pune,Nashik,Pune -> Nashik,210,3,AC Sleeper,32,470.0,2026-03-11,Wednesday,2026-02-22,17,False,0.82,0.973,11,34.38
1991,Kolkata,Digha,Kolkata -> Digha,185,3,Non-AC Sleeper,31,250.0,2026-01-27,Tuesday,2025-12-28,30,True,0.8,0.932,15,48.39
1992,Hyderabad,Bangalore,Hyderabad -> Bangalore,570,2,Volvo AC Semi-Sleeper,40,1250.0,2026-05-24,Sunday,2026-04-29,25,False,1.1,1.07,25,62.5
1993,Delhi,Agra,Delhi -> Agra,230,2,AC Seater,45,400.0,2026-06-13,Saturday,2026-05-04,40,False,1.25,1.023,32,71.11
1994,Mumbai,Pune,Mumbai -> Pune,150,1,AC Sleeper,33,320.0,2026-04-10,Friday,2026-03-02,39,False,1.15,0.928,27,81.82
1995,Mumbai,Pune,Mumbai -> Pune,150,1,AC Sleeper,32,390.0,2026-06-19,Friday,2026-05-18,32,False,1.15,1.13,31,96.88
1996,Bangalore,Chennai,Bangalore -> Chennai,350,1,AC Seater,44,570.0,2026-06-24,Wednesday,2026-05-21,34,False,0.82,0.958,30,68.18
1997,Pune,Nashik,Pune -> Nashik,210,3,Non-AC Sleeper,35,270.0,2025-08-19,Tuesday,2025-07-18,32,False,0.8,0.887,15,42.86
1998,Mumbai,Nashik,Mumbai -> Nashik,170,2,Volvo AC Semi-Sleeper,38,330.0,2026-04-12,Sunday,2026-02-28,43,True,1.1,0.947,35,92.11
1999,Bangalore,Chennai,Bangalore -> Chennai,350,1,Non-AC Sleeper,35,540.0,2026-04-23,Thursday,2026-03-13,41,False,0.95,1.064,29,82.86
2000,Delhi,Dehradun,Delhi -> Dehradun,250,2,Non-AC Sleeper,32,390.0,2026-01-20,Tuesday,2025-12-14,37,False,0.8,1.076,15,46.88
2001,Bangalore,Goa,Bangalore -> Goa,560,3,AC Sleeper,28,1320.0,2026-05-28,Thursday,2026-05-08,20,False,0.95,1.025,11,39.29
2002,Hyderabad,Vijayawada,Hyderabad -> Vijayawada,275,2,Non-AC Seater,56,280.0,2026-05-06,Wednesday,2026-03-28,39,False,0.82,0.97,36,64.29
2003,Mumbai,Goa,Mumbai -> Goa,590,2,Non-AC Seater,50,620.0,2025-08-01,Friday,2025-07-01,31,False,1.15,1.001,29,58.0
2004,Mumbai,Nashik,Mumbai -> Nashik,170,2,Volvo AC Semi-Sleeper,42,310.0,2025-12-10,Wednesday,2025-11-04,36,False,0.82,0.89,19,45.24
2005,Delhi,Dehradun,Delhi -> Dehradun,250,2,AC Seater,44,410.0,2026-06-19,Friday,2026-05-20,30,False,1.15,0.965,37,84.09
2006,Mumbai,Pune,Mumbai -> Pune,150,1,Non-AC Sleeper,30,220.0,2026-01-18,Sunday,2025-12-04,45,False,1.1,1.011,30,100.0
2007,Chennai,Madurai,Chennai -> Madurai,460,2,Volvo AC Semi-Sleeper,42,940.0,2025-11-21,Friday,2025-10-19,33,False,1.15,0.997,27,64.29
2008,Mumbai,Goa,Mumbai -> Goa,590,2,AC Seater,43,1030.0,2025-08-27,Wednesday,2025-08-05,22,True,0.82,1.027,30,69.77
2009,Delhi,Chandigarh,Delhi -> Chandigarh,250,2,AC Sleeper,34,500.0,2026-05-27,Wednesday,2026-04-24,33,False,0.82,0.87,24,70.59
2010,Pune,Kolhapur,Pune -> Kolhapur,230,2,AC Seater,41,360.0,2026-01-25,Sunday,2026-01-06,19,True,1.1,0.921,34,82.93
2011,Chennai,Madurai,Chennai -> Madurai,460,2,AC Sleeper,29,1120.0,2025-09-04,Thursday,2025-08-13,22,False,0.95,1.059,19,65.52
2012,Surat,Mumbai,Surat -> Mumbai,285,2,AC Seater,45,500.0,2025-08-07,Thursday,2025-07-18,20,False,0.95,1.032,27,60.0
2013,Bangalore,Mysore,Bangalore -> Mysore,145,1,Non-AC Seater,52,170.0,2025-10-17,Friday,2025-09-02,45,False,1.15,1.117,46,88.46
2014,Kochi,Bangalore,Kochi -> Bangalore,550,3,Non-AC Seater,51,550.0,2025-12-17,Wednesday,2025-11-17,30,False,0.82,0.952,17,33.33
2015,Chennai,Madurai,Chennai -> Madurai,460,2,AC Seater,45,730.0,2026-06-23,Tuesday,2026-05-23,31,False,0.8,0.934,24,53.33
2016,Bangalore,Goa,Bangalore -> Goa,560,3,Volvo AC Semi-Sleeper,40,1040.0,2025-08-25,Monday,2025-07-30,26,True,0.85,0.906,24,60.0
2017,Bangalore,Hyderabad,Bangalore -> Hyderabad,570,2,Volvo AC Semi-Sleeper,42,1190.0,2025-09-16,Tuesday,2025-08-24,23,False,0.8,1.018,25,59.52
2018,Bangalore,Mysore,Bangalore -> Mysore,145,1,Non-AC Sleeper,31,190.0,2025-08-24,Sunday,2025-08-02,22,False,1.1,0.904,25,80.65
2019,Mumbai,Shirdi,Mumbai -> Shirdi,250,2,Non-AC Seater,51,290.0,2025-12-04,Thursday,2025-10-23,42,False,0.95,1.105,37,72.55
2020,Delhi,Agra,Delhi -> Agra,230,2,Non-AC Sleeper,36,330.0,2025-08-06,Wednesday,2025-07-01,36,False,0.82,0.99,15,41.67
2021,Mumbai,Goa,Mumbai -> Goa,590,2,AC Sleeper,33,1290.0,2025-10-12,Sunday,2025-09-16,26,False,1.1,0.951,19,57.58
2022,Hyderabad,Vijayawada,Hyderabad -> Vijayawada,275,2,AC Seater,44,460.0,2026-04-29,Wednesday,2026-04-08,21,False,0.82,0.984,23,52.27
2023,Chennai,Coimbatore,Chennai -> Coimbatore,500,2,Volvo AC Semi-Sleeper,39,1140.0,2025-09-08,Monday,2025-08-01,38,False,0.85,1.112,19,48.72
2024,Ahmedabad,Mumbai,Ahmedabad -> Mumbai,525,2,AC Seater,45,950.0,2026-05-21,Thursday,2026-05-01,20,False,0.95,1.064,24,53.33
2025,Kolkata,Digha,Kolkata -> Digha,185,3,AC Sleeper,33,450.0,2026-04-09,Thursday,2026-03-20,20,False,0.95,1.058,10,30.3
2026,Bangalore,Chennai,Bangalore -> Chennai,350,1,Non-AC Seater,49,350.0,2025-12-07,Sunday,2025-11-08,29,False,1.1,0.952,49,100.0
2027,Delhi,Agra,Delhi -> Agra,230,2,Non-AC Sleeper,33,350.0,2026-05-06,Wednesday,2026-03-24,43,False,0.82,1.049,16,48.48
2028,Delhi,Chandigarh,Delhi -> Chandigarh,250,2,Non-AC Seater,50,260.0,2025-11-03,Monday,2025-10-10,24,True,0.85,0.99,44,88.0
2029,Mumbai,Nashik,Mumbai -> Nashik,170,2,AC Seater,44,280.0,2025-08-04,Monday,2025-06-26,39,False,0.85,0.969,29,65.91
2030,Bangalore,Chennai,Bangalore -> Chennai,350,1,Volvo AC Semi-Sleeper,40,640.0,2026-04-23,Thursday,2026-04-01,22,False,0.95,0.892,24,60.0
2031,Bangalore,Coimbatore,Bangalore -> Coimbatore,365,2,Non-AC Seater,56,390.0,2026-03-02,Monday,2026-02-11,19,True,0.85,1.018,40,71.43
2032,Bangalore,Coimbatore,Bangalore -> Coimbatore,365,2,Non-AC Sleeper,31,580.0,2026-02-04,Wednesday,2026-01-03,32,False,0.82,1.096,14,45.16
2033,Delhi,Agra,Delhi -> Agra,230,2,AC Sleeper,28,570.0,2026-01-24,Saturday,2025-12-22,33,True,1.25,1.078,28,100.0
2034,Surat,Mumbai,Surat -> Mumbai,285,2,Non-AC Sleeper,32,430.0,2026-05-23,Saturday,2026-05-02,21,False,1.25,1.041,21,65.62
2035,Bangalore,Hyderabad,Bangalore -> Hyderabad,570,2,AC Sleeper,33,1140.0,2025-12-11,Thursday,2025-11-18,23,False,0.95,0.87,24,72.73
2036,Kolkata,Digha,Kolkata -> Digha,185,3,Non-AC Sleeper,36,260.0,2026-06-21,Sunday,2026-05-07,45,False,1.1,0.969,22,61.11
2037,Ahmedabad,Surat,Ahmedabad -> Surat,265,1,AC Seater,44,490.0,2025-12-31,Wednesday,2025-12-04,27,True,0.82,1.088,33,75.0
2038,Bangalore,Hyderabad,Bangalore -> Hyderabad,570,2,Volvo AC Semi-Sleeper,40,1220.0,2026-06-08,Monday,2026-05-21,18,False,0.85,1.044,21,52.5
2039,Kochi,Bangalore,Kochi -> Bangalore,550,3,Non-AC Sleeper,30,830.0,2025-11-12,Wednesday,2025-10-11,32,False,0.82,1.041,12,40.0
2040,Mumbai,Shirdi,Mumbai -> Shirdi,250,2,Non-AC Sleeper,31,380.0,2026-04-25,Saturday,2026-04-07,18,False,1.25,1.048,20,64.52
2041,Delhi,Jaipur,Delhi -> Jaipur,280,1,Non-AC Sleeper,32,430.0,2026-03-26,Thursday,2026-02-28,26,False,0.95,1.059,31,96.88
2042,Mumbai,Goa,Mumbai -> Goa,590,2,AC Sleeper,33,1440.0,2025-09-19,Friday,2025-08-26,24,False,1.15,1.061,23,69.7
2043,Bangalore,Coimbatore,Bangalore -> Coimbatore,365,2,AC Sleeper,30,860.0,2026-03-31,Tuesday,2026-03-11,20,False,0.8,1.024,15,50.0
2044,Hyderabad,Vijayawada,Hyderabad -> Vijayawada,275,2,Non-AC Seater,54,330.0,2026-05-07,Thursday,2026-04-05,32,False,0.95,1.143,33,61.11
2045,Surat,Mumbai,Surat -> Mumbai,285,2,Volvo AC Semi-Sleeper,38,630.0,2026-04-05,Sunday,2026-02-23,41,False,1.1,1.078,33,86.84
2046,Kolkata,Digha,Kolkata -> Digha,185,3,Non-AC Sleeper,31,250.0,2026-06-27,Saturday,2026-05-26,32,False,1.25,0.932,17,54.84
2047,Bangalore,Coimbatore,Bangalore -> Coimbatore,365,2,Non-AC Sleeper,31,560.0,2026-02-07,Saturday,2026-01-24,14,False,1.25,1.058,16,51.61
2048,Kolkata,Digha,Kolkata -> Digha,185,3,Non-AC Seater,51,210.0,2026-03-08,Sunday,2026-02-16,20,False,1.1,1.081,23,45.1
2049,Chennai,Madurai,Chennai -> Madurai,460,2,Non-AC Sleeper,33,670.0,2025-08-08,Friday,2025-07-17,22,False,1.15,1.004,20,60.61
2050,Hyderabad,Vijayawada,Hyderabad -> Vijayawada,275,2,Non-AC Seater,54,300.0,2026-05-06,Wednesday,2026-04-11,25,False,0.82,1.039,30,55.56
2051,Mumbai,Shirdi,Mumbai -> Shirdi,250,2,Non-AC Seater,51,300.0,2025-09-08,Monday,2025-07-25,45,False,0.85,1.143,25,49.02
2052,Kolkata,Digha,Kolkata -> Digha,185,3,Non-AC Sleeper,32,250.0,2026-05-07,Thursday,2026-04-10,27,False,0.95,0.932,11,34.38
2053,Bangalore,Goa,Bangalore -> Goa,560,3,AC Sleeper,30,1140.0,2025-11-27,Thursday,2025-11-12,15,False,0.95,0.885,13,43.33
2054,Bangalore,Mysore,Bangalore -> Mysore,145,1,Volvo AC Semi-Sleeper,39,280.0,2025-11-09,Sunday,2025-10-21,19,False,1.1,0.942,32,82.05
2055,Hyderabad,Bangalore,Hyderabad -> Bangalore,570,2,AC Sleeper,30,1230.0,2026-01-23,Friday,2025-12-18,36,False,1.15,0.938,26,86.67
2056,Hyderabad,Vijayawada,Hyderabad -> Vijayawada,275,2,Non-AC Seater,52,310.0,2025-11-11,Tuesday,2025-09-28,44,False,0.8,1.074,23,44.23
2057,Delhi,Jaipur,Delhi -> Jaipur,280,1,Non-AC Seater,51,310.0,2026-05-22,Friday,2026-04-13,39,False,1.15,1.054,38,74.51
2058,Delhi,Agra,Delhi -> Agra,230,2,Non-AC Seater,51,230.0,2026-05-20,Wednesday,2026-05-06,14,False,0.82,0.952,25,49.02
2059,Hyderabad,Vijayawada,Hyderabad -> Vijayawada,275,2,Volvo AC Semi-Sleeper,42,550.0,2026-02-18,Wednesday,2026-01-16,33,False,0.82,0.976,24,57.14
2060,Hyderabad,Vijayawada,Hyderabad -> Vijayawada,275,2,Non-AC Seater,48,260.0,2025-11-27,Thursday,2025-10-25,33,False,0.95,0.9,42,87.5
2061,Hyderabad,Bangalore,Hyderabad -> Bangalore,570,2,Non-AC Sleeper,36,850.0,2026-04-20,Monday,2026-03-06,45,False,0.85,1.028,20,55.56
2062,Delhi,Jaipur,Delhi -> Jaipur,280,1,Non-AC Sleeper,35,370.0,2026-05-31,Sunday,2026-04-25,36,False,1.1,0.911,34,97.14
2063,Surat,Mumbai,Surat -> Mumbai,285,2,AC Sleeper,34,600.0,2025-10-31,Friday,2025-10-09,22,True,1.15,0.915,33,97.06
2064,Pune,Kolhapur,Pune -> Kolhapur,230,2,Non-AC Sleeper,31,340.0,2026-04-22,Wednesday,2026-04-04,18,False,0.82,1.019,12,38.71
2065,Chennai,Madurai,Chennai -> Madurai,460,2,AC Sleeper,32,930.0,2025-09-04,Thursday,2025-08-14,21,False,0.95,0.879,22,68.75
2066,Bangalore,Hyderabad,Bangalore -> Hyderabad,570,2,Volvo AC Semi-Sleeper,38,1310.0,2026-06-16,Tuesday,2026-05-24,23,False,0.8,1.121,17,44.74
2067,Mumbai,Goa,Mumbai -> Goa,590,2,AC Seater,44,970.0,2025-10-05,Sunday,2025-08-28,38,False,1.1,0.967,30,68.18
2068,Delhi,Jaipur,Delhi -> Jaipur,280,1,Non-AC Sleeper,35,390.0,2026-01-24,Saturday,2025-12-21,34,True,1.25,0.961,34,97.14
2069,Ahmedabad,Mumbai,Ahmedabad -> Mumbai,525,2,Non-AC Sleeper,32,770.0,2026-05-09,Saturday,2026-04-22,17,False,1.25,1.011,22,68.75
2070,Bangalore,Hyderabad,Bangalore -> Hyderabad,570,2,Non-AC Sleeper,34,880.0,2025-08-10,Sunday,2025-07-13,28,False,1.1,1.065,24,70.59
2071,Delhi,Agra,Delhi -> Agra,230,2,Volvo AC Semi-Sleeper,38,440.0,2026-05-20,Wednesday,2026-04-09,41,False,0.82,0.933,21,55.26
2072,Jaipur,Udaipur,Jaipur -> Udaipur,400,3,Volvo AC Semi-Sleeper,41,830.0,2026-01-18,Sunday,2025-12-19,30,False,1.1,1.012,20,48.78
2073,Bangalore,Hyderabad,Bangalore -> Hyderabad,570,2,Volvo AC Semi-Sleeper,39,1180.0,2026-02-20,Friday,2026-01-18,33,False,1.15,1.01,25,64.1
2074,Mumbai,Nashik,Mumbai -> Nashik,170,2,AC Seater,42,320.0,2026-05-26,Tuesday,2026-04-20,36,False,0.8,1.107,21,50.0
2075,Bangalore,Coimbatore,Bangalore -> Coimbatore,365,2,Non-AC Seater,54,420.0,2026-05-22,Friday,2026-04-09,43,False,1.15,1.096,43,79.63
2076,Hyderabad,Vijayawada,Hyderabad -> Vijayawada,275,2,AC Seater,40,470.0,2025-09-21,Sunday,2025-09-06,15,False,1.1,1.005,20,50.0
2077,Kochi,Bangalore,Kochi -> Bangalore,550,3,AC Seater,41,1030.0,2026-02-26,Thursday,2026-01-22,35,False,0.95,1.102,17,41.46
2078,Bangalore,Coimbatore,Bangalore -> Coimbatore,365,2,AC Seater,45,680.0,2025-11-23,Sunday,2025-11-09,14,False,1.1,1.096,35,77.78
2079,Surat,Mumbai,Surat -> Mumbai,285,2,AC Seater,45,510.0,2026-03-25,Wednesday,2026-03-09,16,False,0.82,1.053,20,44.44
2080,Bangalore,Goa,Bangalore -> Goa,560,3,AC Seater,43,980.0,2026-01-06,Tuesday,2025-11-30,37,False,0.8,1.029,18,41.86
2081,Pune,Nashik,Pune -> Nashik,210,3,AC Sleeper,28,440.0,2025-08-29,Friday,2025-07-22,38,True,1.15,0.911,23,82.14
2082,Mumbai,Shirdi,Mumbai -> Shirdi,250,2,Non-AC Seater,56,290.0,2025-11-24,Monday,2025-10-16,39,False,0.85,1.105,35,62.5
2083,Kolkata,Digha,Kolkata -> Digha,185,3,Non-AC Seater,50,180.0,2026-02-08,Sunday,2026-01-20,19,False,1.1,0.927,35,70.0
2084,Bangalore,Goa,Bangalore -> Goa,560,3,AC Seater,41,1030.0,2026-04-23,Thursday,2026-04-05,18,False,0.95,1.082,15,36.59
2085,Hyderabad,Vijayawada,Hyderabad -> Vijayawada,275,2,AC Sleeper,32,660.0,2026-06-24,Wednesday,2026-06-09,15,False,0.82,1.043,15,46.88
2086,Mumbai,Nashik,Mumbai -> Nashik,170,2,AC Sleeper,34,410.0,2025-10-09,Thursday,2025-09-11,28,False,0.95,1.049,21,61.76
2087,Delhi,Dehradun,Delhi -> Dehradun,250,2,AC Sleeper,28,570.0,2026-05-20,Wednesday,2026-04-26,24,False,0.82,0.991,16,57.14
2088,Hyderabad,Vijayawada,Hyderabad -> Vijayawada,275,2,Volvo AC Semi-Sleeper,40,500.0,2026-04-28,Tuesday,2026-03-20,39,False,0.8,0.887,23,57.5
2089,Jaipur,Udaipur,Jaipur -> Udaipur,400,3,Non-AC Seater,49,410.0,2025-12-10,Wednesday,2025-11-09,31,False,0.82,0.976,20,40.82
2090,Bangalore,Hyderabad,Bangalore -> Hyderabad,570,2,Non-AC Seater,51,620.0,2025-11-16,Sunday,2025-10-24,23,False,1.1,1.036,29,56.86
2091,Hyderabad,Bangalore,Hyderabad -> Bangalore,570,2,Non-AC Seater,55,680.0,2026-05-17,Sunday,2026-05-03,14,False,1.1,1.136,41,74.55
2092,Chennai,Coimbatore,Chennai -> Coimbatore,500,2,AC Sleeper,30,1010.0,2026-03-31,Tuesday,2026-03-16,15,False,0.8,0.878,17,56.67
2093,Chennai,Madurai,Chennai -> Madurai,460,2,AC Seater,45,820.0,2026-06-06,Saturday,2026-05-06,31,False,1.25,1.049,38,84.44
2094,Bangalore,Coimbatore,Bangalore -> Coimbatore,365,2,Non-AC Seater,56,380.0,2025-09-17,Wednesday,2025-08-26,22,False,0.82,0.992,24,42.86
2095,Delhi,Jaipur,Delhi -> Jaipur,280,1,Non-AC Sleeper,34,440.0,2025-10-10,Friday,2025-09-13,27,False,1.15,1.084,21,61.76
2096,Bangalore,Goa,Bangalore -> Goa,560,3,AC Seater,43,930.0,2026-06-06,Saturday,2026-04-25,42,False,1.25,0.977,28,65.12
2097,Pune,Nashik,Pune -> Nashik,210,3,AC Sleeper,34,440.0,2026-01-10,Saturday,2025-12-06,35,False,1.25,0.911,28,82.35
2098,Surat,Mumbai,Surat -> Mumbai,285,2,Non-AC Seater,52,280.0,2026-02-27,Friday,2026-01-16,42,False,1.15,0.936,41,78.85
2099,Pune,Kolhapur,Pune -> Kolhapur,230,2,Non-AC Seater,51,240.0,2025-11-13,Thursday,2025-10-30,14,False,0.95,0.994,26,50.98
2100,Bangalore,Coimbatore,Bangalore -> Coimbatore,365,2,AC Sleeper,31,790.0,2025-11-15,Saturday,2025-10-28,18,False,1.25,0.941,26,83.87
2101,Mumbai,Goa,Mumbai -> Goa,590,2,Non-AC Seater,53,700.0,2025-09-22,Monday,2025-08-17,36,False,0.85,1.13,23,43.4
2102,Hyderabad,Bangalore,Hyderabad -> Bangalore,570,2,Non-AC Seater,52,580.0,2026-05-03,Sunday,2026-03-28,36,False,1.1,0.969,50,96.15
2103,Bangalore,Chennai,Bangalore -> Chennai,350,1,Non-AC Seater,48,380.0,2025-10-31,Friday,2025-09-29,32,True,1.15,1.034,47,97.92
2104,Chennai,Coimbatore,Chennai -> Coimbatore,500,2,AC Sleeper,33,1270.0,2025-11-28,Friday,2025-10-19,40,False,1.15,1.104,19,57.58
2105,Bangalore,Mysore,Bangalore -> Mysore,145,1,Non-AC Seater,49,140.0,2025-08-31,Sunday,2025-07-22,40,False,1.1,0.92,43,87.76
2106,Jaipur,Udaipur,Jaipur -> Udaipur,400,3,Non-AC Sleeper,36,630.0,2026-01-13,Tuesday,2025-12-21,23,True,0.8,1.086,17,47.22
2107,Mumbai,Nashik,Mumbai -> Nashik,170,2,Volvo AC Semi-Sleeper,42,380.0,2026-01-26,Monday,2026-01-03,23,True,0.85,1.09,31,73.81
2108,Hyderabad,Vijayawada,Hyderabad -> Vijayawada,275,2,AC Sleeper,29,560.0,2026-06-16,Tuesday,2026-05-03,44,False,0.8,0.885,16,55.17
2109,Bangalore,Mysore,Bangalore -> Mysore,145,1,Non-AC Sleeper,32,200.0,2025-11-25,Tuesday,2025-10-23,33,False,0.8,0.951,20,62.5
2110,Bangalore,Goa,Bangalore -> Goa,560,3,AC Sleeper,34,1140.0,2026-01-23,Friday,2026-01-06,17,False,1.15,0.885,21,61.76
2111,Pune,Kolhapur,Pune -> Kolhapur,230,2,AC Sleeper,30,480.0,2026-01-30,Friday,2026-01-01,29,False,1.15,0.907,23,76.67
2112,Mumbai,Pune,Mumbai -> Pune,150,1,Non-AC Sleeper,31,210.0,2025-10-06,Monday,2025-09-22,14,False,0.85,0.966,19,61.29
2113,Mumbai,Shirdi,Mumbai -> Shirdi,250,2,AC Seater,41,460.0,2026-04-03,Friday,2026-02-18,44,False,1.15,1.082,35,85.37
2114,Surat,Mumbai,Surat -> Mumbai,285,2,Non-AC Sleeper,32,400.0,2026-02-18,Wednesday,2026-01-04,45,False,0.82,0.968,21,65.62
2115,Pune,Nashik,Pune -> Nashik,210,3,AC Sleeper,34,450.0,2026-01-26,Monday,2026-01-07,19,True,0.85,0.932,18,52.94
2116,Bangalore,Coimbatore,Bangalore -> Coimbatore,365,2,AC Sleeper,31,850.0,2026-04-27,Monday,2026-04-13,14,False,0.85,1.013,12,38.71
2117,Mumbai,Pune,Mumbai -> Pune,150,1,Volvo AC Semi-Sleeper,41,310.0,2026-02-08,Sunday,2026-01-09,30,False,1.1,1.008,35,85.37
2118,Pune,Kolhapur,Pune -> Kolhapur,230,2,Volvo AC Semi-Sleeper,41,500.0,2026-03-31,Tuesday,2026-03-14,17,False,0.8,1.06,23,56.1
2119,Pune,Nashik,Pune -> Nashik,210,3,Non-AC Sleeper,34,330.0,2026-03-08,Sunday,2026-02-08,28,False,1.1,1.084,22,64.71
2120,Pune,Kolhapur,Pune -> Kolhapur,230,2,Non-AC Seater,55,240.0,2025-10-09,Thursday,2025-09-22,17,False,0.95,0.994,27,49.09
2121,Mumbai,Shirdi,Mumbai -> Shirdi,250,2,Non-AC Seater,52,250.0,2025-10-05,Sunday,2025-08-30,36,False,1.1,0.952,29,55.77
2122,Chennai,Madurai,Chennai -> Madurai,460,2,Non-AC Seater,54,440.0,2026-03-19,Thursday,2026-02-02,45,False,0.95,0.911,41,75.93
2123,Hyderabad,Vijayawada,Hyderabad -> Vijayawada,275,2,Non-AC Seater,50,320.0,2026-02-16,Monday,2026-01-04,43,False,0.85,1.108,28,56.0
2124,Ahmedabad,Mumbai,Ahmedabad -> Mumbai,525,2,Non-AC Sleeper,34,800.0,2026-03-01,Sunday,2026-02-11,18,False,1.1,1.051,19,55.88
2125,Ahmedabad,Surat,Ahmedabad -> Surat,265,1,Non-AC Seater,51,250.0,2025-12-23,Tuesday,2025-11-24,29,True,0.8,0.898,51,100.0
2126,Bangalore,Coimbatore,Bangalore -> Coimbatore,365,2,Non-AC Seater,50,430.0,2025-12-08,Monday,2025-10-27,42,False,0.85,1.122,30,60.0
2127,Delhi,Dehradun,Delhi -> Dehradun,250,2,Volvo AC Semi-Sleeper,42,470.0,2026-03-26,Thursday,2026-02-18,36,False,0.95,0.917,22,52.38
2128,Mumbai,Nashik,Mumbai -> Nashik,170,2,AC Sleeper,32,410.0,2025-12-01,Monday,2025-11-06,25,False,0.85,1.049,16,50.0
2129,Hyderabad,Bangalore,Hyderabad -> Bangalore,570,2,Non-AC Sleeper,32,780.0,2026-01-10,Saturday,2025-12-07,34,False,1.25,0.944,26,81.25
2130,Bangalore,Hyderabad,Bangalore -> Hyderabad,570,2,AC Seater,42,990.0,2026-04-02,Thursday,2026-02-17,44,False,0.95,1.022,32,76.19
2131,Bangalore,Hyderabad,Bangalore -> Hyderabad,570,2,Non-AC Sleeper,33,880.0,2026-04-01,Wednesday,2026-02-19,41,False,0.82,1.065,18,54.55
2132,Mumbai,Goa,Mumbai -> Goa,590,2,AC Seater,43,1000.0,2025-09-27,Saturday,2025-08-26,32,False,1.25,0.997,40,93.02
2133,Delhi,Dehradun,Delhi -> Dehradun,250,2,Non-AC Seater,53,300.0,2026-05-29,Friday,2026-05-04,25,False,1.15,1.143,34,64.15
2134,Mumbai,Pune,Mumbai -> Pune,150,1,AC Sleeper,29,320.0,2026-06-08,Monday,2026-04-30,39,False,0.85,0.928,22,75.86
2135,Bangalore,Chennai,Bangalore -> Chennai,350,1,Non-AC Sleeper,32,540.0,2025-09-29,Monday,2025-09-04,25,False,0.85,1.064,20,62.5
2136,Bangalore,Coimbatore,Bangalore -> Coimbatore,365,2,Volvo AC Semi-Sleeper,40,730.0,2025-12-27,Saturday,2025-11-27,30,True,1.25,0.976,40,100.0
2137,Mumbai,Nashik,Mumbai -> Nashik,170,2,Non-AC Sleeper,33,240.0,2025-10-31,Friday,2025-10-06,25,True,1.15,0.974,32,96.97
2138,Surat,Mumbai,Surat -> Mumbai,285,2,Non-AC Sleeper,33,450.0,2025-08-08,Friday,2025-07-08,31,False,1.15,1.089,24,72.73
2139,Pune,Nashik,Pune -> Nashik,210,3,AC Sleeper,30,520.0,2025-11-06,Thursday,2025-10-11,26,False,0.95,1.077,12,40.0
2140,Bangalore,Chennai,Bangalore -> Chennai,350,1,Volvo AC Semi-Sleeper,38,660.0,2025-09-12,Friday,2025-08-29,14,False,1.15,0.92,33,86.84
2141,Pune,Nashik,Pune -> Nashik,210,3,Volvo AC Semi-Sleeper,40,460.0,2026-06-29,Monday,2026-06-13,16,False,0.85,1.069,14,35.0
2142,Mumbai,Goa,Mumbai -> Goa,590,2,Non-AC Seater,56,660.0,2026-06-05,Friday,2026-05-12,24,False,1.15,1.065,36,64.29
2143,Delhi,Dehradun,Delhi -> Dehradun,250,2,Non-AC Sleeper,33,330.0,2026-03-09,Monday,2026-02-21,16,False,0.85,0.91,17,51.52
2144,Chennai,Madurai,Chennai -> Madurai,460,2,Non-AC Sleeper,35,620.0,2025-12-01,Monday,2025-11-03,28,False,0.85,0.93,17,48.57
2145,Kochi,Bangalore,Kochi -> Bangalore,550,3,Non-AC Sleeper,34,870.0,2026-04-02,Thursday,2026-02-26,35,False,0.95,1.091,15,44.12
2146,Ahmedabad,Surat,Ahmedabad -> Surat,265,1,AC Sleeper,32,620.0,2025-09-13,Saturday,2025-08-11,33,False,1.25,1.017,31,96.88
2147,Delhi,Agra,Delhi -> Agra,230,2,Non-AC Sleeper,32,350.0,2025-08-20,Wednesday,2025-07-22,29,False,0.82,1.049,18,56.25
2148,Delhi,Agra,Delhi -> Agra,230,2,AC Sleeper,31,580.0,2026-01-03,Saturday,2025-11-29,35,True,1.25,1.096,25,80.65
2149,Surat,Mumbai,Surat -> Mumbai,285,2,AC Seater,43,430.0,2025-08-07,Thursday,2025-07-07,31,False,0.95,0.888,16,37.21
2150,Bangalore,Coimbatore,Bangalore -> Coimbatore,365,2,Non-AC Seater,52,350.0,2025-11-06,Thursday,2025-10-17,20,False,0.95,0.913,30,57.69
2151,Mumbai,Shirdi,Mumbai -> Shirdi,250,2,AC Seater,43,450.0,2026-04-17,Friday,2026-03-12,36,False,1.15,1.059,35,81.4
2152,Bangalore,Goa,Bangalore -> Goa,560,3,Volvo AC Semi-Sleeper,38,1040.0,2026-04-12,Sunday,2026-03-27,16,True,1.1,0.906,34,89.47
2153,Pune,Kolhapur,Pune -> Kolhapur,230,2,AC Seater,44,380.0,2025-08-16,Saturday,2025-07-10,37,True,1.25,0.972,40,90.91
2154,Kochi,Bangalore,Kochi -> Bangalore,550,3,AC Sleeper,31,1370.0,2025-09-05,Friday,2025-08-18,18,False,1.15,1.083,16,51.61
2155,Pune,Kolhapur,Pune -> Kolhapur,230,2,AC Seater,42,380.0,2026-06-12,Friday,2026-05-23,20,False,1.15,0.972,34,80.95
2156,Delhi,Chandigarh,Delhi -> Chandigarh,250,2,AC Seater,45,430.0,2026-05-28,Thursday,2026-05-05,23,False,0.95,1.012,26,57.78
2157,Chennai,Coimbatore,Chennai -> Coimbatore,500,2,Non-AC Sleeper,31,670.0,2025-08-19,Tuesday,2025-07-15,35,False,0.8,0.924,20,64.52
2158,Mumbai,Pune,Mumbai -> Pune,150,1,AC Seater,45,270.0,2026-03-11,Wednesday,2026-02-16,23,False,0.82,1.059,30,66.67
2159,Delhi,Jaipur,Delhi -> Jaipur,280,1,AC Seater,43,520.0,2026-03-16,Monday,2026-03-02,14,False,0.85,1.092,27,62.79
2160,Bangalore,Hyderabad,Bangalore -> Hyderabad,570,2,Non-AC Sleeper,32,890.0,2025-10-25,Saturday,2025-09-13,42,False,1.25,1.077,28,87.5
2161,Surat,Mumbai,Surat -> Mumbai,285,2,Volvo AC Semi-Sleeper,38,530.0,2025-11-06,Thursday,2025-10-22,15,False,0.95,0.907,24,63.16
2162,Bangalore,Mysore,Bangalore -> Mysore,145,1,Non-AC Seater,50,170.0,2026-06-09,Tuesday,2026-05-25,15,False,0.8,1.117,31,62.0
2163,Delhi,Chandigarh,Delhi -> Chandigarh,250,2,AC Sleeper,28,650.0,2026-05-29,Friday,2026-05-12,17,False,1.15,1.13,18,64.29
2164,Delhi,Chandigarh,Delhi -> Chandigarh,250,2,Non-AC Seater,56,230.0,2025-10-11,Saturday,2025-09-16,25,False,1.25,0.876,37,66.07
2165,Mumbai,Pune,Mumbai -> Pune,150,1,Non-AC Seater,56,180.0,2026-06-23,Tuesday,2026-05-20,34,False,0.8,1.143,32,57.14
2166,Mumbai,Pune,Mumbai -> Pune,150,1,AC Sleeper,28,330.0,2025-09-17,Wednesday,2025-08-26,22,False,0.82,0.957,23,82.14
2167,Delhi,Agra,Delhi -> Agra,230,2,Volvo AC Semi-Sleeper,40,500.0,2025-09-23,Tuesday,2025-08-27,27,False,0.8,1.06,23,57.5
2168,Hyderabad,Vijayawada,Hyderabad -> Vijayawada,275,2,Volvo AC Semi-Sleeper,39,520.0,2026-02-16,Monday,2026-01-02,45,False,0.85,0.922,26,66.67
2169,Delhi,Dehradun,Delhi -> Dehradun,250,2,AC Sleeper,30,560.0,2025-12-25,Thursday,2025-11-22,33,True,0.95,0.974,22,73.33
2170,Surat,Mumbai,Surat -> Mumbai,285,2,Volvo AC Semi-Sleeper,42,630.0,2025-10-12,Sunday,2025-09-09,33,False,1.1,1.078,33,78.57
2171,Kolkata,Digha,Kolkata -> Digha,185,3,Volvo AC Semi-Sleeper,41,400.0,2025-11-08,Saturday,2025-10-09,30,False,1.25,1.055,30,73.17
2172,Bangalore,Mysore,Bangalore -> Mysore,145,1,Non-AC Sleeper,34,230.0,2025-09-03,Wednesday,2025-07-20,45,False,0.82,1.094,22,64.71
2173,Mumbai,Pune,Mumbai -> Pune,150,1,Non-AC Sleeper,32,240.0,2026-02-08,Sunday,2026-01-25,14,False,1.1,1.103,23,71.88
2174,Kochi,Bangalore,Kochi -> Bangalore,550,3,AC Sleeper,33,1120.0,2025-12-11,Thursday,2025-11-17,24,False,0.95,0.885,19,57.58
2175,Jaipur,Udaipur,Jaipur -> Udaipur,400,3,Volvo AC Semi-Sleeper,40,870.0,2026-04-13,Monday,2026-03-27,17,True,0.85,1.061,20,50.0
2176,Delhi,Chandigarh,Delhi -> Chandigarh,250,2,AC Seater,42,420.0,2026-05-19,Tuesday,2026-04-10,39,False,0.8,0.988,22,52.38
2177,Bangalore,Coimbatore,Bangalore -> Coimbatore,365,2,AC Seater,43,650.0,2026-03-17,Tuesday,2026-02-01,44,False,0.8,1.048,29,67.44
2178,Ahmedabad,Surat,Ahmedabad -> Surat,265,1,Non-AC Sleeper,32,400.0,2025-12-30,Tuesday,2025-12-13,17,True,0.8,1.041,25,78.12
2179,Delhi,Chandigarh,Delhi -> Chandigarh,250,2,Non-AC Seater,56,230.0,2025-12-17,Wednesday,2025-11-28,19,False,0.82,0.876,25,44.64
2180,Kolkata,Digha,Kolkata -> Digha,185,3,Non-AC Sleeper,36,240.0,2025-12-05,Friday,2025-10-26,40,False,1.15,0.895,22,61.11
2181,Chennai,Madurai,Chennai -> Madurai,460,2,Non-AC Sleeper,33,720.0,2026-03-22,Sunday,2026-02-16,34,False,1.1,1.079,25,75.76
2182,Hyderabad,Bangalore,Hyderabad -> Bangalore,570,2,AC Seater,40,860.0,2026-03-21,Saturday,2026-02-20,29,False,1.25,0.888,37,92.5
2183,Jaipur,Udaipur,Jaipur -> Udaipur,400,3,Volvo AC Semi-Sleeper,40,790.0,2026-02-07,Saturday,2026-01-22,16,False,1.25,0.963,27,67.5
2184,Mumbai,Pune,Mumbai -> Pune,150,1,AC Sleeper,34,330.0,2026-02-19,Thursday,2026-01-14,36,False,0.95,0.957,28,82.35
2185,Delhi,Dehradun,Delhi -> Dehradun,250,2,AC Sleeper,28,510.0,2025-10-24,Friday,2025-09-30,24,False,1.15,0.887,26,92.86
2186,Bangalore,Goa,Bangalore -> Goa,560,3,Volvo AC Semi-Sleeper,39,1200.0,2026-03-19,Thursday,2026-02-07,40,False,0.95,1.045,21,53.85
2187,Ahmedabad,Surat,Ahmedabad -> Surat,265,1,AC Seater,42,400.0,2026-01-23,Friday,2025-12-25,29,False,1.15,0.888,40,95.24
2188,Pune,Kolhapur,Pune -> Kolhapur,230,2,AC Seater,44,420.0,2026-06-27,Saturday,2026-05-20,38,False,1.25,1.074,29,65.91
2189,Pune,Nashik,Pune -> Nashik,210,3,Non-AC Seater,51,220.0,2026-01-31,Saturday,2026-01-12,19,False,1.25,0.998,27,52.94
2190,Kochi,Bangalore,Kochi -> Bangalore,550,3,Volvo AC Semi-Sleeper,41,1250.0,2026-01-06,Tuesday,2025-12-19,18,False,0.8,1.109,13,31.71
2191,Delhi,Jaipur,Delhi -> Jaipur,280,1,Non-AC Sleeper,35,390.0,2026-04-14,Tuesday,2026-03-18,27,True,0.8,0.961,27,77.14
2192,Delhi,Jaipur,Delhi -> Jaipur,280,1,AC Sleeper,31,730.0,2025-10-24,Friday,2025-10-05,19,False,1.15,1.134,22,70.97
2193,Jaipur,Udaipur,Jaipur -> Udaipur,400,3,Volvo AC Semi-Sleeper,41,810.0,2025-12-12,Friday,2025-11-27,15,False,1.15,0.988,20,48.78
2194,Hyderabad,Vijayawada,Hyderabad -> Vijayawada,275,2,AC Seater,41,520.0,2025-10-08,Wednesday,2025-08-26,43,False,0.82,1.112,20,48.78
2195,Chennai,Madurai,Chennai -> Madurai,460,2,Volvo AC Semi-Sleeper,39,980.0,2026-06-28,Sunday,2026-05-27,32,False,1.1,1.039,30,76.92
2196,Chennai,Coimbatore,Chennai -> Coimbatore,500,2,Non-AC Sleeper,35,650.0,2026-03-20,Friday,2026-02-08,40,False,1.15,0.897,33,94.29
2197,Delhi,Dehradun,Delhi -> Dehradun,250,2,Non-AC Sleeper,32,350.0,2026-03-13,Friday,2026-02-14,27,False,1.15,0.966,25,78.12
2198,Bangalore,Goa,Bangalore -> Goa,560,3,Non-AC Seater,48,580.0,2026-01-17,Saturday,2025-12-21,27,False,1.25,0.986,30,62.5
2199,Kolkata,Digha,Kolkata -> Digha,185,3,AC Seater,42,320.0,2025-10-22,Wednesday,2025-09-29,23,True,0.82,1.017,19,45.24
2200,Bangalore,Hyderabad,Bangalore -> Hyderabad,570,2,AC Sleeper,33,1180.0,2025-10-19,Sunday,2025-09-17,32,True,1.1,0.9,33,100.0
2201,Kolkata,Digha,Kolkata -> Digha,185,3,Non-AC Seater,48,200.0,2026-01-23,Friday,2025-12-11,43,False,1.15,1.03,26,54.17
2202,Delhi,Chandigarh,Delhi -> Chandigarh,250,2,Non-AC Seater,51,260.0,2025-10-04,Saturday,2025-09-15,19,True,1.25,0.99,49,96.08
2203,Delhi,Chandigarh,Delhi -> Chandigarh,250,2,Non-AC Sleeper,34,370.0,2025-12-03,Wednesday,2025-11-19,14,False,0.82,1.021,15,44.12
2204,Bangalore,Mysore,Bangalore -> Mysore,145,1,AC Seater,44,240.0,2025-10-27,Monday,2025-10-06,21,False,0.85,0.974,30,68.18
2205,Pune,Kolhapur,Pune -> Kolhapur,230,2,AC Seater,44,390.0,2025-08-16,Saturday,2025-07-26,21,True,1.25,0.997,36,81.82
2206,Ahmedabad,Mumbai,Ahmedabad -> Mumbai,525,2,AC Sleeper,33,1190.0,2025-12-20,Saturday,2025-11-30,20,False,1.25,0.986,20,60.61
2207,Hyderabad,Bangalore,Hyderabad -> Bangalore,570,2,Volvo AC Semi-Sleeper,39,1140.0,2025-08-19,Tuesday,2025-07-11,39,False,0.8,0.976,23,58.97
2208,Ahmedabad,Surat,Ahmedabad -> Surat,265,1,Volvo AC Semi-Sleeper,39,490.0,2025-12-03,Wednesday,2025-11-11,22,False,0.82,0.902,20,51.28
2209,Kolkata,Digha,Kolkata -> Digha,185,3,AC Sleeper,30,440.0,2025-09-20,Saturday,2025-08-10,41,False,1.25,1.034,18,60.0
2210,Bangalore,Mysore,Bangalore -> Mysore,145,1,Non-AC Seater,51,140.0,2025-08-24,Sunday,2025-07-15,40,False,1.1,0.92,48,94.12
2211,Hyderabad,Vijayawada,Hyderabad -> Vijayawada,275,2,AC Seater,43,460.0,2026-04-03,Friday,2026-03-12,22,False,1.15,0.984,23,53.49
2212,Mumbai,Goa,Mumbai -> Goa,590,2,Non-AC Seater,51,620.0,2026-04-18,Saturday,2026-03-21,28,False,1.25,1.001,38,74.51
2213,Hyderabad,Bangalore,Hyderabad -> Bangalore,570,2,Volvo AC Semi-Sleeper,41,1250.0,2026-05-31,Sunday,2026-04-25,36,False,1.1,1.07,34,82.93
2214,Hyderabad,Bangalore,Hyderabad -> Bangalore,570,2,Non-AC Seater,52,620.0,2025-08-02,Saturday,2025-07-10,23,False,1.25,1.036,43,82.69
2215,Hyderabad,Bangalore,Hyderabad -> Bangalore,570,2,Volvo AC Semi-Sleeper,40,1100.0,2026-05-13,Wednesday,2026-04-23,20,False,0.82,0.941,18,45.0
2216,Surat,Mumbai,Surat -> Mumbai,285,2,Non-AC Sleeper,35,410.0,2025-08-16,Saturday,2025-07-04,43,True,1.25,0.992,32,91.43
2217,Hyderabad,Bangalore,Hyderabad -> Bangalore,570,2,Non-AC Seater,52,570.0,2025-08-10,Sunday,2025-07-13,28,False,1.1,0.952,35,67.31
2218,Hyderabad,Bangalore,Hyderabad -> Bangalore,570,2,Volvo AC Semi-Sleeper,39,1290.0,2026-04-07,Tuesday,2026-03-16,22,False,0.8,1.104,20,51.28
2219,Delhi,Chandigarh,Delhi -> Chandigarh,250,2,AC Seater,42,380.0,2026-02-28,Saturday,2026-01-19,40,False,1.25,0.894,38,90.48
2220,Delhi,Dehradun,Delhi -> Dehradun,250,2,Non-AC Seater,51,300.0,2026-06-10,Wednesday,2026-05-05,36,False,0.82,1.143,28,54.9
2221,Chennai,Coimbatore,Chennai -> Coimbatore,500,2,Non-AC Seater,50,460.0,2025-08-31,Sunday,2025-07-27,35,False,1.1,0.876,37,74.0
2222,Kolkata,Digha,Kolkata -> Digha,185,3,AC Seater,44,310.0,2025-12-28,Sunday,2025-12-08,20,False,1.1,0.986,26,59.09
2223,Bangalore,Mysore,Bangalore -> Mysore,145,1,Volvo AC Semi-Sleeper,41,310.0,2025-10-07,Tuesday,2025-09-21,16,False,0.8,1.043,19,46.34
2224,Jaipur,Udaipur,Jaipur -> Udaipur,400,3,AC Seater,41,680.0,2026-06-02,Tuesday,2026-05-12,21,False,0.8,1.0,16,39.02
2225,Bangalore,Chennai,Bangalore -> Chennai,350,1,AC Seater,45,620.0,2026-06-18,Thursday,2026-05-06,43,False,0.95,1.042,44,97.78
2226,Ahmedabad,Surat,Ahmedabad -> Surat,265,1,AC Sleeper,31,570.0,2025-11-29,Saturday,2025-10-24,36,False,1.25,0.935,29,93.55
2227,Mumbai,Pune,Mumbai -> Pune,150,1,Non-AC Sleeper,35,210.0,2025-09-28,Sunday,2025-08-18,41,False,1.1,0.966,35,100.0
2228,Delhi,Jaipur,Delhi -> Jaipur,280,1,Non-AC Seater,54,270.0,2026-05-23,Saturday,2026-04-11,42,False,1.25,0.918,51,94.44
2229,Mumbai,Nashik,Mumbai -> Nashik,170,2,AC Seater,40,270.0,2025-10-30,Thursday,2025-09-26,34,True,0.95,0.934,38,95.0
2230,Ahmedabad,Mumbai,Ahmedabad -> Mumbai,525,2,Volvo AC Semi-Sleeper,39,1070.0,2025-09-05,Friday,2025-08-15,21,False,1.15,0.994,28,71.79
2231,Delhi,Dehradun,Delhi -> Dehradun,250,2,AC Sleeper,31,550.0,2026-04-18,Saturday,2026-03-26,23,False,1.25,0.957,26,83.87
2232,Kolkata,Digha,Kolkata -> Digha,185,3,Volvo AC Semi-Sleeper,38,350.0,2026-05-14,Thursday,2026-04-12,32,False,0.95,0.923,18,47.37
2233,Delhi,Agra,Delhi -> Agra,230,2,AC Sleeper,32,540.0,2025-10-23,Thursday,2025-09-22,31,True,0.95,1.021,30,93.75
2234,Bangalore,Hyderabad,Bangalore -> Hyderabad,570,2,Non-AC Seater,52,630.0,2025-11-30,Sunday,2025-10-16,45,False,1.1,1.053,41,78.85
2235,Delhi,Agra,Delhi -> Agra,230,2,Non-AC Sleeper,34,340.0,2026-03-04,Wednesday,2026-01-20,43,True,0.82,1.019,33,97.06
2236,Bangalore,Hyderabad,Bangalore -> Hyderabad,570,2,Non-AC Sleeper,31,910.0,2026-02-19,Thursday,2026-01-30,20,False,0.95,1.101,14,45.16
2237,Kolkata,Digha,Kolkata -> Digha,185,3,AC Sleeper,31,460.0,2025-09-18,Thursday,2025-08-17,32,False,0.95,1.081,10,32.26
2238,Pune,Nashik,Pune -> Nashik,210,3,Non-AC Seater,56,230.0,2025-11-29,Saturday,2025-11-13,16,False,1.25,1.043,35,62.5
2239,Bangalore,Mysore,Bangalore -> Mysore,145,1,AC Sleeper,30,320.0,2026-02-18,Wednesday,2026-01-27,22,False,0.82,0.96,20,66.67
2240,Bangalore,Chennai,Bangalore -> Chennai,350,1,AC Seater,44,630.0,2025-11-12,Wednesday,2025-10-19,24,False,0.82,1.059,25,56.82
2241,Kolkata,Digha,Kolkata -> Digha,185,3,Volvo AC Semi-Sleeper,40,340.0,2025-10-29,Wednesday,2025-10-01,28,False,0.82,0.897,18,45.0
2242,Hyderabad,Bangalore,Hyderabad -> Bangalore,570,2,AC Sleeper,28,1230.0,2025-09-09,Tuesday,2025-08-10,30,False,0.8,0.938,15,53.57
2243,Surat,Mumbai,Surat -> Mumbai,285,2,AC Seater,42,510.0,2025-10-11,Saturday,2025-09-19,22,False,1.25,1.053,28,66.67
2244,Hyderabad,Vijayawada,Hyderabad -> Vijayawada,275,2,AC Sleeper,33,650.0,2026-05-31,Sunday,2026-05-02,29,False,1.1,1.028,22,66.67
2245,Mumbai,Nashik,Mumbai -> Nashik,170,2,AC Seater,44,270.0,2026-04-21,Tuesday,2026-03-29,23,False,0.8,0.934,27,61.36
2246,Bangalore,Chennai,Bangalore -> Chennai,350,1,AC Sleeper,33,860.0,2026-04-08,Wednesday,2026-03-06,33,False,0.82,1.068,22,66.67
2247,Ahmedabad,Surat,Ahmedabad -> Surat,265,1,Non-AC Seater,54,280.0,2025-09-12,Friday,2025-08-27,16,False,1.15,1.006,43,79.63
2248,Delhi,Dehradun,Delhi -> Dehradun,250,2,AC Sleeper,31,500.0,2026-05-30,Saturday,2026-05-11,19,False,1.25,0.87,26,83.87
2249,Ahmedabad,Surat,Ahmedabad -> Surat,265,1,Non-AC Sleeper,34,350.0,2026-03-20,Friday,2026-02-03,45,False,1.15,0.911,34,100.0
2250,Mumbai,Nashik,Mumbai -> Nashik,170,2,Volvo AC Semi-Sleeper,39,310.0,2026-01-01,Thursday,2025-12-01,31,True,0.95,0.89,29,74.36
2251,Kolkata,Digha,Kolkata -> Digha,185,3,Non-AC Seater,48,210.0,2026-03-04,Wednesday,2026-02-17,15,True,0.82,1.081,16,33.33
2252,Kochi,Bangalore,Kochi -> Bangalore,550,3,Non-AC Sleeper,36,760.0,2025-12-30,Tuesday,2025-12-16,14,True,0.8,0.953,16,44.44
2253,Mumbai,Goa,Mumbai -> Goa,590,2,AC Seater,44,900.0,2026-03-24,Tuesday,2026-02-18,34,False,0.8,0.897,21,47.73
2254,Bangalore,Coimbatore,Bangalore -> Coimbatore,365,2,AC Sleeper,30,780.0,2025-10-28,Tuesday,2025-09-22,36,False,0.8,0.929,16,53.33
2255,Chennai,Coimbatore,Chennai -> Coimbatore,500,2,AC Sleeper,28,1270.0,2026-01-26,Monday,2025-12-30,27,True,0.85,1.104,21,75.0
2256,Mumbai,Goa,Mumbai -> Goa,590,2,AC Sleeper,29,1320.0,2026-04-19,Sunday,2026-03-16,34,False,1.1,0.973,28,96.55
2257,Chennai,Coimbatore,Chennai -> Coimbatore,500,2,Non-AC Sleeper,31,790.0,2025-08-25,Monday,2025-07-15,41,True,0.85,1.09,23,74.19
2258,Bangalore,Hyderabad,Bangalore -> Hyderabad,570,2,AC Seater,42,1000.0,2026-04-23,Thursday,2026-03-10,44,False,0.95,1.032,29,69.05
2259,Bangalore,Goa,Bangalore -> Goa,560,3,AC Sleeper,31,1180.0,2026-06-14,Sunday,2026-05-19,26,False,1.1,0.916,16,51.61
2260,Delhi,Jaipur,Delhi -> Jaipur,280,1,Volvo AC Semi-Sleeper,42,580.0,2025-09-22,Monday,2025-08-28,25,False,0.85,1.01,26,61.9
2261,Kolkata,Digha,Kolkata -> Digha,185,3,Volvo AC Semi-Sleeper,38,370.0,2025-09-16,Tuesday,2025-08-20,27,False,0.8,0.976,13,34.21
2262,Ahmedabad,Surat,Ahmedabad -> Surat,265,1,Volvo AC Semi-Sleeper,42,610.0,2026-03-28,Saturday,2026-02-14,42,False,1.25,1.123,37,88.1
2263,Hyderabad,Vijayawada,Hyderabad -> Vijayawada,275,2,Non-AC Seater,55,280.0,2026-06-06,Saturday,2026-05-05,32,False,1.25,0.97,42,76.36
2264,Delhi,Chandigarh,Delhi -> Chandigarh,250,2,AC Sleeper,30,620.0,2026-06-10,Wednesday,2026-05-09,32,False,0.82,1.078,15,50.0
2265,Mumbai,Nashik,Mumbai -> Nashik,170,2,Volvo AC Semi-Sleeper,38,320.0,2025-10-04,Saturday,2025-08-28,37,True,1.25,0.918,38,100.0
2266,Chennai,Coimbatore,Chennai -> Coimbatore,500,2,AC Seater,40,890.0,2026-04-22,Wednesday,2026-03-30,23,False,0.82,1.047,19,47.5
2267,Mumbai,Nashik,Mumbai -> Nashik,170,2,Non-AC Sleeper,35,230.0,2025-08-24,Sunday,2025-08-02,22,False,1.1,0.933,29,82.86
2268,Delhi,Jaipur,Delhi -> Jaipur,280,1,Non-AC Seater,50,270.0,2026-04-15,Wednesday,2026-03-25,21,True,0.82,0.918,47,94.0
2269,Mumbai,Nashik,Mumbai -> Nashik,170,2,AC Seater,40,270.0,2026-02-24,Tuesday,2026-01-18,37,False,0.8,0.934,25,62.5
2270,Bangalore,Goa,Bangalore -> Goa,560,3,Non-AC Seater,54,590.0,2026-01-16,Friday,2025-12-14,33,True,1.15,1.003,40,74.07
2271,Mumbai,Shirdi,Mumbai -> Shirdi,250,2,AC Seater,44,420.0,2026-06-07,Sunday,2026-04-26,42,False,1.1,0.988,30,68.18
2272,Bangalore,Hyderabad,Bangalore -> Hyderabad,570,2,Non-AC Sleeper,36,850.0,2026-03-20,Friday,2026-02-15,33,False,1.15,1.028,30,83.33
2273,Bangalore,Hyderabad,Bangalore -> Hyderabad,570,2,Volvo AC Semi-Sleeper,38,1260.0,2025-08-20,Wednesday,2025-07-11,40,False,0.82,1.078,23,60.53
2274,Delhi,Chandigarh,Delhi -> Chandigarh,250,2,AC Seater,42,400.0,2025-12-18,Thursday,2025-12-01,17,False,0.95,0.941,21,50.0
2275,Bangalore,Hyderabad,Bangalore -> Hyderabad,570,2,Volvo AC Semi-Sleeper,41,1100.0,2025-09-17,Wednesday,2025-08-25,23,False,0.82,0.941,26,63.41
2276,Delhi,Agra,Delhi -> Agra,230,2,Volvo AC Semi-Sleeper,41,430.0,2025-09-17,Wednesday,2025-08-08,40,False,0.82,0.912,28,68.29
2277,Delhi,Chandigarh,Delhi -> Chandigarh,250,2,Non-AC Sleeper,34,330.0,2026-05-10,Sunday,2026-04-14,26,False,1.1,0.91,24,70.59
2278,Mumbai,Nashik,Mumbai -> Nashik,170,2,AC Seater,43,270.0,2026-01-11,Sunday,2025-12-12,30,False,1.1,0.934,23,53.49
2279,Delhi,Agra,Delhi -> Agra,230,2,Non-AC Seater,50,270.0,2026-04-17,Friday,2026-03-08,40,False,1.15,1.118,33,66.0
2280,Ahmedabad,Mumbai,Ahmedabad -> Mumbai,525,2,Non-AC Sleeper,36,820.0,2025-12-09,Tuesday,2025-11-11,28,False,0.8,1.077,16,44.44
2281,Delhi,Agra,Delhi -> Agra,230,2,AC Seater,40,430.0,2026-05-26,Tuesday,2026-04-30,26,False,0.8,1.1,22,55.0
2282,Kochi,Bangalore,Kochi -> Bangalore,550,3,AC Sleeper,33,1170.0,2026-04-29,Wednesday,2026-03-16,44,False,0.82,0.925,14,42.42
2283,Delhi,Chandigarh,Delhi -> Chandigarh,250,2,Volvo AC Semi-Sleeper,42,560.0,2026-03-10,Tuesday,2026-02-19,19,False,0.8,1.093,16,38.1
2284,Hyderabad,Bangalore,Hyderabad -> Bangalore,570,2,Volvo AC Semi-Sleeper,42,1050.0,2025-11-20,Thursday,2025-10-10,41,False,0.95,0.899,27,64.29
2285,Hyderabad,Vijayawada,Hyderabad -> Vijayawada,275,2,Non-AC Seater,49,260.0,2025-11-21,Friday,2025-10-23,29,False,1.15,0.9,43,87.76
2286,Chennai,Coimbatore,Chennai -> Coimbatore,500,2,Non-AC Seater,50,590.0,2026-06-28,Sunday,2026-05-28,31,False,1.1,1.124,28,56.0
2287,Mumbai,Pune,Mumbai -> Pune,150,1,Volvo AC Semi-Sleeper,42,270.0,2025-11-01,Saturday,2025-09-23,39,True,1.25,0.878,37,88.1
2288,Jaipur,Udaipur,Jaipur -> Udaipur,400,3,Non-AC Seater,54,430.0,2025-10-12,Sunday,2025-09-02,40,False,1.1,1.024,31,57.41
2289,Bangalore,Mysore,Bangalore -> Mysore,145,1,Volvo AC Semi-Sleeper,38,330.0,2026-02-12,Thursday,2026-01-12,31,False,0.95,1.11,38,100.0
2290,Delhi,Agra,Delhi -> Agra,230,2,Non-AC Seater,54,230.0,2025-10-14,Tuesday,2025-09-30,14,False,0.8,0.952,23,42.59
2291,Hyderabad,Bangalore,Hyderabad -> Bangalore,570,2,AC Seater,43,1020.0,2026-04-12,Sunday,2026-03-20,23,True,1.1,1.053,36,83.72
2292,Bangalore,Coimbatore,Bangalore -> Coimbatore,365,2,Non-AC Sleeper,34,500.0,2026-02-10,Tuesday,2026-01-19,22,False,0.8,0.945,17,50.0
2293,Bangalore,Chennai,Bangalore -> Chennai,350,1,Volvo AC Semi-Sleeper,38,670.0,2025-12-16,Tuesday,2025-11-07,39,False,0.8,0.934,27,71.05
2294,Chennai,Madurai,Chennai -> Madurai,460,2,AC Sleeper,30,1120.0,2025-11-19,Wednesday,2025-10-06,44,False,0.82,1.059,19,63.33
2295,Ahmedabad,Surat,Ahmedabad -> Surat,265,1,Non-AC Sleeper,30,370.0,2026-02-13,Friday,2026-01-26,18,False,1.15,0.963,27,90.0
2296,Hyderabad,Bangalore,Hyderabad -> Bangalore,570,2,Volvo AC Semi-Sleeper,39,1030.0,2026-03-23,Monday,2026-02-10,41,False,0.85,0.881,22,56.41
2297,Jaipur,Udaipur,Jaipur -> Udaipur,400,3,Non-AC Sleeper,30,530.0,2026-01-11,Sunday,2025-12-22,20,False,1.1,0.914,20,66.67
2298,Ahmedabad,Mumbai,Ahmedabad -> Mumbai,525,2,Non-AC Sleeper,31,750.0,2026-02-15,Sunday,2026-01-06,40,False,1.1,0.985,26,83.87
2299,Surat,Mumbai,Surat -> Mumbai,285,2,Non-AC Sleeper,32,390.0,2026-06-07,Sunday,2026-05-03,35,False,1.1,0.944,27,84.38
2300,Delhi,Agra,Delhi -> Agra,230,2,AC Seater,45,400.0,2026-01-12,Monday,2025-12-07,36,True,0.85,1.023,29,64.44
2301,Surat,Mumbai,Surat -> Mumbai,285,2,AC Seater,42,530.0,2026-04-08,Wednesday,2026-03-01,38,False,0.82,1.094,19,45.24
2302,Delhi,Agra,Delhi -> Agra,230,2,AC Sleeper,34,540.0,2025-08-12,Tuesday,2025-07-11,32,False,0.8,1.021,22,64.71
2303,Bangalore,Goa,Bangalore -> Goa,560,3,AC Seater,45,1040.0,2026-03-25,Wednesday,2026-03-08,17,False,0.82,1.092,14,31.11
2304,Delhi,Chandigarh,Delhi -> Chandigarh,250,2,Non-AC Seater,50,270.0,2026-02-26,Thursday,2026-01-19,38,False,0.95,1.029,32,64.0
2305,Chennai,Coimbatore,Chennai -> Coimbatore,500,2,Volvo AC Semi-Sleeper,39,930.0,2025-09-22,Monday,2025-08-25,28,False,0.85,0.907,23,58.97
2306,Bangalore,Mysore,Bangalore -> Mysore,145,1,Volvo AC Semi-Sleeper,38,330.0,2025-08-10,Sunday,2025-07-14,27,False,1.1,1.11,25,65.79
2307,Pune,Nashik,Pune -> Nashik,210,3,Non-AC Sleeper,36,300.0,2025-10-15,Wednesday,2025-09-06,39,False,0.82,0.985,15,41.67
2308,Kochi,Bangalore,Kochi -> Bangalore,550,3,Non-AC Seater,52,500.0,2026-04-26,Sunday,2026-04-05,21,False,1.1,0.866,24,46.15
2309,Chennai,Madurai,Chennai -> Madurai,460,2,Volvo AC Semi-Sleeper,41,880.0,2026-06-26,Friday,2026-05-21,36,False,1.15,0.933,35,85.37
2310,Delhi,Jaipur,Delhi -> Jaipur,280,1,AC Seater,40,480.0,2026-04-15,Wednesday,2026-03-28,18,True,0.82,1.008,30,75.0
2311,Hyderabad,Vijayawada,Hyderabad -> Vijayawada,275,2,Volvo AC Semi-Sleeper,42,520.0,2026-06-09,Tuesday,2026-05-08,32,False,0.8,0.922,19,45.24
2312,Chennai,Coimbatore,Chennai -> Coimbatore,500,2,AC Seater,40,820.0,2026-04-04,Saturday,2026-03-19,16,False,1.25,0.965,32,80.0
2313,Mumbai,Goa,Mumbai -> Goa,590,2,AC Seater,45,900.0,2026-06-26,Friday,2026-06-12,14,False,1.15,0.897,31,68.89
2314,Ahmedabad,Surat,Ahmedabad -> Surat,265,1,Non-AC Sleeper,30,390.0,2025-11-25,Tuesday,2025-10-28,28,False,0.8,1.015,18,60.0
2315,Pune,Kolhapur,Pune -> Kolhapur,230,2,Volvo AC Semi-Sleeper,41,430.0,2025-10-06,Monday,2025-09-08,28,False,0.85,0.912,21,51.22
2316,Delhi,Dehradun,Delhi -> Dehradun,250,2,Non-AC Seater,54,280.0,2026-01-14,Wednesday,2025-12-31,14,True,0.82,1.067,24,44.44
2317,Jaipur,Udaipur,Jaipur -> Udaipur,400,3,AC Seater,45,700.0,2026-05-07,Thursday,2026-04-12,25,False,0.95,1.029,18,40.0
2318,Delhi,Jaipur,Delhi -> Jaipur,280,1,Non-AC Sleeper,32,390.0,2026-05-30,Saturday,2026-04-16,44,False,1.25,0.961,31,96.88
2319,Pune,Nashik,Pune -> Nashik,210,3,AC Sleeper,34,540.0,2025-09-12,Friday,2025-08-22,21,False,1.15,1.118,12,35.29
2320,Hyderabad,Bangalore,Hyderabad -> Bangalore,570,2,AC Sleeper,30,1280.0,2025-11-20,Thursday,2025-10-14,37,False,0.95,0.976,18,60.0
2321,Bangalore,Goa,Bangalore -> Goa,560,3,AC Seater,45,1000.0,2026-02-09,Monday,2025-12-29,42,False,0.85,1.05,15,33.33
2322,Pune,Nashik,Pune -> Nashik,210,3,Volvo AC Semi-Sleeper,42,420.0,2025-12-16,Tuesday,2025-11-19,27,False,0.8,0.976,13,30.95
2323,Jaipur,Udaipur,Jaipur -> Udaipur,400,3,AC Sleeper,29,910.0,2026-02-19,Thursday,2026-01-07,43,False,0.95,0.989,11,37.93
2324,Delhi,Chandigarh,Delhi -> Chandigarh,250,2,Volvo AC Semi-Sleeper,42,550.0,2025-10-02,Thursday,2025-08-23,40,True,0.95,1.073,32,76.19
2325,Ahmedabad,Mumbai,Ahmedabad -> Mumbai,525,2,AC Seater,40,900.0,2025-12-18,Thursday,2025-12-02,16,False,0.95,1.008,29,72.5
2326,Mumbai,Nashik,Mumbai -> Nashik,170,2,Non-AC Sleeper,35,240.0,2025-09-24,Wednesday,2025-09-01,23,False,0.82,0.974,16,45.71
2327,Bangalore,Hyderabad,Bangalore -> Hyderabad,570,2,AC Seater,42,930.0,2025-11-03,Monday,2025-09-26,38,True,0.85,0.96,40,95.24
2328,Delhi,Jaipur,Delhi -> Jaipur,280,1,AC Sleeper,32,600.0,2026-06-24,Wednesday,2026-06-04,20,False,0.82,0.932,16,50.0
2329,Mumbai,Shirdi,Mumbai -> Shirdi,250,2,Volvo AC Semi-Sleeper,42,510.0,2025-08-31,Sunday,2025-08-10,21,False,1.1,0.995,36,85.71
2330,Hyderabad,Vijayawada,Hyderabad -> Vijayawada,275,2,AC Sleeper,32,700.0,2025-10-15,Wednesday,2025-09-12,33,False,0.82,1.107,15,46.88
2331,Bangalore,Hyderabad,Bangalore -> Hyderabad,570,2,Volvo AC Semi-Sleeper,39,1090.0,2026-05-18,Monday,2026-04-10,38,False,0.85,0.933,25,64.1
2332,Bangalore,Chennai,Bangalore -> Chennai,350,1,AC Seater,42,580.0,2026-02-06,Friday,2026-01-06,31,False,1.15,0.975,36,85.71
2333,Pune,Nashik,Pune -> Nashik,210,3,AC Seater,41,350.0,2025-10-14,Tuesday,2025-09-18,26,False,0.8,0.98,15,36.59
2334,Delhi,Chandigarh,Delhi -> Chandigarh,250,2,AC Sleeper,32,650.0,2026-05-27,Wednesday,2026-05-07,20,False,0.82,1.13,14,43.75
2335,Pune,Nashik,Pune -> Nashik,210,3,AC Seater,45,370.0,2026-06-18,Thursday,2026-05-28,21,False,0.95,1.036,21,46.67
2336,Hyderabad,Bangalore,Hyderabad -> Bangalore,570,2,Non-AC Seater,52,530.0,2026-06-19,Friday,2026-05-08,42,False,1.15,0.886,47,90.38
2337,Delhi,Agra,Delhi -> Agra,230,2,AC Sleeper,29,530.0,2026-02-07,Saturday,2026-01-15,23,False,1.25,1.002,19,65.52
2338,Bangalore,Goa,Bangalore -> Goa,560,3,Volvo AC Semi-Sleeper,39,1220.0,2026-05-24,Sunday,2026-04-24,30,False,1.1,1.063,21,53.85
2339,Pune,Kolhapur,Pune -> Kolhapur,230,2,Non-AC Seater,52,270.0,2025-12-11,Thursday,2025-10-27,45,False,0.95,1.118,31,59.62
2340,Bangalore,Goa,Bangalore -> Goa,560,3,AC Sleeper,30,1330.0,2025-12-17,Wednesday,2025-11-08,39,False,0.82,1.033,13,43.33
2341,Pune,Nashik,Pune -> Nashik,210,3,AC Sleeper,34,430.0,2026-05-11,Monday,2026-04-07,34,False,0.85,0.89,15,44.12
2342,Kolkata,Digha,Kolkata -> Digha,185,3,Volvo AC Semi-Sleeper,42,380.0,2026-03-30,Monday,2026-02-25,33,False,0.85,1.002,15,35.71
2343,Jaipur,Udaipur,Jaipur -> Udaipur,400,3,AC Seater,42,630.0,2025-12-28,Sunday,2025-12-04,24,False,1.1,0.926,22,52.38
2344,Mumbai,Pune,Mumbai -> Pune,150,1,Non-AC Seater,56,150.0,2026-03-22,Sunday,2026-02-18,32,False,1.1,0.952,46,82.14
2345,Surat,Mumbai,Surat -> Mumbai,285,2,AC Seater,45,470.0,2025-12-02,Tuesday,2025-10-28,35,False,0.8,0.97,33,73.33
2346,Bangalore,Coimbatore,Bangalore -> Coimbatore,365,2,Volvo AC Semi-Sleeper,41,830.0,2026-03-25,Wednesday,2026-02-26,27,False,0.82,1.109,18,43.9
2347,Mumbai,Shirdi,Mumbai -> Shirdi,250,2,Volvo AC Semi-Sleeper,41,530.0,2026-03-11,Wednesday,2026-02-18,21,False,0.82,1.034,20,48.78
2348,Pune,Kolhapur,Pune -> Kolhapur,230,2,Non-AC Seater,48,270.0,2025-09-24,Wednesday,2025-08-23,32,False,0.82,1.118,25,52.08
2349,Mumbai,Shirdi,Mumbai -> Shirdi,250,2,Non-AC Sleeper,35,350.0,2026-04-28,Tuesday,2026-03-15,44,False,0.8,0.966,18,51.43
2350,Jaipur,Udaipur,Jaipur -> Udaipur,400,3,AC Seater,41,750.0,2025-10-07,Tuesday,2025-09-15,22,False,0.8,1.103,16,39.02
2351,Bangalore,Mysore,Bangalore -> Mysore,145,1,Non-AC Seater,55,140.0,2026-03-21,Saturday,2026-03-07,14,False,1.25,0.92,46,83.64
2352,Kolkata,Digha,Kolkata -> Digha,185,3,Non-AC Sleeper,34,250.0,2026-01-28,Wednesday,2026-01-08,20,True,0.82,0.932,14,41.18
2353,Delhi,Jaipur,Delhi -> Jaipur,280,1,Volvo AC Semi-Sleeper,39,630.0,2026-02-19,Thursday,2026-02-05,14,False,0.95,1.098,20,51.28
2354,Mumbai,Goa,Mumbai -> Goa,590,2,Volvo AC Semi-Sleeper,42,1220.0,2026-02-07,Saturday,2026-01-03,35,False,1.25,1.009,41,97.62
2355,Delhi,Dehradun,Delhi -> Dehradun,250,2,AC Seater,45,470.0,2025-08-20,Wednesday,2025-08-01,19,False,0.82,1.106,21,46.67
2356,Kochi,Bangalore,Kochi -> Bangalore,550,3,AC Seater,42,1030.0,2025-11-28,Friday,2025-11-09,19,False,1.15,1.102,18,42.86
2357,Chennai,Madurai,Chennai -> Madurai,460,2,Non-AC Seater,55,470.0,2025-08-25,Monday,2025-08-10,15,True,0.85,0.973,37,67.27
2358,Mumbai,Nashik,Mumbai -> Nashik,170,2,Non-AC Sleeper,32,230.0,2026-04-26,Sunday,2026-03-20,37,False,1.1,0.933,23,71.88
2359,Delhi,Jaipur,Delhi -> Jaipur,280,1,Volvo AC Semi-Sleeper,38,530.0,2026-03-18,Wednesday,2026-02-15,31,False,0.82,0.923,25,65.79
2360,Jaipur,Udaipur,Jaipur -> Udaipur,400,3,AC Sleeper,29,980.0,2025-08-04,Monday,2025-07-03,32,False,0.85,1.065,11,37.93
2361,Chennai,Madurai,Chennai -> Madurai,460,2,AC Seater,40,840.0,2025-08-28,Thursday,2025-08-01,27,True,0.95,1.074,25,62.5
2362,Kolkata,Digha,Kolkata -> Digha,185,3,Volvo AC Semi-Sleeper,41,420.0,2026-02-20,Friday,2026-01-08,43,False,1.15,1.107,19,46.34
2363,Kochi,Bangalore,Kochi -> Bangalore,550,3,Non-AC Seater,53,550.0,2026-04-01,Wednesday,2026-02-19,41,False,0.82,0.952,23,43.4
2364,Chennai,Madurai,Chennai -> Madurai,460,2,AC Seater,40,870.0,2026-03-27,Friday,2026-02-18,37,False,1.15,1.113,26,65.0
2365,Surat,Mumbai,Surat -> Mumbai,285,2,AC Seater,43,480.0,2025-12-02,Tuesday,2025-10-22,41,False,0.8,0.991,24,55.81
2366,Delhi,Dehradun,Delhi -> Dehradun,250,2,AC Sleeper,34,550.0,2026-01-21,Wednesday,2025-12-23,29,False,0.82,0.957,21,61.76
2367,Mumbai,Nashik,Mumbai -> Nashik,170,2,Non-AC Sleeper,33,250.0,2025-12-09,Tuesday,2025-11-07,32,False,0.8,1.014,25,75.76
2368,Mumbai,Goa,Mumbai -> Goa,590,2,AC Sleeper,29,1320.0,2025-12-08,Monday,2025-10-26,43,False,0.85,0.973,20,68.97
2369,Mumbai,Nashik,Mumbai -> Nashik,170,2,AC Seater,44,310.0,2025-10-23,Thursday,2025-09-09,44,True,0.95,1.073,43,97.73
2370,Kolkata,Digha,Kolkata -> Digha,185,3,Non-AC Seater,52,170.0,2025-12-29,Monday,2025-11-23,36,False,0.85,0.875,26,50.0
2371,Jaipur,Udaipur,Jaipur -> Udaipur,400,3,Non-AC Sleeper,36,550.0,2026-03-13,Friday,2026-01-28,44,False,1.15,0.948,16,44.44
2372,Mumbai,Pune,Mumbai -> Pune,150,1,Non-AC Seater,51,170.0,2025-09-19,Friday,2025-08-24,26,False,1.15,1.079,45,88.24
2373,Kolkata,Digha,Kolkata -> Digha,185,3,AC Seater,43,330.0,2026-01-02,Friday,2025-11-23,40,True,1.15,1.049,35,81.4
2374,Mumbai,Goa,Mumbai -> Goa,590,2,Non-AC Sleeper,34,890.0,2026-02-28,Saturday,2026-02-03,25,False,1.25,1.04,25,73.53
2375,Mumbai,Goa,Mumbai -> Goa,590,2,Volvo AC Semi-Sleeper,42,1160.0,2026-05-25,Monday,2026-05-01,24,False,0.85,0.959,21,50.0
2376,Mumbai,Pune,Mumbai -> Pune,150,1,Non-AC Seater,50,140.0,2026-01-17,Saturday,2025-12-17,31,False,1.25,0.889,44,88.0
2377,Bangalore,Coimbatore,Bangalore -> Coimbatore,365,2,Volvo AC Semi-Sleeper,38,710.0,2026-05-17,Sunday,2026-04-09,38,False,1.1,0.949,27,71.05
2378,Bangalore,Mysore,Bangalore -> Mysore,145,1,Volvo AC Semi-Sleeper,38,300.0,2026-06-07,Sunday,2026-05-22,16,False,1.1,1.009,35,92.11
2379,Jaipur,Udaipur,Jaipur -> Udaipur,400,3,Volvo AC Semi-Sleeper,40,760.0,2026-05-16,Saturday,2026-04-05,41,False,1.25,0.927,25,62.5
2380,Delhi,Agra,Delhi -> Agra,230,2,Non-AC Seater,53,260.0,2026-04-14,Tuesday,2026-03-16,29,True,0.8,1.077,40,75.47
2381,Bangalore,Hyderabad,Bangalore -> Hyderabad,570,2,Non-AC Seater,48,530.0,2026-03-02,Monday,2026-01-25,36,True,0.85,0.886,42,87.5
2382,Hyderabad,Bangalore,Hyderabad -> Bangalore,570,2,Non-AC Seater,49,630.0,2025-11-08,Saturday,2025-09-29,40,False,1.25,1.053,40,81.63
2383,Bangalore,Goa,Bangalore -> Goa,560,3,Non-AC Seater,48,630.0,2025-12-12,Friday,2025-11-13,29,False,1.15,1.071,19,39.58
2384,Pune,Nashik,Pune -> Nashik,210,3,AC Seater,43,370.0,2026-06-04,Thursday,2026-05-10,25,False,0.95,1.036,16,37.21
2385,Hyderabad,Vijayawada,Hyderabad -> Vijayawada,275,2,Volvo AC Semi-Sleeper,39,580.0,2026-01-18,Sunday,2025-12-12,37,False,1.1,1.029,29,74.36
2386,Mumbai,Shirdi,Mumbai -> Shirdi,250,2,Non-AC Seater,48,230.0,2026-03-24,Tuesday,2026-02-10,42,False,0.8,0.876,26,54.17
2387,Bangalore,Mysore,Bangalore -> Mysore,145,1,Volvo AC Semi-Sleeper,41,280.0,2026-04-26,Sunday,2026-03-27,30,False,1.1,0.942,41,100.0
2388,Hyderabad,Vijayawada,Hyderabad -> Vijayawada,275,2,AC Sleeper,33,660.0,2026-05-05,Tuesday,2026-04-18,17,False,0.8,1.043,17,51.52
2389,Bangalore,Mysore,Bangalore -> Mysore,145,1,Volvo AC Semi-Sleeper,38,270.0,2025-09-23,Tuesday,2025-08-18,36,False,0.8,0.908,25,65.79
2390,Surat,Mumbai,Surat -> Mumbai,285,2,Non-AC Sleeper,33,400.0,2025-12-05,Friday,2025-11-04,31,False,1.15,0.968,25,75.76
2391,Surat,Mumbai,Surat -> Mumbai,285,2,Volvo AC Semi-Sleeper,42,620.0,2025-09-09,Tuesday,2025-08-09,31,False,0.8,1.061,22,52.38
2392,Bangalore,Coimbatore,Bangalore -> Coimbatore,365,2,AC Seater,40,610.0,2025-12-17,Wednesday,2025-11-16,31,False,0.82,0.983,23,57.5
2393,Bangalore,Chennai,Bangalore -> Chennai,350,1,AC Seater,45,610.0,2025-12-13,Saturday,2025-11-12,31,False,1.25,1.025,44,97.78
2394,Hyderabad,Bangalore,Hyderabad -> Bangalore,570,2,AC Seater,44,1050.0,2025-12-20,Saturday,2025-11-23,27,False,1.25,1.084,27,61.36
2395,Bangalore,Goa,Bangalore -> Goa,560,3,Non-AC Sleeper,34,820.0,2026-01-13,Tuesday,2025-12-22,22,True,0.8,1.01,16,47.06
2396,Mumbai,Goa,Mumbai -> Goa,590,2,Volvo AC Semi-Sleeper,39,1110.0,2025-11-21,Friday,2025-10-26,26,False,1.15,0.918,29,74.36
2397,Mumbai,Shirdi,Mumbai -> Shirdi,250,2,Volvo AC Semi-Sleeper,39,500.0,2026-02-11,Wednesday,2026-01-10,32,False,0.82,0.976,20,51.28
2398,Hyderabad,Bangalore,Hyderabad -> Bangalore,570,2,Non-AC Seater,54,590.0,2025-11-30,Sunday,2025-11-02,28,False,1.1,0.986,45,83.33
2399,Mumbai,Nashik,Mumbai -> Nashik,170,2,AC Sleeper,30,400.0,2025-08-21,Thursday,2025-07-17,35,False,0.95,1.023,22,73.33
2400,Hyderabad,Vijayawada,Hyderabad -> Vijayawada,275,2,AC Sleeper,33,710.0,2026-05-22,Friday,2026-04-13,39,False,1.15,1.123,23,69.7
2401,Bangalore,Mysore,Bangalore -> Mysore,145,1,Non-AC Sleeper,34,210.0,2025-09-26,Friday,2025-08-27,30,False,1.15,0.999,34,100.0
2402,Ahmedabad,Mumbai,Ahmedabad -> Mumbai,525,2,AC Sleeper,34,1310.0,2025-11-08,Saturday,2025-10-19,20,False,1.25,1.085,23,67.65
2403,Bangalore,Hyderabad,Bangalore -> Hyderabad,570,2,AC Sleeper,34,1370.0,2026-05-21,Thursday,2026-04-07,44,False,0.95,1.045,21,61.76
2404,Delhi,Agra,Delhi -> Agra,230,2,Non-AC Seater,52,250.0,2026-02-28,Saturday,2026-02-05,23,False,1.25,1.035,36,69.23
2405,Bangalore,Hyderabad,Bangalore -> Hyderabad,570,2,Non-AC Seater,50,670.0,2026-05-03,Sunday,2026-03-21,43,False,1.1,1.119,35,70.0
2406,Ahmedabad,Surat,Ahmedabad -> Surat,265,1,Non-AC Seater,51,250.0,2025-10-16,Thursday,2025-09-24,22,False,0.95,0.898,36,70.59
2407,Mumbai,Pune,Mumbai -> Pune,150,1,Volvo AC Semi-Sleeper,40,340.0,2026-03-07,Saturday,2026-02-17,18,False,1.25,1.106,31,77.5
2408,Bangalore,Coimbatore,Bangalore -> Coimbatore,365,2,AC Seater,43,660.0,2026-02-03,Tuesday,2026-01-13,21,False,0.8,1.064,17,39.53
2409,Hyderabad,Bangalore,Hyderabad -> Bangalore,570,2,Volvo AC Semi-Sleeper,40,1030.0,2026-02-14,Saturday,2026-01-25,20,False,1.25,0.881,36,90.0
2410,Mumbai,Pune,Mumbai -> Pune,150,1,Non-AC Sleeper,36,220.0,2026-05-12,Tuesday,2026-04-04,38,False,0.8,1.011,20,55.56
2411,Delhi,Chandigarh,Delhi -> Chandigarh,250,2,AC Sleeper,29,620.0,2025-12-19,Friday,2025-11-22,27,False,1.15,1.078,20,68.97
2412,Kolkata,Digha,Kolkata -> Digha,185,3,Non-AC Seater,49,210.0,2026-03-15,Sunday,2026-02-20,23,False,1.1,1.081,29,59.18
2413,Mumbai,Pune,Mumbai -> Pune,150,1,AC Seater,42,280.0,2025-12-16,Tuesday,2025-11-08,38,False,0.8,1.098,29,69.05
2414,Mumbai,Pune,Mumbai -> Pune,150,1,Non-AC Seater,51,170.0,2025-11-07,Friday,2025-10-21,17,False,1.15,1.079,42,82.35
2415,Bangalore,Coimbatore,Bangalore -> Coimbatore,365,2,AC Sleeper,34,750.0,2026-06-10,Wednesday,2026-04-27,44,False,0.82,0.893,19,55.88
2416,Mumbai,Shirdi,Mumbai -> Shirdi,250,2,AC Seater,45,390.0,2026-01-15,Thursday,2025-12-30,16,True,0.95,0.918,33,73.33
2417,Bangalore,Hyderabad,Bangalore -> Hyderabad,570,2,Volvo AC Semi-Sleeper,39,1210.0,2026-05-25,Monday,2026-04-19,36,False,0.85,1.036,24,61.54
2418,Hyderabad,Vijayawada,Hyderabad -> Vijayawada,275,2,Non-AC Seater,56,300.0,2026-02-01,Sunday,2025-12-28,35,False,1.1,1.039,30,53.57
2419,Bangalore,Coimbatore,Bangalore -> Coimbatore,365,2,Volvo AC Semi-Sleeper,39,750.0,2026-03-06,Friday,2026-02-20,14,True,1.15,1.002,26,66.67
2420,Bangalore,Goa,Bangalore -> Goa,560,3,Non-AC Seater,52,590.0,2026-04-10,Friday,2026-03-16,25,False,1.15,1.003,36,69.23
2421,Bangalore,Hyderabad,Bangalore -> Hyderabad,570,2,Non-AC Sleeper,31,810.0,2026-04-25,Saturday,2026-03-17,39,False,1.25,0.98,27,87.1
2422,Mumbai,Pune,Mumbai -> Pune,150,1,Non-AC Seater,50,150.0,2026-01-18,Sunday,2025-12-10,39,False,1.1,0.952,50,100.0
2423,Chennai,Coimbatore,Chennai -> Coimbatore,500,2,Non-AC Sleeper,30,770.0,2025-11-02,Sunday,2025-10-16,17,True,1.1,1.062,25,83.33
2424,Mumbai,Pune,Mumbai -> Pune,150,1,Volvo AC Semi-Sleeper,38,330.0,2026-04-20,Monday,2026-03-20,31,False,0.85,1.073,29,76.32
2425,Bangalore,Goa,Bangalore -> Goa,560,3,AC Sleeper,32,1440.0,2026-05-07,Thursday,2026-03-30,38,False,0.95,1.118,12,37.5
2426,Mumbai,Nashik,Mumbai -> Nashik,170,2,AC Seater,44,300.0,2025-11-22,Saturday,2025-11-02,20,False,1.25,1.038,32,72.73
2427,Hyderabad,Vijayawada,Hyderabad -> Vijayawada,275,2,Volvo AC Semi-Sleeper,42,620.0,2025-12-13,Saturday,2025-11-01,42,False,1.25,1.1,28,66.67
2428,Delhi,Jaipur,Delhi -> Jaipur,280,1,AC Sleeper,31,590.0,2025-09-17,Wednesday,2025-08-05,43,False,0.82,0.916,20,64.52
2429,Mumbai,Nashik,Mumbai -> Nashik,170,2,Non-AC Sleeper,32,220.0,2025-08-03,Sunday,2025-06-23,41,False,1.1,0.892,26,81.25
2430,Jaipur,Udaipur,Jaipur -> Udaipur,400,3,AC Sleeper,29,940.0,2025-12-12,Friday,2025-11-07,35,False,1.15,1.022,17,58.62
2431,Bangalore,Coimbatore,Bangalore -> Coimbatore,365,2,AC Seater,41,580.0,2026-02-06,Friday,2026-01-16,21,False,1.15,0.935,34,82.93
2432,Kolkata,Digha,Kolkata -> Digha,185,3,Non-AC Sleeper,36,260.0,2025-11-03,Monday,2025-10-04,30,True,0.85,0.969,17,47.22
2433,Jaipur,Udaipur,Jaipur -> Udaipur,400,3,Non-AC Sleeper,32,570.0,2026-06-16,Tuesday,2026-06-02,14,False,0.8,0.983,14,43.75
2434,Hyderabad,Bangalore,Hyderabad -> Bangalore,570,2,AC Sleeper,34,1200.0,2026-06-29,Monday,2026-05-29,31,False,0.85,0.915,24,70.59
2435,Mumbai,Pune,Mumbai -> Pune,150,1,Non-AC Seater,52,150.0,2026-02-22,Sunday,2026-01-16,37,False,1.1,0.952,40,76.92
2436,Kochi,Bangalore,Kochi -> Bangalore,550,3,Non-AC Sleeper,32,740.0,2025-08-18,Monday,2025-07-09,40,False,0.85,0.928,16,50.0
2437,Mumbai,Pune,Mumbai -> Pune,150,1,Volvo AC Semi-Sleeper,39,330.0,2026-03-20,Friday,2026-02-11,37,False,1.15,1.073,37,94.87
2438,Bangalore,Chennai,Bangalore -> Chennai,350,1,Non-AC Sleeper,34,460.0,2026-05-31,Sunday,2026-05-11,20,False,1.1,0.906,26,76.47
2439,Kochi,Bangalore,Kochi -> Bangalore,550,3,Volvo AC Semi-Sleeper,38,1050.0,2026-04-04,Saturday,2026-02-23,40,False,1.25,0.931,29,76.32
2440,Mumbai,Goa,Mumbai -> Goa,590,2,AC Seater,45,910.0,2025-09-17,Wednesday,2025-08-26,22,False,0.82,0.907,27,60.0
2441,Mumbai,Nashik,Mumbai -> Nashik,170,2,Non-AC Seater,53,170.0,2025-08-03,Sunday,2025-06-19,45,False,1.1,0.952,46,86.79
2442,Kochi,Bangalore,Kochi -> Bangalore,550,3,Volvo AC Semi-Sleeper,39,1130.0,2026-05-14,Thursday,2026-04-07,37,False,0.95,1.002,18,46.15
2443,Surat,Mumbai,Surat -> Mumbai,285,2,Non-AC Sleeper,36,430.0,2026-04-05,Sunday,2026-03-12,24,False,1.1,1.041,27,75.0
2444,Delhi,Jaipur,Delhi -> Jaipur,280,1,AC Seater,43,510.0,2026-02-07,Saturday,2026-01-02,36,False,1.25,1.071,43,100.0
2445,Pune,Kolhapur,Pune -> Kolhapur,230,2,AC Sleeper,33,550.0,2025-09-18,Thursday,2025-08-08,41,False,0.95,1.04,16,48.48
2446,Delhi,Dehradun,Delhi -> Dehradun,250,2,Non-AC Sleeper,32,390.0,2026-05-26,Tuesday,2026-05-03,23,False,0.8,1.076,16,50.0
2447,Bangalore,Mysore,Bangalore -> Mysore,145,1,AC Seater,45,230.0,2026-05-16,Saturday,2026-04-15,31,False,1.25,0.933,45,100.0
2448,Bangalore,Mysore,Bangalore -> Mysore,145,1,Non-AC Sleeper,32,230.0,2026-06-02,Tuesday,2026-05-05,28,False,0.8,1.094,27,84.38
2449,Ahmedabad,Mumbai,Ahmedabad -> Mumbai,525,2,AC Sleeper,29,1250.0,2026-04-22,Wednesday,2026-03-16,37,False,0.82,1.035,16,55.17
2450,Kolkata,Digha,Kolkata -> Digha,185,3,Volvo AC Semi-Sleeper,42,370.0,2025-12-25,Thursday,2025-11-11,44,True,0.95,0.976,28,66.67
2451,Pune,Kolhapur,Pune -> Kolhapur,230,2,Non-AC Sleeper,34,320.0,2025-08-08,Friday,2025-07-17,22,False,1.15,0.96,23,67.65
2452,Delhi,Jaipur,Delhi -> Jaipur,280,1,Non-AC Seater,49,300.0,2025-09-06,Saturday,2025-08-12,25,False,1.25,1.02,39,79.59
2453,Bangalore,Hyderabad,Bangalore -> Hyderabad,570,2,Non-AC Sleeper,32,890.0,2025-08-01,Friday,2025-06-30,32,False,1.15,1.077,21,65.62
2454,Bangalore,Goa,Bangalore -> Goa,560,3,Non-AC Sleeper,30,800.0,2026-02-14,Saturday,2026-01-16,29,False,1.25,0.985,23,76.67
2455,Kochi,Bangalore,Kochi -> Bangalore,550,3,AC Sleeper,28,1110.0,2026-01-22,Thursday,2025-12-27,26,False,0.95,0.877,15,53.57
2456,Ahmedabad,Surat,Ahmedabad -> Surat,265,1,AC Seater,42,410.0,2025-11-14,Friday,2025-10-07,38,False,1.15,0.91,42,100.0
2457,Kochi,Bangalore,Kochi -> Bangalore,550,3,AC Sleeper,33,1240.0,2026-03-05,Thursday,2026-02-18,15,True,0.95,0.98,22,66.67
2458,Bangalore,Mysore,Bangalore -> Mysore,145,1,Volvo AC Semi-Sleeper,40,260.0,2025-10-07,Tuesday,2025-09-14,23,False,0.8,0.875,25,62.5
2459,Bangalore,Coimbatore,Bangalore -> Coimbatore,365,2,Volvo AC Semi-Sleeper,40,730.0,2026-03-09,Monday,2026-01-24,44,False,0.85,0.976,19,47.5
2460,Pune,Kolhapur,Pune -> Kolhapur,230,2,Non-AC Seater,54,220.0,2026-05-17,Sunday,2026-04-28,19,False,1.1,0.911,43,79.63
2461,Bangalore,Chennai,Bangalore -> Chennai,350,1,Non-AC Seater,49,380.0,2026-03-31,Tuesday,2026-02-18,41,False,0.8,1.034,36,73.47
2462,Mumbai,Nashik,Mumbai -> Nashik,170,2,AC Sleeper,28,400.0,2026-04-11,Saturday,2026-03-10,32,False,1.25,1.023,27,96.43
2463,Bangalore,Goa,Bangalore -> Goa,560,3,AC Sleeper,33,1360.0,2025-09-29,Monday,2025-09-13,16,False,0.85,1.056,14,42.42
2464,Kolkata,Digha,Kolkata -> Digha,185,3,Non-AC Seater,53,180.0,2026-03-03,Tuesday,2026-01-27,35,True,0.8,0.927,30,56.6
2465,Delhi,Agra,Delhi -> Agra,230,2,AC Seater,44,370.0,2025-08-17,Sunday,2025-07-15,33,True,1.1,0.946,44,100.0
2466,Surat,Mumbai,Surat -> Mumbai,285,2,AC Seater,42,530.0,2025-10-18,Saturday,2025-09-18,30,True,1.25,1.094,40,95.24
2467,Bangalore,Coimbatore,Bangalore -> Coimbatore,365,2,Non-AC Sleeper,32,540.0,2025-08-02,Saturday,2025-07-05,28,False,1.25,1.02,24,75.0
2468,Mumbai,Goa,Mumbai -> Goa,590,2,Non-AC Seater,52,580.0,2026-04-05,Sunday,2026-03-10,26,False,1.1,0.936,35,67.31
2469,Mumbai,Pune,Mumbai -> Pune,150,1,Non-AC Sleeper,31,210.0,2025-08-05,Tuesday,2025-07-06,30,False,0.8,0.966,17,54.84
2470,Kochi,Bangalore,Kochi -> Bangalore,550,3,AC Seater,40,900.0,2025-10-08,Wednesday,2025-09-14,24,False,0.82,0.963,16,40.0
2471,Kochi,Bangalore,Kochi -> Bangalore,550,3,AC Seater,43,880.0,2026-03-17,Tuesday,2026-02-18,27,False,0.8,0.941,17,39.53
2472,Chennai,Coimbatore,Chennai -> Coimbatore,500,2,Non-AC Seater,53,500.0,2026-02-17,Tuesday,2026-01-04,44,False,0.8,0.952,27,50.94
2473,Ahmedabad,Surat,Ahmedabad -> Surat,265,1,Volvo AC Semi-Sleeper,40,520.0,2025-09-09,Tuesday,2025-08-17,23,False,0.8,0.957,17,42.5
2474,Pune,Kolhapur,Pune -> Kolhapur,230,2,Non-AC Seater,49,240.0,2025-08-13,Wednesday,2025-07-12,32,True,0.82,0.994,39,79.59
2475,Ahmedabad,Surat,Ahmedabad -> Surat,265,1,Non-AC Sleeper,32,370.0,2025-10-30,Thursday,2025-09-17,43,True,0.95,0.963,31,96.88
2476,Kochi,Bangalore,Kochi -> Bangalore,550,3,AC Seater,45,840.0,2026-01-11,Sunday,2025-12-07,35,False,1.1,0.898,24,53.33
2477,Bangalore,Mysore,Bangalore -> Mysore,145,1,Non-AC Sleeper,33,210.0,2026-03-18,Wednesday,2026-02-25,21,False,0.82,0.999,26,78.79
2478,Surat,Mumbai,Surat -> Mumbai,285,2,Non-AC Seater,48,290.0,2026-02-18,Wednesday,2026-01-04,45,False,0.82,0.969,28,58.33
2479,Chennai,Coimbatore,Chennai -> Coimbatore,500,2,Non-AC Seater,51,560.0,2025-09-12,Friday,2025-08-28,15,False,1.15,1.067,34,66.67
2480,Jaipur,Udaipur,Jaipur -> Udaipur,400,3,AC Seater,44,720.0,2026-03-12,Thursday,2026-02-04,36,False,0.95,1.059,23,52.27
2481,Pune,Nashik,Pune -> Nashik,210,3,Non-AC Seater,51,240.0,2026-02-19,Thursday,2026-01-27,23,False,0.95,1.088,19,37.25
2482,Ahmedabad,Surat,Ahmedabad -> Surat,265,1,Non-AC Sleeper,31,350.0,2025-12-13,Saturday,2025-11-05,38,False,1.25,0.911,26,83.87
2483,Jaipur,Udaipur,Jaipur -> Udaipur,400,3,AC Seater,40,730.0,2025-08-11,Monday,2025-07-03,39,False,0.85,1.074,19,47.5
2484,Chennai,Madurai,Chennai -> Madurai,460,2,Non-AC Sleeper,32,600.0,2026-03-12,Thursday,2026-02-25,15,False,0.95,0.9,24,75.0
2485,Mumbai,Goa,Mumbai -> Goa,590,2,AC Sleeper,32,1230.0,2026-01-11,Sunday,2025-12-14,28,False,1.1,0.906,29,90.62
2486,Bangalore,Coimbatore,Bangalore -> Coimbatore,365,2,Non-AC Sleeper,31,490.0,2025-12-20,Saturday,2025-11-28,22,False,1.25,0.926,22,70.97
2487,Pune,Kolhapur,Pune -> Kolhapur,230,2,Non-AC Sleeper,33,320.0,2025-10-09,Thursday,2025-09-15,24,False,0.95,0.96,22,66.67
2488,Chennai,Coimbatore,Chennai -> Coimbatore,500,2,Non-AC Seater,51,470.0,2026-02-05,Thursday,2026-01-21,15,False,0.95,0.895,37,72.55
2489,Delhi,Jaipur,Delhi -> Jaipur,280,1,Non-AC Seater,49,310.0,2025-11-25,Tuesday,2025-10-27,29,False,0.8,1.054,22,44.9
2490,Mumbai,Shirdi,Mumbai -> Shirdi,250,2,AC Seater,44,450.0,2025-12-07,Sunday,2025-11-23,14,False,1.1,1.059,26,59.09
2491,Delhi,Agra,Delhi -> Agra,230,2,Non-AC Seater,51,210.0,2025-10-04,Saturday,2025-09-18,16,True,1.25,0.87,35,68.63
2492,Hyderabad,Vijayawada,Hyderabad -> Vijayawada,275,2,Volvo AC Semi-Sleeper,38,610.0,2025-11-05,Wednesday,2025-10-07,29,False,0.82,1.082,21,55.26
2493,Ahmedabad,Mumbai,Ahmedabad -> Mumbai,525,2,AC Sleeper,30,1210.0,2026-04-07,Tuesday,2026-03-10,28,False,0.8,1.002,13,43.33
2494,Kolkata,Digha,Kolkata -> Digha,185,3,Volvo AC Semi-Sleeper,42,370.0,2025-09-06,Saturday,2025-08-19,18,False,1.25,0.976,32,76.19
2495,Kolkata,Digha,Kolkata -> Digha,185,3,AC Seater,40,320.0,2025-10-14,Tuesday,2025-09-12,32,False,0.8,1.017,12,30.0
2496,Bangalore,Goa,Bangalore -> Goa,560,3,AC Sleeper,31,1380.0,2025-08-26,Tuesday,2025-08-04,22,True,0.8,1.071,16,51.61
2497,Delhi,Dehradun,Delhi -> Dehradun,250,2,Non-AC Sleeper,35,380.0,2025-11-20,Thursday,2025-10-12,39,False,0.95,1.048,19,54.29
2498,Delhi,Jaipur,Delhi -> Jaipur,280,1,Non-AC Sleeper,30,420.0,2026-03-11,Wednesday,2026-02-20,19,False,0.82,1.034,18,60.0
2499,Delhi,Dehradun,Delhi -> Dehradun,250,2,AC Sleeper,34,560.0,2026-02-05,Thursday,2025-12-31,36,False,0.95,0.974,24,70.59
2500,Delhi,Agra,Delhi -> Agra,230,2,AC Sleeper,33,570.0,2026-04-21,Tuesday,2026-03-21,31,False,0.8,1.078,17,51.52
2501,Chennai,Madurai,Chennai -> Madurai,460,2,AC Sleeper,31,1140.0,2025-12-16,Tuesday,2025-11-26,20,False,0.8,1.078,17,54.84
2502,Ahmedabad,Mumbai,Ahmedabad -> Mumbai,525,2,AC Seater,40,840.0,2025-10-07,Tuesday,2025-09-15,22,False,0.8,0.941,17,42.5
2503,Chennai,Madurai,Chennai -> Madurai,460,2,Non-AC Seater,49,440.0,2025-12-09,Tuesday,2025-10-27,43,False,0.8,0.911,26,53.06
2504,Hyderabad,Bangalore,Hyderabad -> Bangalore,570,2,Non-AC Seater,48,560.0,2025-09-20,Saturday,2025-08-16,35,False,1.25,0.936,45,93.75
2505,Ahmedabad,Mumbai,Ahmedabad -> Mumbai,525,2,AC Seater,44,960.0,2025-12-19,Friday,2025-11-06,43,False,1.15,1.076,38,86.36
2506,Kochi,Bangalore,Kochi -> Bangalore,550,3,Non-AC Seater,53,510.0,2026-06-13,Saturday,2026-05-27,17,False,1.25,0.883,33,62.26
2507,Bangalore,Chennai,Bangalore -> Chennai,350,1,Volvo AC Semi-Sleeper,40,760.0,2026-03-15,Sunday,2026-02-27,16,False,1.1,1.059,37,92.5
2508,Delhi,Chandigarh,Delhi -> Chandigarh,250,2,Non-AC Seater,49,260.0,2025-09-20,Saturday,2025-08-12,39,False,1.25,0.99,49,100.0
2509,Bangalore,Hyderabad,Bangalore -> Hyderabad,570,2,Volvo AC Semi-Sleeper,38,1200.0,2025-10-19,Sunday,2025-09-23,26,True,1.1,1.027,27,71.05
2510,Mumbai,Shirdi,Mumbai -> Shirdi,250,2,Non-AC Sleeper,36,340.0,2026-01-07,Wednesday,2025-12-01,37,False,0.82,0.938,20,55.56
2511,Mumbai,Shirdi,Mumbai -> Shirdi,250,2,AC Seater,41,440.0,2026-02-22,Sunday,2026-01-26,27,False,1.1,1.035,27,65.85
2512,Bangalore,Coimbatore,Bangalore -> Coimbatore,365,2,Volvo AC Semi-Sleeper,42,820.0,2025-10-17,Friday,2025-09-06,41,False,1.15,1.096,29,69.05
2513,Pune,Nashik,Pune -> Nashik,210,3,AC Seater,43,360.0,2026-04-05,Sunday,2026-03-10,26,False,1.1,1.008,24,55.81
2514,Hyderabad,Bangalore,Hyderabad -> Bangalore,570,2,Non-AC Sleeper,33,840.0,2025-11-18,Tuesday,2025-10-31,18,False,0.8,1.016,16,48.48
2515,Bangalore,Hyderabad,Bangalore -> Hyderabad,570,2,Non-AC Sleeper,31,790.0,2025-09-29,Monday,2025-08-23,37,False,0.85,0.956,19,61.29
2516,Mumbai,Shirdi,Mumbai -> Shirdi,250,2,Volvo AC Semi-Sleeper,39,550.0,2025-10-07,Tuesday,2025-09-06,31,False,0.8,1.073,22,56.41
2517,Jaipur,Udaipur,Jaipur -> Udaipur,400,3,Non-AC Seater,48,470.0,2026-04-20,Monday,2026-03-08,43,False,0.85,1.119,17,35.42
2518,Surat,Mumbai,Surat -> Mumbai,285,2,Volvo AC Semi-Sleeper,42,650.0,2025-11-24,Monday,2025-10-23,32,False,0.85,1.113,19,45.24
2519,Mumbai,Pune,Mumbai -> Pune,150,1,Volvo AC Semi-Sleeper,40,290.0,2026-06-12,Friday,2026-05-13,30,False,1.15,0.943,37,92.5
2520,Ahmedabad,Surat,Ahmedabad -> Surat,265,1,Non-AC Sleeper,35,410.0,2026-04-01,Wednesday,2026-02-18,42,False,0.82,1.067,23,65.71
2521,Mumbai,Nashik,Mumbai -> Nashik,170,2,AC Seater,40,300.0,2025-12-12,Friday,2025-11-04,38,False,1.15,1.038,33,82.5
2522,Delhi,Dehradun,Delhi -> Dehradun,250,2,Volvo AC Semi-Sleeper,42,560.0,2025-08-16,Saturday,2025-07-10,37,True,1.25,1.093,35,83.33
2523,Hyderabad,Vijayawada,Hyderabad -> Vijayawada,275,2,Volvo AC Semi-Sleeper,40,630.0,2025-09-29,Monday,2025-09-15,14,False,0.85,1.118,16,40.0
2524,Mumbai,Nashik,Mumbai -> Nashik,170,2,AC Sleeper,31,350.0,2026-02-07,Saturday,2026-01-06,32,False,1.25,0.895,25,80.65
2525,Ahmedabad,Surat,Ahmedabad -> Surat,265,1,AC Seater,42,470.0,2025-08-28,Thursday,2025-08-06,22,True,0.95,1.043,41,97.62
2526,Delhi,Dehradun,Delhi -> Dehradun,250,2,Volvo AC Semi-Sleeper,38,540.0,2025-08-07,Thursday,2025-07-19,19,False,0.95,1.054,17,44.74
2527,Bangalore,Goa,Bangalore -> Goa,560,3,Non-AC Seater,51,600.0,2025-09-19,Friday,2025-08-26,24,False,1.15,1.02,32,62.75
2528,Jaipur,Udaipur,Jaipur -> Udaipur,400,3,Non-AC Seater,53,460.0,2025-10-14,Tuesday,2025-09-12,32,False,0.8,1.095,22,41.51
2529,Jaipur,Udaipur,Jaipur -> Udaipur,400,3,AC Sleeper,29,890.0,2026-06-22,Monday,2026-06-02,20,False,0.85,0.967,10,34.48
2530,Mumbai,Shirdi,Mumbai -> Shirdi,250,2,AC Seater,40,430.0,2025-12-08,Monday,2025-11-07,31,False,0.85,1.012,19,47.5
2531,Delhi,Jaipur,Delhi -> Jaipur,280,1,Non-AC Seater,50,330.0,2026-05-21,Thursday,2026-04-07,44,False,0.95,1.122,39,78.0
2532,Bangalore,Chennai,Bangalore -> Chennai,350,1,AC Seater,41,550.0,2026-04-21,Tuesday,2026-03-26,26,False,0.8,0.924,28,68.29
2533,Kochi,Bangalore,Kochi -> Bangalore,550,3,Volvo AC Semi-Sleeper,40,1010.0,2026-02-15,Sunday,2026-01-16,30,False,1.1,0.896,26,65.0
2534,Chennai,Coimbatore,Chennai -> Coimbatore,500,2,AC Seater,40,830.0,2026-01-04,Sunday,2025-12-09,26,False,1.1,0.976,18,45.0
2535,Chennai,Madurai,Chennai -> Madurai,460,2,AC Sleeper,33,1160.0,2026-01-30,Friday,2026-01-07,23,False,1.15,1.096,19,57.58
2536,Mumbai,Pune,Mumbai -> Pune,150,1,Non-AC Seater,54,140.0,2026-04-28,Tuesday,2026-04-05,23,False,0.8,0.889,38,70.37
2537,Kochi,Bangalore,Kochi -> Bangalore,550,3,Volvo AC Semi-Sleeper,38,1040.0,2026-03-18,Wednesday,2026-02-22,24,False,0.82,0.922,18,47.37
2538,Chennai,Madurai,Chennai -> Madurai,460,2,Non-AC Seater,54,540.0,2026-04-24,Friday,2026-03-21,34,False,1.15,1.118,45,83.33
2539,Mumbai,Goa,Mumbai -> Goa,590,2,Non-AC Seater,49,560.0,2026-01-14,Wednesday,2025-12-09,36,True,0.82,0.904,35,71.43
2540,Mumbai,Nashik,Mumbai -> Nashik,170,2,AC Seater,43,310.0,2026-01-25,Sunday,2026-01-10,15,True,1.1,1.073,31,72.09
2541,Bangalore,Hyderabad,Bangalore -> Hyderabad,570,2,AC Sleeper,28,1400.0,2026-03-24,Tuesday,2026-03-04,20,False,0.8,1.068,14,50.0
2542,Bangalore,Chennai,Bangalore -> Chennai,350,1,Non-AC Seater,51,330.0,2026-02-05,Thursday,2026-01-15,21,False,0.95,0.898,39,76.47
2543,Hyderabad,Bangalore,Hyderabad -> Bangalore,570,2,AC Seater,45,890.0,2025-11-15,Saturday,2025-10-30,16,False,1.25,0.918,35,77.78
2544,Pune,Nashik,Pune -> Nashik,210,3,Non-AC Sleeper,36,320.0,2026-03-21,Saturday,2026-02-24,25,False,1.25,1.051,22,61.11
2545,Bangalore,Coimbatore,Bangalore -> Coimbatore,365,2,Volvo AC Semi-Sleeper,41,730.0,2025-10-19,Sunday,2025-10-03,16,True,1.1,0.976,26,63.41
2546,Ahmedabad,Mumbai,Ahmedabad -> Mumbai,525,2,Volvo AC Semi-Sleeper,40,1010.0,2026-05-11,Monday,2026-04-16,25,False,0.85,0.938,22,55.0
2547,Bangalore,Chennai,Bangalore -> Chennai,350,1,Non-AC Sleeper,31,500.0,2026-02-23,Monday,2026-01-15,39,False,0.85,0.985,17,54.84
2548,Bangalore,Mysore,Bangalore -> Mysore,145,1,Volvo AC Semi-Sleeper,39,300.0,2026-06-11,Thursday,2026-05-21,21,False,0.95,1.009,27,69.23
2549,Pune,Nashik,Pune -> Nashik,210,3,Volvo AC Semi-Sleeper,42,420.0,2026-04-06,Monday,2026-03-02,35,False,0.85,0.976,17,40.48
2550,Delhi,Dehradun,Delhi -> Dehradun,250,2,AC Seater,40,410.0,2026-03-16,Monday,2026-02-16,28,False,0.85,0.965,24,60.0
2551,Delhi,Jaipur,Delhi -> Jaipur,280,1,Non-AC Sleeper,31,440.0,2026-04-07,Tuesday,2026-02-26,40,False,0.8,1.084,20,64.52
2552,Bangalore,Goa,Bangalore -> Goa,560,3,AC Sleeper,30,1330.0,2026-05-05,Tuesday,2026-04-12,23,False,0.8,1.033,12,40.0
2553,Mumbai,Pune,Mumbai -> Pune,150,1,Non-AC Seater,52,170.0,2026-06-17,Wednesday,2026-05-19,29,False,0.82,1.079,31,59.62
2554,Kolkata,Digha,Kolkata -> Digha,185,3,Volvo AC Semi-Sleeper,39,330.0,2026-02-14,Saturday,2026-01-18,27,False,1.25,0.87,21,53.85
2555,Bangalore,Hyderabad,Bangalore -> Hyderabad,570,2,Volvo AC Semi-Sleeper,41,1060.0,2025-09-16,Tuesday,2025-08-24,23,False,0.8,0.907,17,41.46
2556,Mumbai,Nashik,Mumbai -> Nashik,170,2,AC Seater,44,310.0,2026-01-13,Tuesday,2025-12-08,36,True,0.8,1.073,21,47.73
2557,Kolkata,Digha,Kolkata -> Digha,185,3,Non-AC Seater,56,190.0,2026-03-29,Sunday,2026-03-01,28,False,1.1,0.978,27,48.21
2558,Mumbai,Shirdi,Mumbai -> Shirdi,250,2,AC Seater,41,430.0,2026-01-06,Tuesday,2025-12-13,24,False,0.8,1.012,21,51.22
2559,Pune,Nashik,Pune -> Nashik,210,3,Volvo AC Semi-Sleeper,41,420.0,2026-01-06,Tuesday,2025-12-17,20,False,0.8,0.976,13,31.71
2560,Delhi,Chandigarh,Delhi -> Chandigarh,250,2,AC Sleeper,32,500.0,2026-03-01,Sunday,2026-01-27,33,False,1.1,0.87,26,81.25
2561,Bangalore,Mysore,Bangalore -> Mysore,145,1,AC Seater,45,260.0,2025-12-03,Wednesday,2025-11-04,29,False,0.82,1.055,29,64.44
2562,Hyderabad,Vijayawada,Hyderabad -> Vijayawada,275,2,AC Sleeper,30,580.0,2026-06-09,Tuesday,2026-05-10,30,False,0.8,0.917,17,56.67
2563,Bangalore,Mysore,Bangalore -> Mysore,145,1,AC Seater,44,250.0,2026-06-01,Monday,2026-05-03,29,False,0.85,1.014,36,81.82
2564,Ahmedabad,Surat,Ahmedabad -> Surat,265,1,Volvo AC Semi-Sleeper,39,590.0,2026-05-09,Saturday,2026-04-24,15,False,1.25,1.086,34,87.18
2565,Mumbai,Shirdi,Mumbai -> Shirdi,250,2,AC Seater,44,380.0,2025-08-27,Wednesday,2025-08-07,20,True,0.82,0.894,38,86.36
2566,Surat,Mumbai,Surat -> Mumbai,285,2,AC Sleeper,33,680.0,2026-04-17,Friday,2026-03-17,31,False,1.15,1.037,20,60.61
2567,Ahmedabad,Surat,Ahmedabad -> Surat,265,1,Non-AC Sleeper,32,410.0,2026-03-01,Sunday,2026-01-31,29,False,1.1,1.067,29,90.62
2568,Hyderabad,Bangalore,Hyderabad -> Bangalore,570,2,Volvo AC Semi-Sleeper,41,1110.0,2026-05-29,Friday,2026-04-14,45,False,1.15,0.95,29,70.73
2569,Mumbai,Nashik,Mumbai -> Nashik,170,2,Non-AC Seater,49,200.0,2025-12-07,Sunday,2025-10-25,43,False,1.1,1.12,31,63.27
2570,Pune,Nashik,Pune -> Nashik,210,3,Volvo AC Semi-Sleeper,38,420.0,2025-08-14,Thursday,2025-07-18,27,True,0.95,0.976,23,60.53
2571,Ahmedabad,Mumbai,Ahmedabad -> Mumbai,525,2,Volvo AC Semi-Sleeper,38,1070.0,2026-05-06,Wednesday,2026-04-19,17,False,0.82,0.994,14,36.84
2572,Kochi,Bangalore,Kochi -> Bangalore,550,3,AC Sleeper,32,1390.0,2025-09-17,Wednesday,2025-08-27,21,False,0.82,1.099,9,28.12
2573,Mumbai,Pune,Mumbai -> Pune,150,1,Non-AC Sleeper,33,200.0,2025-08-10,Sunday,2025-07-02,39,False,1.1,0.92,32,96.97
2574,Delhi,Agra,Delhi -> Agra,230,2,Volvo AC Semi-Sleeper,38,480.0,2026-05-15,Friday,2026-04-09,36,False,1.15,1.018,35,92.11
2575,Delhi,Chandigarh,Delhi -> Chandigarh,250,2,Non-AC Seater,54,280.0,2025-12-28,Sunday,2025-12-12,16,False,1.1,1.067,34,62.96
2576,Surat,Mumbai,Surat -> Mumbai,285,2,Non-AC Seater,50,340.0,2025-09-21,Sunday,2025-08-11,41,False,1.1,1.136,36,72.0
2577,Pune,Kolhapur,Pune -> Kolhapur,230,2,AC Sleeper,28,560.0,2025-12-09,Tuesday,2025-10-29,41,False,0.8,1.059,17,60.71
2578,Ahmedabad,Mumbai,Ahmedabad -> Mumbai,525,2,Non-AC Sleeper,32,840.0,2026-02-19,Thursday,2026-01-07,43,False,0.95,1.103,17,53.12
2579,Bangalore,Mysore,Bangalore -> Mysore,145,1,Non-AC Sleeper,35,210.0,2026-03-29,Sunday,2026-03-09,20,False,1.1,0.999,25,71.43
2580,Jaipur,Udaipur,Jaipur -> Udaipur,400,3,Non-AC Seater,55,360.0,2026-02-26,Thursday,2026-02-10,16,False,0.95,0.857,25,45.45
2581,Bangalore,Goa,Bangalore -> Goa,560,3,AC Seater,43,930.0,2026-06-02,Tuesday,2026-05-17,16,False,0.8,0.977,17,39.53
2582,Surat,Mumbai,Surat -> Mumbai,285,2,AC Seater,42,460.0,2026-02-01,Sunday,2025-12-21,42,False,1.1,0.949,32,76.19
2583,Bangalore,Coimbatore,Bangalore -> Coimbatore,365,2,Non-AC Sleeper,36,480.0,2025-11-29,Saturday,2025-10-17,43,False,1.25,0.907,35,97.22
2584,Mumbai,Goa,Mumbai -> Goa,590,2,AC Seater,40,970.0,2026-03-23,Monday,2026-02-18,33,False,0.85,0.967,18,45.0
2585,Mumbai,Pune,Mumbai -> Pune,150,1,AC Seater,40,240.0,2025-08-22,Friday,2025-08-06,16,False,1.15,0.941,33,82.5
2586,Bangalore,Mysore,Bangalore -> Mysore,145,1,Non-AC Sleeper,36,210.0,2026-01-05,Monday,2025-12-20,16,False,0.85,0.999,26,72.22
2587,Bangalore,Goa,Bangalore -> Goa,560,3,Non-AC Sleeper,30,860.0,2026-06-03,Wednesday,2026-05-12,22,False,0.82,1.059,13,43.33
2588,Ahmedabad,Mumbai,Ahmedabad -> Mumbai,525,2,AC Seater,45,920.0,2025-10-07,Tuesday,2025-08-23,45,False,0.8,1.031,25,55.56
2589,Pune,Nashik,Pune -> Nashik,210,3,Non-AC Seater,51,240.0,2026-05-06,Wednesday,2026-04-05,31,False,0.82,1.088,18,35.29
2590,Surat,Mumbai,Surat -> Mumbai,285,2,Non-AC Sleeper,33,440.0,2025-11-14,Friday,2025-10-25,20,False,1.15,1.065,21,63.64
2591,Bangalore,Goa,Bangalore -> Goa,560,3,AC Sleeper,29,1320.0,2025-11-28,Friday,2025-10-23,36,False,1.15,1.025,16,55.17
2592,Delhi,Chandigarh,Delhi -> Chandigarh,250,2,Non-AC Seater,51,240.0,2025-08-24,Sunday,2025-07-31,24,False,1.1,0.914,30,58.82
2593,Delhi,Chandigarh,Delhi -> Chandigarh,250,2,AC Sleeper,28,610.0,2026-03-14,Saturday,2026-02-10,32,False,1.25,1.061,18,64.29
2594,Mumbai,Shirdi,Mumbai -> Shirdi,250,2,AC Seater,44,440.0,2026-04-07,Tuesday,2026-03-24,14,False,0.8,1.035,21,47.73
2595,Kolkata,Digha,Kolkata -> Digha,185,3,AC Seater,44,300.0,2026-01-03,Saturday,2025-11-23,41,True,1.25,0.954,36,81.82
2596,Mumbai,Goa,Mumbai -> Goa,590,2,Volvo AC Semi-Sleeper,39,1070.0,2025-08-05,Tuesday,2025-07-20,16,False,0.8,0.885,20,51.28
2597,Hyderabad,Vijayawada,Hyderabad -> Vijayawada,275,2,AC Seater,43,470.0,2026-05-01,Friday,2026-03-25,37,False,1.15,1.005,31,72.09
2598,Bangalore,Mysore,Bangalore -> Mysore,145,1,Volvo AC Semi-Sleeper,41,300.0,2025-12-06,Saturday,2025-11-18,18,False,1.25,1.009,35,85.37
2599,Kolkata,Digha,Kolkata -> Digha,185,3,AC Seater,40,320.0,2025-10-14,Tuesday,2025-09-04,40,False,0.8,1.017,14,35.0
2600,Chennai,Coimbatore,Chennai -> Coimbatore,500,2,Non-AC Seater,51,530.0,2025-10-29,Wednesday,2025-09-14,45,False,0.82,1.01,30,58.82
2601,Bangalore,Goa,Bangalore -> Goa,560,3,AC Seater,45,950.0,2026-01-21,Wednesday,2025-12-30,22,False,0.82,0.998,17,37.78
2602,Delhi,Agra,Delhi -> Agra,230,2,Non-AC Sleeper,35,350.0,2025-11-22,Saturday,2025-11-02,20,False,1.25,1.049,21,60.0
2603,Hyderabad,Vijayawada,Hyderabad -> Vijayawada,275,2,Non-AC Sleeper,32,390.0,2026-04-28,Tuesday,2026-03-24,35,False,0.8,0.978,20,62.5
2604,Kochi,Bangalore,Kochi -> Bangalore,550,3,Non-AC Seater,51,580.0,2026-04-21,Tuesday,2026-03-23,29,False,0.8,1.004,19,37.25
2605,Mumbai,Nashik,Mumbai -> Nashik,170,2,Non-AC Sleeper,32,230.0,2026-05-09,Saturday,2026-04-21,18,False,1.25,0.933,26,81.25
2606,Hyderabad,Bangalore,Hyderabad -> Bangalore,570,2,Volvo AC Semi-Sleeper,41,1270.0,2026-02-17,Tuesday,2026-01-15,33,False,0.8,1.087,20,48.78
2607,Bangalore,Chennai,Bangalore -> Chennai,350,1,Volvo AC Semi-Sleeper,41,690.0,2026-05-18,Monday,2026-04-30,18,False,0.85,0.962,30,73.17
2608,Ahmedabad,Surat,Ahmedabad -> Surat,265,1,Non-AC Sleeper,36,360.0,2025-11-27,Thursday,2025-10-25,33,False,0.95,0.937,31,86.11
2609,Bangalore,Goa,Bangalore -> Goa,560,3,AC Seater,41,860.0,2026-03-05,Thursday,2026-02-18,15,True,0.95,0.903,25,60.98
2610,Delhi,Dehradun,Delhi -> Dehradun,250,2,Non-AC Seater,51,270.0,2025-08-12,Tuesday,2025-07-29,14,False,0.8,1.029,19,37.25
2611,Bangalore,Mysore,Bangalore -> Mysore,145,1,AC Sleeper,28,340.0,2026-01-13,Tuesday,2025-12-06,38,True,0.8,1.019,24,85.71
2612,Bangalore,Hyderabad,Bangalore -> Hyderabad,570,2,Volvo AC Semi-Sleeper,38,1150.0,2025-08-11,Monday,2025-06-28,44,False,0.85,0.984,24,63.16
2613,Delhi,Agra,Delhi -> Agra,230,2,AC Seater,40,350.0,2026-03-14,Saturday,2026-01-28,45,False,1.25,0.895,39,97.5
2614,Delhi,Agra,Delhi -> Agra,230,2,Non-AC Sleeper,31,330.0,2025-08-20,Wednesday,2025-07-26,25,False,0.82,0.99,13,41.94
2615,Pune,Kolhapur,Pune -> Kolhapur,230,2,Non-AC Seater,49,230.0,2025-11-24,Monday,2025-10-19,36,False,0.85,0.952,27,55.1
2616,Hyderabad,Vijayawada,Hyderabad -> Vijayawada,275,2,Non-AC Seater,56,290.0,2025-08-17,Sunday,2025-07-05,43,True,1.1,1.004,48,85.71
2617,Delhi,Dehradun,Delhi -> Dehradun,250,2,Non-AC Sleeper,31,340.0,2025-09-05,Friday,2025-08-16,20,False,1.15,0.938,21,67.74
2618,Bangalore,Mysore,Bangalore -> Mysore,145,1,Non-AC Seater,50,170.0,2025-08-03,Sunday,2025-06-29,35,False,1.1,1.117,40,80.0
2619,Kochi,Bangalore,Kochi -> Bangalore,550,3,Non-AC Sleeper,32,780.0,2026-01-11,Sunday,2025-11-29,43,False,1.1,0.978,19,59.38
2620,Delhi,Jaipur,Delhi -> Jaipur,280,1,Non-AC Sleeper,30,380.0,2026-03-29,Sunday,2026-03-06,23,False,1.1,0.936,30,100.0
2621,Bangalore,Chennai,Bangalore -> Chennai,350,1,Non-AC Seater,51,320.0,2026-03-14,Saturday,2026-02-20,22,False,1.25,0.871,35,68.63
2622,Pune,Nashik,Pune -> Nashik,210,3,Non-AC Sleeper,36,340.0,2025-09-07,Sunday,2025-08-09,29,False,1.1,1.117,18,50.0
2623,Mumbai,Nashik,Mumbai -> Nashik,170,2,Non-AC Sleeper,34,220.0,2026-04-15,Wednesday,2026-03-18,28,True,0.82,0.892,22,64.71
2624,Bangalore,Mysore,Bangalore -> Mysore,145,1,AC Sleeper,28,320.0,2026-04-04,Saturday,2026-02-18,45,False,1.25,0.96,26,92.86
2625,Pune,Kolhapur,Pune -> Kolhapur,230,2,AC Sleeper,28,560.0,2026-06-25,Thursday,2026-05-18,38,False,0.95,1.059,23,82.14
2626,Delhi,Jaipur,Delhi -> Jaipur,280,1,AC Seater,44,490.0,2026-02-21,Saturday,2026-01-24,28,False,1.25,1.029,41,93.18
2627,Mumbai,Goa,Mumbai -> Goa,590,2,AC Seater,45,950.0,2026-01-21,Wednesday,2025-12-16,36,False,0.82,0.947,23,51.11
2628,Chennai,Madurai,Chennai -> Madurai,460,2,AC Seater,40,790.0,2025-11-02,Sunday,2025-10-12,21,True,1.1,1.01,29,72.5
2629,Bangalore,Chennai,Bangalore -> Chennai,350,1,AC Seater,44,550.0,2026-01-14,Wednesday,2025-12-14,31,True,0.82,0.924,43,97.73
2630,Kochi,Bangalore,Kochi -> Bangalore,550,3,AC Sleeper,31,1220.0,2025-08-09,Saturday,2025-07-26,14,False,1.25,0.964,15,48.39
2631,Jaipur,Udaipur,Jaipur -> Udaipur,400,3,Volvo AC Semi-Sleeper,42,800.0,2026-02-25,Wednesday,2026-02-03,22,False,0.82,0.976,23,54.76
2632,Bangalore,Chennai,Bangalore -> Chennai,350,1,AC Seater,44,660.0,2026-04-16,Thursday,2026-03-21,26,True,0.95,1.109,41,93.18
2633,Delhi,Agra,Delhi -> Agra,230,2,Non-AC Seater,51,210.0,2025-09-06,Saturday,2025-07-29,39,False,1.25,0.87,47,92.16
2634,Delhi,Dehradun,Delhi -> Dehradun,250,2,Volvo AC Semi-Sleeper,42,570.0,2025-08-06,Wednesday,2025-06-28,39,False,0.82,1.112,24,57.14
2635,Delhi,Dehradun,Delhi -> Dehradun,250,2,Non-AC Seater,49,250.0,2026-06-22,Monday,2026-06-06,16,False,0.85,0.952,27,55.1
2636,Bangalore,Coimbatore,Bangalore -> Coimbatore,365,2,Non-AC Seater,54,330.0,2026-06-23,Tuesday,2026-05-14,40,False,0.8,0.861,37,68.52
2637,Surat,Mumbai,Surat -> Mumbai,285,2,Volvo AC Semi-Sleeper,38,620.0,2026-04-16,Thursday,2026-03-25,22,True,0.95,1.061,30,78.95
2638,Bangalore,Goa,Bangalore -> Goa,560,3,Volvo AC Semi-Sleeper,38,1230.0,2026-04-23,Thursday,2026-03-21,33,False,0.95,1.071,16,42.11
2639,Jaipur,Udaipur,Jaipur -> Udaipur,400,3,Volvo AC Semi-Sleeper,41,780.0,2025-09-08,Monday,2025-08-15,24,False,0.85,0.951,18,43.9
2640,Bangalore,Goa,Bangalore -> Goa,560,3,AC Seater,44,1020.0,2026-03-08,Sunday,2026-01-23,44,False,1.1,1.071,22,50.0
2641,Mumbai,Pune,Mumbai -> Pune,150,1,AC Seater,45,230.0,2026-01-12,Monday,2025-12-05,38,True,0.85,0.902,38,84.44
2642,Bangalore,Chennai,Bangalore -> Chennai,350,1,Volvo AC Semi-Sleeper,39,730.0,2026-01-06,Tuesday,2025-12-08,29,False,0.8,1.017,24,61.54
2643,Kolkata,Digha,Kolkata -> Digha,185,3,AC Seater,42,340.0,2026-02-24,Tuesday,2026-02-03,21,False,0.8,1.081,15,35.71
2644,Bangalore,Chennai,Bangalore -> Chennai,350,1,Non-AC Seater,51,390.0,2026-05-27,Wednesday,2026-04-19,38,False,0.82,1.061,40,78.43
2645,Bangalore,Coimbatore,Bangalore -> Coimbatore,365,2,Volvo AC Semi-Sleeper,38,760.0,2025-10-09,Thursday,2025-09-19,20,False,0.95,1.016,20,52.63
2646,Surat,Mumbai,Surat -> Mumbai,285,2,AC Seater,42,480.0,2025-12-13,Saturday,2025-10-29,45,False,1.25,0.991,40,95.24
2647,Bangalore,Mysore,Bangalore -> Mysore,145,1,Non-AC Seater,54,170.0,2026-03-23,Monday,2026-02-25,26,False,0.85,1.117,35,64.81
2648,Mumbai,Shirdi,Mumbai -> Shirdi,250,2,Non-AC Seater,54,260.0,2026-04-02,Thursday,2026-02-20,41,False,0.95,0.99,44,81.48
2649,Chennai,Madurai,Chennai -> Madurai,460,2,Volvo AC Semi-Sleeper,39,840.0,2026-05-18,Monday,2026-04-11,37,False,0.85,0.891,29,74.36
2650,Delhi,Dehradun,Delhi -> Dehradun,250,2,Volvo AC Semi-Sleeper,42,530.0,2026-03-23,Monday,2026-02-18,33,False,0.85,1.034,32,76.19
2651,Mumbai,Pune,Mumbai -> Pune,150,1,Non-AC Seater,54,140.0,2026-05-13,Wednesday,2026-04-17,26,False,0.82,0.889,41,75.93
2652,Bangalore,Hyderabad,Bangalore -> Hyderabad,570,2,Volvo AC Semi-Sleeper,42,1300.0,2025-10-16,Thursday,2025-09-01,45,False,0.95,1.113,28,66.67
2653,Chennai,Coimbatore,Chennai -> Coimbatore,500,2,Non-AC Sleeper,30,720.0,2025-09-29,Monday,2025-09-09,20,False,0.85,0.993,20,66.67
2654,Mumbai,Goa,Mumbai -> Goa,590,2,AC Sleeper,34,1380.0,2026-06-16,Tuesday,2026-05-21,26,False,0.8,1.017,17,50.0
2655,Pune,Nashik,Pune -> Nashik,210,3,Non-AC Seater,56,240.0,2025-12-13,Saturday,2025-11-04,39,False,1.25,1.088,37,66.07
2656,Delhi,Agra,Delhi -> Agra,230,2,Non-AC Seater,48,220.0,2026-01-25,Sunday,2025-12-30,26,True,1.1,0.911,47,97.92
2657,Jaipur,Udaipur,Jaipur -> Udaipur,400,3,Non-AC Seater,54,440.0,2026-06-08,Monday,2026-05-09,30,False,0.85,1.048,18,33.33
2658,Mumbai,Goa,Mumbai -> Goa,590,2,AC Seater,44,970.0,2025-09-05,Friday,2025-08-15,21,False,1.15,0.967,40,90.91
2659,Ahmedabad,Surat,Ahmedabad -> Surat,265,1,Non-AC Sleeper,33,380.0,2025-08-05,Tuesday,2025-07-05,31,False,0.8,0.989,25,75.76
2660,Ahmedabad,Surat,Ahmedabad -> Surat,265,1,Non-AC Sleeper,36,370.0,2026-06-04,Thursday,2026-05-01,34,False,0.95,0.963,31,86.11
2661,Jaipur,Udaipur,Jaipur -> Udaipur,400,3,AC Seater,44,640.0,2026-02-03,Tuesday,2025-12-22,43,False,0.8,0.941,14,31.82
2662,Hyderabad,Bangalore,Hyderabad -> Bangalore,570,2,AC Sleeper,29,1460.0,2025-12-18,Thursday,2025-11-06,42,False,0.95,1.114,11,37.93
2663,Ahmedabad,Mumbai,Ahmedabad -> Mumbai,525,2,AC Seater,45,810.0,2026-04-16,Thursday,2026-03-29,18,True,0.95,0.908,34,75.56
2664,Delhi,Dehradun,Delhi -> Dehradun,250,2,Non-AC Seater,50,240.0,2025-11-19,Wednesday,2025-10-15,35,False,0.82,0.914,26,52.0
2665,Kochi,Bangalore,Kochi -> Bangalore,550,3,Non-AC Sleeper,35,800.0,2026-01-24,Saturday,2025-12-11,44,True,1.25,1.003,24,68.57
2666,Mumbai,Nashik,Mumbai -> Nashik,170,2,Non-AC Sleeper,30,250.0,2025-08-16,Saturday,2025-07-14,33,True,1.25,1.014,25,83.33
2667,Bangalore,Mysore,Bangalore -> Mysore,145,1,Non-AC Seater,56,160.0,2025-12-05,Friday,2025-11-09,26,False,1.15,1.051,47,83.93
2668,Delhi,Chandigarh,Delhi -> Chandigarh,250,2,Non-AC Seater,55,260.0,2026-04-25,Saturday,2026-03-25,31,False,1.25,0.99,51,92.73
2669,Mumbai,Pune,Mumbai -> Pune,150,1,Non-AC Sleeper,34,200.0,2025-11-12,Wednesday,2025-10-02,41,False,0.82,0.92,27,79.41
2670,Mumbai,Pune,Mumbai -> Pune,150,1,Non-AC Sleeper,35,200.0,2026-03-27,Friday,2026-02-21,34,False,1.15,0.92,35,100.0
2671,Mumbai,Pune,Mumbai -> Pune,150,1,Non-AC Sleeper,30,230.0,2025-12-12,Friday,2025-10-28,45,False,1.15,1.057,20,66.67
2672,Delhi,Agra,Delhi -> Agra,230,2,AC Sleeper,28,570.0,2025-12-21,Sunday,2025-11-21,30,False,1.1,1.078,21,75.0
2673,Delhi,Agra,Delhi -> Agra,230,2,AC Seater,44,410.0,2026-03-31,Tuesday,2026-03-12,19,False,0.8,1.049,22,50.0
2674,Bangalore,Hyderabad,Bangalore -> Hyderabad,570,2,AC Sleeper,34,1360.0,2026-02-06,Friday,2026-01-04,33,False,1.15,1.037,27,79.41
2675,Jaipur,Udaipur,Jaipur -> Udaipur,400,3,Non-AC Seater,54,410.0,2025-11-02,Sunday,2025-10-19,14,True,1.1,0.976,36,66.67
2676,Delhi,Jaipur,Delhi -> Jaipur,280,1,Non-AC Sleeper,33,430.0,2025-08-12,Tuesday,2025-07-21,22,False,0.8,1.059,17,51.52
2677,Bangalore,Goa,Bangalore -> Goa,560,3,AC Sleeper,30,1380.0,2026-04-29,Wednesday,2026-04-14,15,False,0.82,1.071,12,40.0
2678,Jaipur,Udaipur,Jaipur -> Udaipur,400,3,AC Seater,45,610.0,2025-09-02,Tuesday,2025-07-28,36,False,0.8,0.897,21,46.67
2679,Mumbai,Shirdi,Mumbai -> Shirdi,250,2,Volvo AC Semi-Sleeper,40,480.0,2026-02-08,Sunday,2026-01-08,31,False,1.1,0.937,34,85.0
2680,Kochi,Bangalore,Kochi -> Bangalore,550,3,Non-AC Seater,49,550.0,2025-09-13,Saturday,2025-08-25,19,False,1.25,0.952,37,75.51
2681,Ahmedabad,Surat,Ahmedabad -> Surat,265,1,Non-AC Sleeper,32,380.0,2025-12-18,Thursday,2025-11-19,29,False,0.95,0.989,23,71.88
2682,Kolkata,Digha,Kolkata -> Digha,185,3,Non-AC Seater,52,200.0,2026-05-17,Sunday,2026-04-05,42,False,1.1,1.03,26,50.0
2683,Bangalore,Coimbatore,Bangalore -> Coimbatore,365,2,Volvo AC Semi-Sleeper,39,660.0,2025-10-19,Sunday,2025-09-24,25,True,1.1,0.882,34,87.18
2684,Delhi,Jaipur,Delhi -> Jaipur,280,1,Non-AC Sleeper,35,410.0,2025-09-11,Thursday,2025-08-22,20,False,0.95,1.01,28,80.0
2685,Pune,Nashik,Pune -> Nashik,210,3,AC Sleeper,29,490.0,2026-03-11,Wednesday,2026-01-29,41,False,0.82,1.014,14,48.28
2686,Ahmedabad,Surat,Ahmedabad -> Surat,265,1,Non-AC Seater,55,290.0,2025-10-02,Thursday,2025-08-28,35,True,0.95,1.042,53,96.36
2687,Delhi,Jaipur,Delhi -> Jaipur,280,1,AC Sleeper,31,640.0,2026-01-22,Thursday,2025-12-15,38,False,0.95,0.994,22,70.97
2688,Delhi,Agra,Delhi -> Agra,230,2,AC Seater,43,390.0,2026-03-27,Friday,2026-03-09,18,False,1.15,0.997,27,62.79
2689,Bangalore,Goa,Bangalore -> Goa,560,3,AC Sleeper,34,1230.0,2026-03-04,Wednesday,2026-01-27,36,True,0.82,0.955,22,64.71
2690,Bangalore,Coimbatore,Bangalore -> Coimbatore,365,2,Non-AC Seater,50,430.0,2026-01-13,Tuesday,2025-12-03,41,True,0.8,1.122,36,72.0
2691,Jaipur,Udaipur,Jaipur -> Udaipur,400,3,Non-AC Sleeper,35,610.0,2025-12-12,Friday,2025-11-08,34,False,1.15,1.052,19,54.29
2692,Hyderabad,Vijayawada,Hyderabad -> Vijayawada,275,2,Non-AC Sleeper,36,360.0,2026-01-07,Wednesday,2025-12-23,15,False,0.82,0.903,19,52.78
2693,Bangalore,Coimbatore,Bangalore -> Coimbatore,365,2,Non-AC Sleeper,32,540.0,2025-10-07,Tuesday,2025-08-24,44,False,0.8,1.02,22,68.75
2694,Jaipur,Udaipur,Jaipur -> Udaipur,400,3,Non-AC Sleeper,30,570.0,2025-10-22,Wednesday,2025-09-16,36,True,0.82,0.983,16,53.33
2695,Bangalore,Goa,Bangalore -> Goa,560,3,Volvo AC Semi-Sleeper,39,1070.0,2026-01-13,Tuesday,2025-12-06,38,True,0.8,0.932,24,61.54
2696,Hyderabad,Bangalore,Hyderabad -> Bangalore,570,2,AC Sleeper,31,1400.0,2025-10-03,Friday,2025-09-02,31,True,1.15,1.068,26,83.87
2697,Surat,Mumbai,Surat -> Mumbai,285,2,AC Seater,43,490.0,2026-04-09,Thursday,2026-03-09,31,False,0.95,1.011,26,60.47
2698,Pune,Nashik,Pune -> Nashik,210,3,Non-AC Seater,53,250.0,2026-01-22,Thursday,2025-12-17,36,False,0.95,1.134,23,43.4
2699,Bangalore,Goa,Bangalore -> Goa,560,3,AC Seater,42,900.0,2026-03-25,Wednesday,2026-03-07,18,False,0.82,0.945,17,40.48
2700,Hyderabad,Vijayawada,Hyderabad -> Vijayawada,275,2,AC Sleeper,31,590.0,2025-12-04,Thursday,2025-11-09,25,False,0.95,0.933,20,64.52
2701,Pune,Kolhapur,Pune -> Kolhapur,230,2,Volvo AC Semi-Sleeper,39,510.0,2025-10-23,Thursday,2025-09-25,28,True,0.95,1.082,35,89.74
2702,Delhi,Chandigarh,Delhi -> Chandigarh,250,2,Non-AC Seater,52,240.0,2026-02-14,Saturday,2026-01-25,20,False,1.25,0.914,42,80.77
2703,Mumbai,Pune,Mumbai -> Pune,150,1,Non-AC Seater,54,180.0,2026-02-12,Thursday,2026-01-17,26,False,0.95,1.143,33,61.11
2704,Ahmedabad,Surat,Ahmedabad -> Surat,265,1,AC Seater,40,430.0,2025-10-02,Thursday,2025-09-13,19,True,0.95,0.954,32,80.0
2705,Bangalore,Goa,Bangalore -> Goa,560,3,Volvo AC Semi-Sleeper,39,1060.0,2025-10-18,Saturday,2025-09-08,40,True,1.25,0.923,37,94.87
2706,Delhi,Jaipur,Delhi -> Jaipur,280,1,Volvo AC Semi-Sleeper,40,540.0,2026-02-08,Sunday,2026-01-04,35,False,1.1,0.941,38,95.0
2707,Kochi,Bangalore,Kochi -> Bangalore,550,3,Non-AC Seater,49,510.0,2025-08-07,Thursday,2025-06-25,43,False,0.95,0.883,27,55.1
2708,Bangalore,Goa,Bangalore -> Goa,560,3,AC Seater,45,960.0,2026-05-24,Sunday,2026-04-16,38,False,1.1,1.008,21,46.67
2709,Delhi,Jaipur,Delhi -> Jaipur,280,1,AC Seater,45,530.0,2026-03-28,Saturday,2026-02-25,31,False,1.25,1.113,45,100.0
2710,Bangalore,Coimbatore,Bangalore -> Coimbatore,365,2,Volvo AC Semi-Sleeper,42,770.0,2026-02-17,Tuesday,2026-01-11,37,False,0.8,1.029,27,64.29
2711,Kochi,Bangalore,Kochi -> Bangalore,550,3,AC Seater,45,940.0,2026-03-03,Tuesday,2026-02-13,18,True,0.8,1.005,21,46.67
2712,Kolkata,Digha,Kolkata -> Digha,185,3,AC Sleeper,34,410.0,2025-12-21,Sunday,2025-11-07,44,False,1.1,0.964,18,52.94
2713,Mumbai,Shirdi,Mumbai -> Shirdi,250,2,Volvo AC Semi-Sleeper,40,460.0,2026-02-13,Friday,2026-01-26,18,False,1.15,0.898,26,65.0
2714,Pune,Nashik,Pune -> Nashik,210,3,AC Sleeper,28,430.0,2026-04-13,Monday,2026-02-27,45,True,0.85,0.89,18,64.29
2715,Bangalore,Mysore,Bangalore -> Mysore,145,1,AC Seater,42,250.0,2026-03-19,Thursday,2026-02-15,32,False,0.95,1.014,27,64.29
2716,Delhi,Jaipur,Delhi -> Jaipur,280,1,AC Seater,41,480.0,2026-05-14,Thursday,2026-04-10,34,False,0.95,1.008,34,82.93
2717,Chennai,Coimbatore,Chennai -> Coimbatore,500,2,Non-AC Sleeper,34,760.0,2025-10-01,Wednesday,2025-09-15,16,True,0.82,1.048,26,76.47
2718,Mumbai,Nashik,Mumbai -> Nashik,170,2,Non-AC Seater,53,180.0,2025-09-14,Sunday,2025-08-23,22,False,1.1,1.008,27,50.94
2719,Mumbai,Pune,Mumbai -> Pune,150,1,Volvo AC Semi-Sleeper,40,340.0,2025-09-28,Sunday,2025-08-19,40,False,1.1,1.106,40,100.0
2720,Surat,Mumbai,Surat -> Mumbai,285,2,Non-AC Sleeper,32,400.0,2026-06-03,Wednesday,2026-05-16,18,False,0.82,0.968,15,46.88
2721,Ahmedabad,Surat,Ahmedabad -> Surat,265,1,Volvo AC Semi-Sleeper,42,480.0,2026-02-25,Wednesday,2026-01-16,40,False,0.82,0.884,33,78.57
2722,Chennai,Madurai,Chennai -> Madurai,460,2,Volvo AC Semi-Sleeper,38,960.0,2025-09-04,Thursday,2025-08-05,30,False,0.95,1.018,26,68.42
2723,Mumbai,Pune,Mumbai -> Pune,150,1,Non-AC Seater,52,150.0,2026-04-29,Wednesday,2026-04-03,26,False,0.82,0.952,38,73.08
2724,Hyderabad,Vijayawada,Hyderabad -> Vijayawada,275,2,Non-AC Seater,53,330.0,2025-11-09,Sunday,2025-10-11,29,False,1.1,1.143,44,83.02
2725,Mumbai,Goa,Mumbai -> Goa,590,2,Volvo AC Semi-Sleeper,42,1310.0,2025-11-27,Thursday,2025-11-04,23,False,0.95,1.083,28,66.67
2726,Pune,Kolhapur,Pune -> Kolhapur,230,2,AC Seater,44,350.0,2025-09-25,Thursday,2025-08-11,45,False,0.95,0.895,34,77.27
2727,Ahmedabad,Surat,Ahmedabad -> Surat,265,1,Volvo AC Semi-Sleeper,39,550.0,2025-12-26,Friday,2025-12-12,14,True,1.15,1.012,36,92.31
2728,Hyderabad,Bangalore,Hyderabad -> Bangalore,570,2,Non-AC Seater,50,630.0,2026-05-26,Tuesday,2026-04-20,36,False,0.8,1.053,24,48.0
2729,Bangalore,Mysore,Bangalore -> Mysore,145,1,Non-AC Sleeper,33,230.0,2025-09-19,Friday,2025-08-29,21,False,1.15,1.094,27,81.82
2730,Mumbai,Goa,Mumbai -> Goa,590,2,Non-AC Seater,53,550.0,2026-03-04,Wednesday,2026-02-14,18,True,0.82,0.888,42,79.25
2731,Mumbai,Nashik,Mumbai -> Nashik,170,2,Non-AC Seater,54,190.0,2025-11-30,Sunday,2025-11-11,19,False,1.1,1.064,33,61.11
2732,Hyderabad,Vijayawada,Hyderabad -> Vijayawada,275,2,Non-AC Sleeper,34,410.0,2025-10-10,Friday,2025-09-22,18,False,1.15,1.028,17,50.0
2733,Hyderabad,Vijayawada,Hyderabad -> Vijayawada,275,2,Non-AC Seater,52,300.0,2026-02-25,Wednesday,2026-01-11,45,False,0.82,1.039,29,55.77
2734,Hyderabad,Vijayawada,Hyderabad -> Vijayawada,275,2,Non-AC Sleeper,31,420.0,2025-11-15,Saturday,2025-10-30,16,False,1.25,1.053,21,67.74
2735,Mumbai,Pune,Mumbai -> Pune,150,1,AC Sleeper,32,360.0,2025-09-10,Wednesday,2025-08-15,26,False,0.82,1.043,23,71.88
2736,Bangalore,Mysore,Bangalore -> Mysore,145,1,AC Seater,44,220.0,2025-08-30,Saturday,2025-07-30,31,False,1.25,0.892,44,100.0
2737,Delhi,Jaipur,Delhi -> Jaipur,280,1,Non-AC Seater,49,260.0,2026-03-16,Monday,2026-02-11,33,False,0.85,0.884,33,67.35
2738,Mumbai,Nashik,Mumbai -> Nashik,170,2,AC Seater,44,260.0,2026-06-16,Tuesday,2026-05-26,21,False,0.8,0.9,19,43.18
2739,Chennai,Madurai,Chennai -> Madurai,460,2,Volvo AC Semi-Sleeper,42,1020.0,2026-04-27,Monday,2026-04-13,14,False,0.85,1.082,17,40.48
2740,Bangalore,Coimbatore,Bangalore -> Coimbatore,365,2,Non-AC Seater,52,410.0,2026-06-29,Monday,2026-06-11,18,False,0.85,1.07,16,30.77
2741,Delhi,Dehradun,Delhi -> Dehradun,250,2,AC Sleeper,31,640.0,2025-09-02,Tuesday,2025-08-10,23,False,0.8,1.113,12,38.71
2742,Delhi,Jaipur,Delhi -> Jaipur,280,1,Volvo AC Semi-Sleeper,40,570.0,2025-10-16,Thursday,2025-09-27,19,False,0.95,0.993,38,95.0
2743,Ahmedabad,Mumbai,Ahmedabad -> Mumbai,525,2,AC Seater,44,900.0,2026-03-31,Tuesday,2026-03-12,19,False,0.8,1.008,20,45.45
2744,Hyderabad,Vijayawada,Hyderabad -> Vijayawada,275,2,AC Sleeper,29,660.0,2026-06-23,Tuesday,2026-05-28,26,False,0.8,1.043,15,51.72
2745,Ahmedabad,Mumbai,Ahmedabad -> Mumbai,525,2,Non-AC Seater,53,550.0,2026-06-11,Thursday,2026-05-24,18,False,0.95,0.998,21,39.62
2746,Hyderabad,Vijayawada,Hyderabad -> Vijayawada,275,2,Non-AC Sleeper,36,390.0,2026-03-04,Wednesday,2026-01-19,44,True,0.82,0.978,29,80.56
2747,Pune,Kolhapur,Pune -> Kolhapur,230,2,AC Sleeper,34,490.0,2026-02-27,Friday,2026-02-04,23,False,1.15,0.926,30,88.24
2748,Mumbai,Nashik,Mumbai -> Nashik,170,2,Non-AC Seater,51,150.0,2026-03-19,Thursday,2026-03-03,16,False,0.95,0.84,32,62.75
2749,Mumbai,Shirdi,Mumbai -> Shirdi,250,2,Non-AC Sleeper,36,340.0,2026-03-30,Monday,2026-02-21,37,False,0.85,0.938,21,58.33
2750,Delhi,Dehradun,Delhi -> Dehradun,250,2,AC Seater,45,450.0,2026-04-07,Tuesday,2026-02-27,39,False,0.8,1.059,26,57.78
2751,Mumbai,Shirdi,Mumbai -> Shirdi,250,2,AC Sleeper,34,550.0,2025-10-14,Tuesday,2025-09-22,22,False,0.8,0.957,16,47.06
2752,Kolkata,Digha,Kolkata -> Digha,185,3,Non-AC Sleeper,34,280.0,2026-04-07,Tuesday,2026-02-22,44,False,0.8,1.044,15,44.12
2753,Delhi,Agra,Delhi -> Agra,230,2,AC Seater,44,400.0,2025-11-16,Sunday,2025-10-23,24,False,1.1,1.023,32,72.73
2754,Mumbai,Pune,Mumbai -> Pune,150,1,Volvo AC Semi-Sleeper,40,330.0,2026-02-28,Saturday,2026-01-26,33,False,1.25,1.073,39,97.5
2755,Jaipur,Udaipur,Jaipur -> Udaipur,400,3,AC Seater,44,620.0,2026-03-30,Monday,2026-02-16,42,False,0.85,0.912,18,40.91
2756,Surat,Mumbai,Surat -> Mumbai,285,2,Volvo AC Semi-Sleeper,38,640.0,2026-04-13,Monday,2026-03-15,29,True,0.85,1.095,19,50.0
2757,Chennai,Madurai,Chennai -> Madurai,460,2,Non-AC Sleeper,30,630.0,2026-01-14,Wednesday,2025-12-30,15,True,0.82,0.945,20,66.67
2758,Chennai,Coimbatore,Chennai -> Coimbatore,500,2,Non-AC Seater,55,570.0,2025-11-09,Sunday,2025-10-21,19,False,1.1,1.086,28,50.91
2759,Chennai,Madurai,Chennai -> Madurai,460,2,AC Sleeper,28,1150.0,2026-05-13,Wednesday,2026-04-27,16,False,0.82,1.087,10,35.71
2760,Bangalore,Mysore,Bangalore -> Mysore,145,1,Non-AC Sleeper,30,230.0,2026-01-28,Wednesday,2026-01-02,26,True,0.82,1.094,23,76.67
2761,Delhi,Jaipur,Delhi -> Jaipur,280,1,AC Seater,42,450.0,2026-04-10,Friday,2026-03-14,27,False,1.15,0.945,36,85.71
2762,Ahmedabad,Mumbai,Ahmedabad -> Mumbai,525,2,Non-AC Sleeper,30,800.0,2025-10-28,Tuesday,2025-09-14,44,False,0.8,1.051,13,43.33
2763,Kolkata,Digha,Kolkata -> Digha,185,3,Volvo AC Semi-Sleeper,39,410.0,2026-06-04,Thursday,2026-05-04,31,False,0.95,1.081,18,46.15
2764,Bangalore,Chennai,Bangalore -> Chennai,350,1,AC Seater,45,650.0,2026-02-01,Sunday,2026-01-01,31,False,1.1,1.092,38,84.44
2765,Mumbai,Nashik,Mumbai -> Nashik,170,2,Non-AC Sleeper,33,250.0,2025-09-06,Saturday,2025-08-16,21,False,1.25,1.014,22,66.67
2766,Delhi,Agra,Delhi -> Agra,230,2,Non-AC Sleeper,32,330.0,2026-01-28,Wednesday,2025-12-27,32,True,0.82,0.99,26,81.25
2767,Bangalore,Chennai,Bangalore -> Chennai,350,1,Non-AC Seater,56,350.0,2026-06-15,Monday,2026-05-13,33,False,0.85,0.952,40,71.43
2768,Mumbai,Shirdi,Mumbai -> Shirdi,250,2,Volvo AC Semi-Sleeper,38,560.0,2026-03-30,Monday,2026-02-17,41,False,0.85,1.093,28,73.68
2769,Chennai,Madurai,Chennai -> Madurai,460,2,Non-AC Seater,48,480.0,2025-09-20,Saturday,2025-09-05,15,False,1.25,0.994,38,79.17
2770,Pune,Nashik,Pune -> Nashik,210,3,Non-AC Sleeper,35,280.0,2026-05-28,Thursday,2026-04-27,31,False,0.95,0.92,17,48.57
2771,Bangalore,Coimbatore,Bangalore -> Coimbatore,365,2,AC Seater,45,610.0,2026-01-02,Friday,2025-12-17,16,True,1.15,0.983,45,100.0
2772,Mumbai,Shirdi,Mumbai -> Shirdi,250,2,AC Seater,41,380.0,2026-02-20,Friday,2026-02-03,17,False,1.15,0.894,25,60.98
2773,Pune,Kolhapur,Pune -> Kolhapur,230,2,Volvo AC Semi-Sleeper,38,450.0,2025-11-02,Sunday,2025-10-09,24,True,1.1,0.954,34,89.47
2774,Mumbai,Shirdi,Mumbai -> Shirdi,250,2,Non-AC Sleeper,35,390.0,2026-03-22,Sunday,2026-02-11,39,False,1.1,1.076,21,60.0
2775,Bangalore,Mysore,Bangalore -> Mysore,145,1,AC Sleeper,32,330.0,2026-04-28,Tuesday,2026-04-12,16,False,0.8,0.99,16,50.0
2776,Ahmedabad,Surat,Ahmedabad -> Surat,265,1,Non-AC Sleeper,35,340.0,2026-03-05,Thursday,2026-02-04,29,True,0.95,0.885,31,88.57
2777,Pune,Kolhapur,Pune -> Kolhapur,230,2,AC Seater,43,420.0,2025-08-29,Friday,2025-08-13,16,True,1.15,1.074,38,88.37
2778,Mumbai,Pune,Mumbai -> Pune,150,1,Non-AC Seater,54,180.0,2025-08-10,Sunday,2025-07-12,29,False,1.1,1.143,49,90.74
2779,Mumbai,Nashik,Mumbai -> Nashik,170,2,AC Seater,41,310.0,2026-02-18,Wednesday,2026-02-02,16,False,0.82,1.073,19,46.34
2780,Bangalore,Chennai,Bangalore -> Chennai,350,1,AC Seater,41,610.0,2026-04-04,Saturday,2026-02-19,44,False,1.25,1.025,40,97.56
2781,Delhi,Agra,Delhi -> Agra,230,2,AC Seater,41,440.0,2025-12-04,Thursday,2025-11-08,26,False,0.95,1.125,26,63.41
2782,Pune,Nashik,Pune -> Nashik,210,3,Non-AC Seater,48,230.0,2026-03-03,Tuesday,2026-02-17,14,True,0.8,1.043,21,43.75
2783,Bangalore,Mysore,Bangalore -> Mysore,145,1,Non-AC Seater,51,160.0,2026-02-24,Tuesday,2026-02-01,23,False,0.8,1.051,30,58.82
2784,Chennai,Madurai,Chennai -> Madurai,460,2,Non-AC Sleeper,32,680.0,2026-06-26,Friday,2026-05-23,34,False,1.15,1.019,24,75.0
2785,Delhi,Dehradun,Delhi -> Dehradun,250,2,Volvo AC Semi-Sleeper,38,530.0,2026-04-21,Tuesday,2026-03-07,45,False,0.8,1.034,20,52.63
2786,Surat,Mumbai,Surat -> Mumbai,285,2,Non-AC Sleeper,35,380.0,2025-10-19,Sunday,2025-09-05,44,True,1.1,0.92,33,94.29
2787,Surat,Mumbai,Surat -> Mumbai,285,2,Volvo AC Semi-Sleeper,39,520.0,2025-11-15,Saturday,2025-10-04,42,False,1.25,0.89,39,100.0
2788,Delhi,Jaipur,Delhi -> Jaipur,280,1,AC Sleeper,31,690.0,2025-08-18,Monday,2025-07-19,30,False,0.85,1.071,22,70.97
2789,Ahmedabad,Surat,Ahmedabad -> Surat,265,1,Non-AC Seater,54,310.0,2025-10-21,Tuesday,2025-09-22,29,True,0.8,1.114,32,59.26
2790,Mumbai,Pune,Mumbai -> Pune,150,1,Non-AC Seater,54,150.0,2026-06-08,Monday,2026-05-11,28,False,0.85,0.952,41,75.93
2791,Mumbai,Nashik,Mumbai -> Nashik,170,2,Non-AC Sleeper,36,250.0,2025-10-23,Thursday,2025-09-27,26,True,0.95,1.014,34,94.44
2792,Delhi,Agra,Delhi -> Agra,230,2,Non-AC Sleeper,30,320.0,2026-02-05,Thursday,2025-12-30,37,False,0.95,0.96,15,50.0
2793,Mumbai,Goa,Mumbai -> Goa,590,2,AC Sleeper,30,1460.0,2026-01-29,Thursday,2026-01-09,20,False,0.95,1.076,21,70.0
2794,Mumbai,Goa,Mumbai -> Goa,590,2,Non-AC Sleeper,30,880.0,2026-04-30,Thursday,2026-03-25,36,False,0.95,1.029,16,53.33
2795,Bangalore,Hyderabad,Bangalore -> Hyderabad,570,2,Volvo AC Semi-Sleeper,40,1170.0,2025-09-30,Tuesday,2025-09-05,25,True,0.8,1.001,27,67.5
2796,Delhi,Chandigarh,Delhi -> Chandigarh,250,2,AC Sleeper,29,580.0,2025-08-18,Monday,2025-07-15,34,False,0.85,1.009,16,55.17
2797,Bangalore,Mysore,Bangalore -> Mysore,145,1,AC Seater,43,230.0,2025-12-04,Thursday,2025-10-30,35,False,0.95,0.933,34,79.07
2798,Surat,Mumbai,Surat -> Mumbai,285,2,AC Sleeper,29,590.0,2025-11-05,Wednesday,2025-10-21,15,False,0.82,0.9,16,55.17
2799,Ahmedabad,Surat,Ahmedabad -> Surat,265,1,Non-AC Seater,52,290.0,2025-10-03,Friday,2025-08-25,39,True,1.15,1.042,51,98.08
2800,Mumbai,Pune,Mumbai -> Pune,150,1,Non-AC Seater,50,140.0,2025-09-29,Monday,2025-09-03,26,False,0.85,0.889,35,70.0
2801,Bangalore,Coimbatore,Bangalore -> Coimbatore,365,2,Non-AC Seater,52,400.0,2026-02-19,Thursday,2026-02-04,15,False,0.95,1.044,19,36.54
2802,Delhi,Dehradun,Delhi -> Dehradun,250,2,AC Seater,41,460.0,2026-01-15,Thursday,2025-12-10,36,True,0.95,1.082,38,92.68
2803,Pune,Kolhapur,Pune -> Kolhapur,230,2,Non-AC Seater,48,260.0,2025-12-25,Thursday,2025-11-16,39,True,0.95,1.077,47,97.92
2804,Bangalore,Hyderabad,Bangalore -> Hyderabad,570,2,Non-AC Sleeper,32,850.0,2026-03-05,Thursday,2026-02-18,15,True,0.95,1.028,21,65.62
2805,Bangalore,Coimbatore,Bangalore -> Coimbatore,365,2,Volvo AC Semi-Sleeper,39,660.0,2025-09-28,Sunday,2025-08-21,38,False,1.1,0.882,39,100.0
2806,Mumbai,Pune,Mumbai -> Pune,150,1,Non-AC Sleeper,32,230.0,2026-04-05,Sunday,2026-02-24,40,False,1.1,1.057,29,90.62
2807,Kolkata,Digha,Kolkata -> Digha,185,3,Volvo AC Semi-Sleeper,41,370.0,2026-01-25,Sunday,2026-01-06,19,True,1.1,0.976,21,51.22
2808,Bangalore,Goa,Bangalore -> Goa,560,3,Non-AC Sleeper,30,880.0,2025-12-18,Thursday,2025-11-19,29,False,0.95,1.084,10,33.33
2809,Ahmedabad,Surat,Ahmedabad -> Surat,265,1,Non-AC Sleeper,34,410.0,2026-01-19,Monday,2025-12-30,20,False,0.85,1.067,16,47.06
2810,Pune,Kolhapur,Pune -> Kolhapur,230,2,AC Sleeper,32,560.0,2025-08-09,Saturday,2025-06-29,41,False,1.25,1.059,22,68.75
2811,Bangalore,Mysore,Bangalore -> Mysore,145,1,Non-AC Seater,53,150.0,2025-09-26,Friday,2025-09-10,16,False,1.15,0.985,41,77.36
2812,Ahmedabad,Surat,Ahmedabad -> Surat,265,1,Non-AC Sleeper,36,390.0,2026-04-28,Tuesday,2026-04-08,20,False,0.8,1.015,18,50.0
2813,Surat,Mumbai,Surat -> Mumbai,285,2,Non-AC Seater,56,270.0,2026-03-01,Sunday,2026-01-28,32,False,1.1,0.902,43,76.79
2814,Hyderabad,Vijayawada,Hyderabad -> Vijayawada,275,2,Volvo AC Semi-Sleeper,42,550.0,2025-12-07,Sunday,2025-11-11,26,False,1.1,0.976,33,78.57
2815,Mumbai,Pune,Mumbai -> Pune,150,1,Non-AC Seater,54,170.0,2025-10-24,Friday,2025-09-21,33,False,1.15,1.079,54,100.0
2816,Bangalore,Goa,Bangalore -> Goa,560,3,AC Sleeper,29,1160.0,2026-01-25,Sunday,2026-01-08,17,True,1.1,0.901,23,79.31
2817,Kolkata,Digha,Kolkata -> Digha,185,3,AC Sleeper,29,430.0,2026-02-21,Saturday,2026-02-02,19,False,1.25,1.011,14,48.28
2818,Chennai,Madurai,Chennai -> Madurai,460,2,Non-AC Seater,49,480.0,2025-11-06,Thursday,2025-10-22,15,False,0.95,0.994,24,48.98
2819,Bangalore,Mysore,Bangalore -> Mysore,145,1,Volvo AC Semi-Sleeper,41,290.0,2025-08-20,Wednesday,2025-07-19,32,False,0.82,0.976,26,63.41
2820,Mumbai,Pune,Mumbai -> Pune,150,1,AC Seater,44,230.0,2025-08-31,Sunday,2025-07-19,43,False,1.1,0.902,42,95.45
2821,Ahmedabad,Mumbai,Ahmedabad -> Mumbai,525,2,Non-AC Seater,56,580.0,2026-05-01,Friday,2026-04-09,22,False,1.15,1.052,37,66.07
2822,Bangalore,Chennai,Bangalore -> Chennai,350,1,AC Sleeper,29,780.0,2025-09-20,Saturday,2025-08-11,40,False,1.25,0.969,29,100.0
2823,Delhi,Chandigarh,Delhi -> Chandigarh,250,2,Volvo AC Semi-Sleeper,40,490.0,2025-09-28,Sunday,2025-08-15,44,False,1.1,0.956,33,82.5
2824,Pune,Kolhapur,Pune -> Kolhapur,230,2,AC Sleeper,28,550.0,2025-12-22,Monday,2025-11-27,25,False,0.85,1.04,16,57.14
2825,Bangalore,Coimbatore,Bangalore -> Coimbatore,365,2,AC Seater,43,660.0,2026-05-16,Saturday,2026-04-14,32,False,1.25,1.064,35,81.4
2826,Jaipur,Udaipur,Jaipur -> Udaipur,400,3,AC Sleeper,28,1020.0,2025-09-21,Sunday,2025-08-20,32,False,1.1,1.109,16,57.14
2827,Delhi,Dehradun,Delhi -> Dehradun,250,2,Non-AC Sleeper,30,390.0,2025-08-04,Monday,2025-07-11,24,False,0.85,1.076,15,50.0
2828,Hyderabad,Vijayawada,Hyderabad -> Vijayawada,275,2,Volvo AC Semi-Sleeper,42,590.0,2026-06-17,Wednesday,2026-05-09,39,False,0.82,1.047,23,54.76
2829,Bangalore,Mysore,Bangalore -> Mysore,145,1,AC Sleeper,30,310.0,2026-06-03,Wednesday,2026-05-09,25,False,0.82,0.93,25,83.33
2830,Pune,Kolhapur,Pune -> Kolhapur,230,2,Non-AC Sleeper,34,330.0,2026-02-23,Monday,2026-01-21,33,False,0.85,0.99,22,64.71
2831,Mumbai,Pune,Mumbai -> Pune,150,1,AC Sleeper,28,370.0,2026-01-30,Friday,2025-12-31,30,False,1.15,1.072,28,100.0
2832,Bangalore,Hyderabad,Bangalore -> Hyderabad,570,2,Volvo AC Semi-Sleeper,42,1060.0,2026-02-10,Tuesday,2026-01-07,34,False,0.8,0.907,17,40.48
2833,Kolkata,Digha,Kolkata -> Digha,185,3,Volvo AC Semi-Sleeper,39,360.0,2025-10-24,Friday,2025-09-26,28,False,1.15,0.949,22,56.41
2834,Bangalore,Hyderabad,Bangalore -> Hyderabad,570,2,AC Seater,43,950.0,2025-11-26,Wednesday,2025-11-09,17,False,0.82,0.98,21,48.84
2835,Jaipur,Udaipur,Jaipur -> Udaipur,400,3,Volvo AC Semi-Sleeper,40,830.0,2025-10-08,Wednesday,2025-09-07,31,False,0.82,1.012,15,37.5
2836,Hyderabad,Bangalore,Hyderabad -> Bangalore,570,2,AC Sleeper,28,1170.0,2025-09-21,Sunday,2025-08-07,45,False,1.1,0.892,20,71.43
2837,Delhi,Dehradun,Delhi -> Dehradun,250,2,AC Sleeper,32,620.0,2025-08-12,Tuesday,2025-07-15,28,False,0.8,1.078,16,50.0
2838,Chennai,Madurai,Chennai -> Madurai,460,2,AC Sleeper,28,1110.0,2025-12-13,Saturday,2025-11-14,29,False,1.25,1.049,17,60.71
2839,Mumbai,Nashik,Mumbai -> Nashik,170,2,AC Seater,41,270.0,2026-05-20,Wednesday,2026-05-02,18,False,0.82,0.934,21,51.22
2840,Bangalore,Hyderabad,Bangalore -> Hyderabad,570,2,Non-AC Seater,50,640.0,2025-12-05,Friday,2025-10-30,36,False,1.15,1.069,34,68.0
2841,Delhi,Jaipur,Delhi -> Jaipur,280,1,Volvo AC Semi-Sleeper,42,610.0,2025-10-16,Thursday,2025-09-23,23,False,0.95,1.063,29,69.05
2842,Hyderabad,Bangalore,Hyderabad -> Bangalore,570,2,Non-AC Sleeper,32,750.0,2026-04-07,Tuesday,2026-02-26,40,False,0.8,0.907,17,53.12
2843,Delhi,Chandigarh,Delhi -> Chandigarh,250,2,AC Seater,40,430.0,2026-02-27,Friday,2026-01-13,45,False,1.15,1.012,27,67.5
2844,Mumbai,Pune,Mumbai -> Pune,150,1,Non-AC Sleeper,36,230.0,2026-05-03,Sunday,2026-04-04,29,False,1.1,1.057,30,83.33
2845,Bangalore,Hyderabad,Bangalore -> Hyderabad,570,2,AC Sleeper,32,1390.0,2026-01-06,Tuesday,2025-12-17,20,False,0.8,1.06,18,56.25
2846,Mumbai,Shirdi,Mumbai -> Shirdi,250,2,Non-AC Seater,52,250.0,2025-10-20,Monday,2025-09-22,28,True,0.85,0.952,44,84.62
2847,Jaipur,Udaipur,Jaipur -> Udaipur,400,3,Non-AC Sleeper,33,640.0,2025-09-17,Wednesday,2025-08-15,33,False,0.82,1.103,12,36.36
2848,Mumbai,Pune,Mumbai -> Pune,150,1,Non-AC Sleeper,30,210.0,2026-03-07,Saturday,2026-02-02,33,False,1.25,0.966,30,100.0
2849,Jaipur,Udaipur,Jaipur -> Udaipur,400,3,Non-AC Seater,49,450.0,2026-01-25,Sunday,2025-12-21,35,True,1.1,1.071,39,79.59
2850,Mumbai,Goa,Mumbai -> Goa,590,2,Volvo AC Semi-Sleeper,42,1160.0,2026-03-09,Monday,2026-02-03,34,False,0.85,0.959,24,57.14
2851,Kolkata,Digha,Kolkata -> Digha,185,3,Non-AC Seater,52,210.0,2026-03-25,Wednesday,2026-03-09,16,False,0.82,1.081,12,23.08
2852,Mumbai,Goa,Mumbai -> Goa,590,2,AC Sleeper,28,1280.0,2026-03-18,Wednesday,2026-03-04,14,False,0.82,0.943,15,53.57
2853,Bangalore,Coimbatore,Bangalore -> Coimbatore,365,2,Volvo AC Semi-Sleeper,39,770.0,2026-02-16,Monday,2026-01-09,38,False,0.85,1.029,19,48.72
2854,Kolkata,Digha,Kolkata -> Digha,185,3,AC Sleeper,33,460.0,2026-03-02,Monday,2026-02-06,24,True,0.85,1.081,19,57.58
2855,Hyderabad,Vijayawada,Hyderabad -> Vijayawada,275,2,AC Seater,42,450.0,2025-11-06,Thursday,2025-10-03,34,False,0.95,0.963,26,61.9
2856,Bangalore,Goa,Bangalore -> Goa,560,3,Non-AC Sleeper,30,790.0,2026-06-17,Wednesday,2026-05-20,28,False,0.82,0.973,13,43.33
2857,Mumbai,Pune,Mumbai -> Pune,150,1,AC Seater,44,250.0,2025-09-25,Thursday,2025-08-31,25,False,0.95,0.98,33,75.0
2858,Chennai,Madurai,Chennai -> Madurai,460,2,Non-AC Seater,54,510.0,2026-02-05,Thursday,2026-01-16,20,False,0.95,1.056,25,46.3
2859,Chennai,Coimbatore,Chennai -> Coimbatore,500,2,Non-AC Seater,54,470.0,2025-11-10,Monday,2025-10-16,25,False,0.85,0.895,30,55.56
2860,Bangalore,Goa,Bangalore -> Goa,560,3,AC Seater,45,880.0,2026-01-30,Friday,2026-01-06,24,False,1.15,0.924,20,44.44
2861,Chennai,Coimbatore,Chennai -> Coimbatore,500,2,AC Sleeper,28,1010.0,2026-01-17,Saturday,2026-01-01,16,False,1.25,0.878,19,67.86
2862,Pune,Nashik,Pune -> Nashik,210,3,AC Seater,45,320.0,2026-06-27,Saturday,2026-05-24,34,False,1.25,0.896,33,73.33
2863,Hyderabad,Vijayawada,Hyderabad -> Vijayawada,275,2,AC Sleeper,31,670.0,2025-10-28,Tuesday,2025-09-23,35,False,0.8,1.059,17,54.84
2864,Pune,Nashik,Pune -> Nashik,210,3,Volvo AC Semi-Sleeper,39,410.0,2025-08-22,Friday,2025-07-08,45,False,1.15,0.952,20,51.28
2865,Hyderabad,Bangalore,Hyderabad -> Bangalore,570,2,AC Seater,40,1070.0,2025-09-13,Saturday,2025-08-25,19,False,1.25,1.104,31,77.5
2866,Pune,Nashik,Pune -> Nashik,210,3,Volvo AC Semi-Sleeper,42,450.0,2026-01-25,Sunday,2025-12-24,32,True,1.1,1.045,34,80.95
2867,Bangalore,Hyderabad,Bangalore -> Hyderabad,570,2,AC Sleeper,34,1180.0,2026-03-30,Monday,2026-02-23,35,False,0.85,0.9,24,70.59
2868,Kochi,Bangalore,Kochi -> Bangalore,550,3,Non-AC Sleeper,36,860.0,2026-06-09,Tuesday,2026-05-07,33,False,0.8,1.078,12,33.33
2869,Delhi,Agra,Delhi -> Agra,230,2,Non-AC Sleeper,32,300.0,2026-01-26,Monday,2026-01-06,20,True,0.85,0.9,20,62.5
2870,Chennai,Madurai,Chennai -> Madurai,460,2,AC Seater,43,810.0,2025-09-05,Friday,2025-08-12,24,False,1.15,1.036,24,55.81
2871,Delhi,Agra,Delhi -> Agra,230,2,Non-AC Sleeper,34,330.0,2026-02-28,Saturday,2026-01-15,44,False,1.25,0.99,31,91.18
2872,Kochi,Bangalore,Kochi -> Bangalore,550,3,Non-AC Seater,54,500.0,2026-02-28,Saturday,2026-02-14,14,False,1.25,0.866,30,55.56
2873,Bangalore,Hyderabad,Bangalore -> Hyderabad,570,2,AC Sleeper,33,1430.0,2025-12-16,Tuesday,2025-11-18,28,False,0.8,1.091,13,39.39
2874,Pune,Nashik,Pune -> Nashik,210,3,AC Sleeper,28,470.0,2026-04-11,Saturday,2026-03-05,37,False,1.25,0.973,16,57.14
2875,Chennai,Coimbatore,Chennai -> Coimbatore,500,2,Volvo AC Semi-Sleeper,41,1020.0,2026-05-22,Friday,2026-04-08,44,False,1.15,0.995,31,75.61
2876,Ahmedabad,Mumbai,Ahmedabad -> Mumbai,525,2,Non-AC Sleeper,30,770.0,2026-03-02,Monday,2026-01-18,43,True,0.85,1.011,19,63.33
2877,Mumbai,Goa,Mumbai -> Goa,590,2,AC Seater,41,940.0,2026-06-16,Tuesday,2026-05-24,23,False,0.8,0.937,17,41.46
2878,Mumbai,Goa,Mumbai -> Goa,590,2,AC Sleeper,31,1500.0,2025-12-23,Tuesday,2025-11-30,23,True,0.8,1.105,19,61.29
2879,Bangalore,Goa,Bangalore -> Goa,560,3,Volvo AC Semi-Sleeper,40,1220.0,2025-09-26,Friday,2025-09-05,21,False,1.15,1.063,17,42.5
2880,Hyderabad,Vijayawada,Hyderabad -> Vijayawada,275,2,Non-AC Sleeper,31,420.0,2026-02-21,Saturday,2026-01-16,36,False,1.25,1.053,29,93.55
2881,Bangalore,Goa,Bangalore -> Goa,560,3,Non-AC Sleeper,36,750.0,2025-10-15,Wednesday,2025-09-29,16,False,0.82,0.924,11,30.56
2882,Kolkata,Digha,Kolkata -> Digha,185,3,Non-AC Seater,53,210.0,2026-01-30,Friday,2025-12-25,36,False,1.15,1.081,30,56.6
2883,Surat,Mumbai,Surat -> Mumbai,285,2,Volvo AC Semi-Sleeper,41,580.0,2025-09-24,Wednesday,2025-08-20,35,False,0.82,0.993,25,60.98
2884,Delhi,Chandigarh,Delhi -> Chandigarh,250,2,AC Sleeper,28,520.0,2026-01-28,Wednesday,2025-12-25,34,True,0.82,0.904,22,78.57
2885,Mumbai,Goa,Mumbai -> Goa,590,2,Volvo AC Semi-Sleeper,39,1070.0,2026-03-08,Sunday,2026-01-26,41,False,1.1,0.885,32,82.05
2886,Kochi,Bangalore,Kochi -> Bangalore,550,3,Volvo AC Semi-Sleeper,38,1050.0,2025-12-29,Monday,2025-11-14,45,False,0.85,0.931,19,50.0
2887,Jaipur,Udaipur,Jaipur -> Udaipur,400,3,AC Sleeper,30,990.0,2026-06-08,Monday,2026-04-29,40,False,0.85,1.076,12,40.0
2888,Delhi,Chandigarh,Delhi -> Chandigarh,250,2,Non-AC Seater,50,250.0,2025-09-27,Saturday,2025-08-14,44,False,1.25,0.952,42,84.0
2889,Chennai,Madurai,Chennai -> Madurai,460,2,Volvo AC Semi-Sleeper,39,910.0,2025-11-28,Friday,2025-10-31,28,False,1.15,0.965,31,79.49
2890,Bangalore,Hyderabad,Bangalore -> Hyderabad,570,2,Volvo AC Semi-Sleeper,39,1270.0,2025-12-24,Wednesday,2025-12-10,14,True,0.82,1.087,21,53.85
2891,Mumbai,Pune,Mumbai -> Pune,150,1,Non-AC Sleeper,34,220.0,2026-06-10,Wednesday,2026-05-18,23,False,0.82,1.011,24,70.59
2892,Chennai,Coimbatore,Chennai -> Coimbatore,500,2,Non-AC Sleeper,32,660.0,2026-01-21,Wednesday,2025-12-31,21,False,0.82,0.91,15,46.88
2893,Bangalore,Coimbatore,Bangalore -> Coimbatore,365,2,Non-AC Seater,48,350.0,2025-09-12,Friday,2025-08-22,21,False,1.15,0.913,38,79.17
2894,Bangalore,Hyderabad,Bangalore -> Hyderabad,570,2,AC Seater,40,1070.0,2026-03-11,Wednesday,2026-02-22,17,False,0.82,1.104,16,40.0
2895,Bangalore,Hyderabad,Bangalore -> Hyderabad,570,2,AC Seater,45,880.0,2026-05-20,Wednesday,2026-04-21,29,False,0.82,0.908,26,57.78
2896,Chennai,Madurai,Chennai -> Madurai,460,2,AC Sleeper,33,1070.0,2025-10-27,Monday,2025-10-07,20,False,0.85,1.011,16,48.48
2897,Bangalore,Hyderabad,Bangalore -> Hyderabad,570,2,AC Sleeper,31,1260.0,2026-03-15,Sunday,2026-01-30,44,False,1.1,0.961,30,96.77
2898,Mumbai,Nashik,Mumbai -> Nashik,170,2,Volvo AC Semi-Sleeper,38,380.0,2026-03-16,Monday,2026-02-20,24,False,0.85,1.09,23,60.53
2899,Surat,Mumbai,Surat -> Mumbai,285,2,Non-AC Seater,54,340.0,2026-01-20,Tuesday,2025-12-13,38,False,0.8,1.136,19,35.19
2900,Mumbai,Pune,Mumbai -> Pune,150,1,Non-AC Seater,48,150.0,2026-03-30,Monday,2026-02-23,35,False,0.85,0.952,27,56.25
2901,Mumbai,Pune,Mumbai -> Pune,150,1,Non-AC Sleeper,35,200.0,2026-05-26,Tuesday,2026-05-08,18,False,0.8,0.92,14,40.0
2902,Bangalore,Coimbatore,Bangalore -> Coimbatore,365,2,Non-AC Sleeper,32,510.0,2025-11-05,Wednesday,2025-10-07,29,False,0.82,0.964,19,59.38
2903,Mumbai,Nashik,Mumbai -> Nashik,170,2,AC Sleeper,30,420.0,2025-11-14,Friday,2025-10-27,18,False,1.15,1.074,21,70.0
2904,Mumbai,Shirdi,Mumbai -> Shirdi,250,2,Non-AC Seater,53,250.0,2026-01-17,Saturday,2025-12-17,31,False,1.25,0.952,49,92.45
2905,Mumbai,Pune,Mumbai -> Pune,150,1,Non-AC Seater,55,180.0,2026-06-14,Sunday,2026-05-17,28,False,1.1,1.143,53,96.36
2906,Ahmedabad,Mumbai,Ahmedabad -> Mumbai,525,2,Volvo AC Semi-Sleeper,42,980.0,2025-12-13,Saturday,2025-11-13,30,False,1.25,0.911,41,97.62
2907,Kolkata,Digha,Kolkata -> Digha,185,3,AC Seater,44,290.0,2026-05-23,Saturday,2026-05-02,21,False,1.25,0.922,21,47.73
2908,Pune,Kolhapur,Pune -> Kolhapur,230,2,AC Sleeper,32,470.0,2026-01-21,Wednesday,2025-12-15,37,False,0.82,0.888,21,65.62
2909,Chennai,Coimbatore,Chennai -> Coimbatore,500,2,AC Seater,43,920.0,2026-03-09,Monday,2026-02-13,24,False,0.85,1.082,19,44.19
2910,Delhi,Jaipur,Delhi -> Jaipur,280,1,Volvo AC Semi-Sleeper,39,510.0,2025-12-03,Wednesday,2025-11-18,15,False,0.82,0.889,29,74.36
2911,Delhi,Dehradun,Delhi -> Dehradun,250,2,Non-AC Seater,54,250.0,2026-02-10,Tuesday,2026-01-16,25,False,0.8,0.952,24,44.44
2912,Bangalore,Chennai,Bangalore -> Chennai,350,1,Non-AC Sleeper,31,550.0,2026-03-15,Sunday,2026-02-26,17,False,1.1,1.084,23,74.19
2913,Delhi,Jaipur,Delhi -> Jaipur,280,1,AC Seater,41,420.0,2026-01-05,Monday,2025-12-11,25,False,0.85,0.882,31,75.61
2914,Kolkata,Digha,Kolkata -> Digha,185,3,AC Seater,40,330.0,2026-06-28,Sunday,2026-05-25,34,False,1.1,1.049,26,65.0
2915,Mumbai,Nashik,Mumbai -> Nashik,170,2,Volvo AC Semi-Sleeper,41,370.0,2026-03-05,Thursday,2026-02-12,21,True,0.95,1.062,30,73.17
2916,Bangalore,Mysore,Bangalore -> Mysore,145,1,Non-AC Sleeper,33,220.0,2025-09-04,Thursday,2025-08-03,32,False,0.95,1.046,18,54.55
2917,Mumbai,Pune,Mumbai -> Pune,150,1,Non-AC Sleeper,32,210.0,2025-10-08,Wednesday,2025-09-23,15,False,0.82,0.966,20,62.5
2918,Bangalore,Coimbatore,Bangalore -> Coimbatore,365,2,AC Sleeper,28,820.0,2026-05-16,Saturday,2026-05-02,14,False,1.25,0.977,19,67.86
2919,Mumbai,Pune,Mumbai -> Pune,150,1,Non-AC Sleeper,31,220.0,2026-03-23,Monday,2026-03-08,15,False,0.85,1.011,13,41.94
2920,Delhi,Agra,Delhi -> Agra,230,2,Non-AC Sleeper,30,300.0,2025-08-15,Friday,2025-07-10,36,True,1.15,0.9,30,100.0
2921,Bangalore,Mysore,Bangalore -> Mysore,145,1,Volvo AC Semi-Sleeper,39,310.0,2026-03-27,Friday,2026-02-15,40,False,1.15,1.043,39,100.0
2922,Delhi,Agra,Delhi -> Agra,230,2,AC Sleeper,33,560.0,2026-05-08,Friday,2026-04-01,37,False,1.15,1.059,30,90.91
2923,Delhi,Jaipur,Delhi -> Jaipur,280,1,Non-AC Seater,51,280.0,2025-08-22,Friday,2025-07-25,28,False,1.15,0.952,41,80.39
2924,Hyderabad,Vijayawada,Hyderabad -> Vijayawada,275,2,Volvo AC Semi-Sleeper,41,540.0,2026-03-26,Thursday,2026-03-04,22,False,0.95,0.958,15,36.59
2925,Surat,Mumbai,Surat -> Mumbai,285,2,AC Sleeper,32,710.0,2025-10-23,Thursday,2025-10-07,16,True,0.95,1.083,21,65.62
2926,Pune,Nashik,Pune -> Nashik,210,3,Non-AC Sleeper,32,300.0,2026-06-28,Sunday,2026-06-05,23,False,1.1,0.985,15,46.88
2927,Bangalore,Goa,Bangalore -> Goa,560,3,Non-AC Seater,50,560.0,2025-10-18,Saturday,2025-09-28,20,True,1.25,0.952,40,80.0
2928,Bangalore,Hyderabad,Bangalore -> Hyderabad,570,2,Non-AC Sleeper,35,750.0,2026-05-08,Friday,2026-04-12,26,False,1.15,0.907,34,97.14
2929,Ahmedabad,Mumbai,Ahmedabad -> Mumbai,525,2,Non-AC Seater,53,600.0,2026-06-06,Saturday,2026-05-20,17,False,1.25,1.088,29,54.72
2930,Kochi,Bangalore,Kochi -> Bangalore,550,3,AC Sleeper,34,1200.0,2025-12-17,Wednesday,2025-11-11,36,False,0.82,0.949,12,35.29
2931,Pune,Nashik,Pune -> Nashik,210,3,AC Seater,40,350.0,2026-05-23,Saturday,2026-04-25,28,False,1.25,0.98,16,40.0
2932,Bangalore,Goa,Bangalore -> Goa,560,3,AC Sleeper,34,1400.0,2025-09-06,Saturday,2025-07-24,44,False,1.25,1.087,22,64.71
2933,Mumbai,Goa,Mumbai -> Goa,590,2,Non-AC Seater,48,580.0,2025-10-21,Tuesday,2025-09-12,39,True,0.8,0.936,31,64.58
2934,Bangalore,Mysore,Bangalore -> Mysore,145,1,Non-AC Seater,52,140.0,2026-01-20,Tuesday,2025-12-12,39,False,0.8,0.92,43,82.69
2935,Hyderabad,Bangalore,Hyderabad -> Bangalore,570,2,AC Seater,44,1050.0,2026-03-20,Friday,2026-02-08,40,False,1.15,1.084,34,77.27
2936,Delhi,Jaipur,Delhi -> Jaipur,280,1,AC Seater,42,440.0,2025-11-10,Monday,2025-10-23,18,False,0.85,0.924,39,92.86
2937,Mumbai,Shirdi,Mumbai -> Shirdi,250,2,AC Sleeper,28,510.0,2026-01-04,Sunday,2025-11-25,40,False,1.1,0.887,27,96.43
2938,Kochi,Bangalore,Kochi -> Bangalore,550,3,AC Sleeper,32,1380.0,2026-04-19,Sunday,2026-03-22,28,False,1.1,1.091,12,37.5
2939,Delhi,Agra,Delhi -> Agra,230,2,Volvo AC Semi-Sleeper,41,440.0,2025-10-06,Monday,2025-09-12,24,False,0.85,0.933,20,48.78
2940,Surat,Mumbai,Surat -> Mumbai,285,2,Non-AC Seater,56,300.0,2026-01-23,Friday,2026-01-05,18,False,1.15,1.003,33,58.93
2941,Pune,Nashik,Pune -> Nashik,210,3,AC Seater,40,390.0,2026-04-09,Thursday,2026-02-27,41,False,0.95,1.092,19,47.5
2942,Bangalore,Coimbatore,Bangalore -> Coimbatore,365,2,Volvo AC Semi-Sleeper,38,780.0,2026-01-03,Saturday,2025-11-27,37,True,1.25,1.042,38,100.0
2943,Ahmedabad,Surat,Ahmedabad -> Surat,265,1,Non-AC Sleeper,31,420.0,2026-02-11,Wednesday,2026-01-02,40,False,0.82,1.093,25,80.65
2944,Bangalore,Chennai,Bangalore -> Chennai,350,1,AC Seater,43,610.0,2026-06-04,Thursday,2026-05-04,31,False,0.95,1.025,33,76.74
2945,Bangalore,Coimbatore,Bangalore -> Coimbatore,365,2,Volvo AC Semi-Sleeper,40,750.0,2026-02-18,Wednesday,2026-01-22,27,False,0.82,1.002,26,65.0
2946,Mumbai,Shirdi,Mumbai -> Shirdi,250,2,AC Seater,44,390.0,2025-08-20,Wednesday,2025-08-06,14,False,0.82,0.918,18,40.91
2947,Bangalore,Mysore,Bangalore -> Mysore,145,1,Non-AC Sleeper,34,230.0,2026-02-07,Saturday,2026-01-17,21,False,1.25,1.094,24,70.59
2948,Delhi,Agra,Delhi -> Agra,230,2,Non-AC Seater,55,230.0,2025-09-15,Monday,2025-08-16,30,False,0.85,0.952,36,65.45
2949,Bangalore,Goa,Bangalore -> Goa,560,3,Volvo AC Semi-Sleeper,38,1230.0,2025-12-17,Wednesday,2025-11-09,38,False,0.82,1.071,16,42.11
2950,Hyderabad,Vijayawada,Hyderabad -> Vijayawada,275,2,Volvo AC Semi-Sleeper,39,570.0,2025-11-25,Tuesday,2025-11-05,20,False,0.8,1.011,21,53.85
2951,Hyderabad,Vijayawada,Hyderabad -> Vijayawada,275,2,Non-AC Seater,54,260.0,2025-10-18,Saturday,2025-09-20,28,True,1.25,0.9,51,94.44
2952,Bangalore,Goa,Bangalore -> Goa,560,3,Non-AC Seater,55,570.0,2025-08-20,Wednesday,2025-07-10,41,False,0.82,0.969,20,36.36
2953,Delhi,Agra,Delhi -> Agra,230,2,Non-AC Sleeper,34,310.0,2025-08-03,Sunday,2025-06-30,34,False,1.1,0.93,24,70.59
2954,Kolkata,Digha,Kolkata -> Digha,185,3,Non-AC Sleeper,34,290.0,2025-08-13,Wednesday,2025-07-21,23,True,0.82,1.081,12,35.29
2955,Bangalore,Chennai,Bangalore -> Chennai,350,1,AC Sleeper,31,900.0,2026-04-15,Wednesday,2026-03-08,38,True,0.82,1.118,20,64.52
2956,Mumbai,Pune,Mumbai -> Pune,150,1,Volvo AC Semi-Sleeper,42,300.0,2026-06-20,Saturday,2026-05-11,40,False,1.25,0.976,39,92.86
2957,Chennai,Coimbatore,Chennai -> Coimbatore,500,2,Non-AC Sleeper,30,700.0,2026-02-05,Thursday,2026-01-13,23,False,0.95,0.966,20,66.67
2958,Ahmedabad,Mumbai,Ahmedabad -> Mumbai,525,2,Non-AC Sleeper,31,760.0,2025-10-26,Sunday,2025-09-25,31,False,1.1,0.998,21,67.74
2959,Ahmedabad,Surat,Ahmedabad -> Surat,265,1,AC Sleeper,29,640.0,2026-01-05,Monday,2025-11-28,38,False,0.85,1.05,19,65.52
2960,Chennai,Madurai,Chennai -> Madurai,460,2,AC Seater,43,810.0,2026-05-26,Tuesday,2026-04-20,36,False,0.8,1.036,29,67.44
2961,Bangalore,Mysore,Bangalore -> Mysore,145,1,Volvo AC Semi-Sleeper,40,280.0,2026-01-28,Wednesday,2025-12-21,38,True,0.82,0.942,37,92.5
2962,Delhi,Chandigarh,Delhi -> Chandigarh,250,2,Non-AC Sleeper,30,340.0,2026-05-26,Tuesday,2026-04-17,39,False,0.8,0.938,15,50.0
2963,Bangalore,Goa,Bangalore -> Goa,560,3,Non-AC Sleeper,30,890.0,2026-01-13,Tuesday,2025-12-10,34,True,0.8,1.096,14,46.67
2964,Pune,Kolhapur,Pune -> Kolhapur,230,2,Volvo AC Semi-Sleeper,38,430.0,2025-08-19,Tuesday,2025-07-29,21,False,0.8,0.912,19,50.0
2965,Bangalore,Hyderabad,Bangalore -> Hyderabad,570,2,AC Sleeper,34,1330.0,2026-04-16,Thursday,2026-03-22,25,True,0.95,1.014,28,82.35
2966,Bangalore,Chennai,Bangalore -> Chennai,350,1,Volvo AC Semi-Sleeper,40,630.0,2025-12-31,Wednesday,2025-11-26,35,True,0.82,0.878,40,100.0
2967,Chennai,Madurai,Chennai -> Madurai,460,2,AC Sleeper,33,1150.0,2025-08-08,Friday,2025-07-12,27,False,1.15,1.087,20,60.61
2968,Jaipur,Udaipur,Jaipur -> Udaipur,400,3,Non-AC Seater,50,440.0,2026-05-13,Wednesday,2026-04-10,33,False,0.82,1.048,18,36.0
2969,Delhi,Agra,Delhi -> Agra,230,2,Non-AC Seater,56,250.0,2025-10-04,Saturday,2025-08-24,41,True,1.25,1.035,56,100.0
2970,Kolkata,Digha,Kolkata -> Digha,185,3,Non-AC Sleeper,34,270.0,2026-03-13,Friday,2026-02-07,34,False,1.15,1.007,17,50.0
2971,Hyderabad,Bangalore,Hyderabad -> Bangalore,570,2,Non-AC Sleeper,31,810.0,2025-08-19,Tuesday,2025-07-17,33,False,0.8,0.98,19,61.29
2972,Surat,Mumbai,Surat -> Mumbai,285,2,AC Sleeper,33,730.0,2026-06-09,Tuesday,2026-05-22,18,False,0.8,1.114,11,33.33
2973,Delhi,Jaipur,Delhi -> Jaipur,280,1,Non-AC Sleeper,36,380.0,2026-02-11,Wednesday,2026-01-24,18,False,0.82,0.936,19,52.78
2974,Pune,Kolhapur,Pune -> Kolhapur,230,2,Non-AC Seater,55,250.0,2026-06-29,Monday,2026-05-26,34,False,0.85,1.035,24,43.64
2975,Chennai,Coimbatore,Chennai -> Coimbatore,500,2,AC Seater,44,750.0,2026-01-16,Friday,2025-12-28,19,True,1.15,0.882,33,75.0
2976,Mumbai,Shirdi,Mumbai -> Shirdi,250,2,AC Sleeper,31,550.0,2026-02-19,Thursday,2026-01-06,44,False,0.95,0.957,16,51.61
2977,Kochi,Bangalore,Kochi -> Bangalore,550,3,Non-AC Sleeper,34,720.0,2025-08-28,Thursday,2025-08-04,24,True,0.95,0.903,20,58.82
2978,Delhi,Dehradun,Delhi -> Dehradun,250,2,Volvo AC Semi-Sleeper,38,470.0,2025-08-17,Sunday,2025-07-21,27,True,1.1,0.917,35,92.11
2979,Hyderabad,Bangalore,Hyderabad -> Bangalore,570,2,AC Seater,45,970.0,2026-02-22,Sunday,2026-01-25,28,False,1.1,1.001,31,68.89
2980,Mumbai,Goa,Mumbai -> Goa,590,2,AC Sleeper,33,1330.0,2026-05-31,Sunday,2026-04-28,33,False,1.1,0.98,26,78.79
2981,Bangalore,Hyderabad,Bangalore -> Hyderabad,570,2,Non-AC Seater,55,560.0,2026-02-25,Wednesday,2026-02-06,19,False,0.82,0.936,31,56.36
2982,Chennai,Madurai,Chennai -> Madurai,460,2,AC Sleeper,30,1190.0,2025-10-13,Monday,2025-09-22,21,False,0.85,1.125,17,56.67
2983,Pune,Kolhapur,Pune -> Kolhapur,230,2,Volvo AC Semi-Sleeper,40,460.0,2026-06-02,Tuesday,2026-05-18,15,False,0.8,0.976,15,37.5
2984,Bangalore,Hyderabad,Bangalore -> Hyderabad,570,2,Non-AC Sleeper,32,910.0,2025-11-09,Sunday,2025-10-07,33,False,1.1,1.101,24,75.0
2985,Kolkata,Digha,Kolkata -> Digha,185,3,Non-AC Sleeper,34,290.0,2025-08-12,Tuesday,2025-06-30,43,False,0.8,1.081,14,41.18
2986,Mumbai,Goa,Mumbai -> Goa,590,2,AC Seater,40,950.0,2026-01-24,Saturday,2025-12-26,29,True,1.25,0.947,40,100.0
2987,Delhi,Agra,Delhi -> Agra,230,2,Volvo AC Semi-Sleeper,39,440.0,2026-04-21,Tuesday,2026-04-04,17,False,0.8,0.933,18,46.15
2988,Bangalore,Goa,Bangalore -> Goa,560,3,Non-AC Sleeper,35,820.0,2025-12-15,Monday,2025-11-26,19,False,0.85,1.01,12,34.29
2989,Surat,Mumbai,Surat -> Mumbai,285,2,AC Seater,44,540.0,2026-02-25,Wednesday,2026-01-20,36,False,0.82,1.115,19,43.18
2990,Delhi,Chandigarh,Delhi -> Chandigarh,250,2,Non-AC Seater,48,280.0,2026-04-06,Monday,2026-03-15,22,False,0.85,1.067,21,43.75
2991,Chennai,Madurai,Chennai -> Madurai,460,2,Volvo AC Semi-Sleeper,38,870.0,2025-12-06,Saturday,2025-11-12,24,False,1.25,0.923,30,78.95
2992,Chennai,Coimbatore,Chennai -> Coimbatore,500,2,AC Sleeper,29,1070.0,2025-12-01,Monday,2025-10-30,32,False,0.85,0.93,15,51.72
2993,Mumbai,Pune,Mumbai -> Pune,150,1,AC Sleeper,32,340.0,2026-05-06,Wednesday,2026-03-25,42,False,0.82,0.986,24,75.0
2994,Mumbai,Nashik,Mumbai -> Nashik,170,2,Non-AC Sleeper,33,240.0,2026-04-06,Monday,2026-03-17,20,False,0.85,0.974,16,48.48
2995,Surat,Mumbai,Surat -> Mumbai,285,2,Volvo AC Semi-Sleeper,38,520.0,2026-06-21,Sunday,2026-05-26,26,False,1.1,0.89,29,76.32
2996,Jaipur,Udaipur,Jaipur -> Udaipur,400,3,Volvo AC Semi-Sleeper,41,770.0,2026-05-20,Wednesday,2026-04-16,34,False,0.82,0.939,19,46.34
2997,Mumbai,Shirdi,Mumbai -> Shirdi,250,2,Non-AC Seater,50,300.0,2025-08-24,Sunday,2025-08-03,21,False,1.1,1.143,34,68.0
2998,Delhi,Jaipur,Delhi -> Jaipur,280,1,Volvo AC Semi-Sleeper,39,570.0,2025-11-04,Tuesday,2025-09-21,44,False,0.8,0.993,27,69.23
2999,Delhi,Chandigarh,Delhi -> Chandigarh,250,2,Non-AC Sleeper,35,390.0,2026-05-27,Wednesday,2026-05-03,24,False,0.82,1.076,17,48.57
3000,Bangalore,Coimbatore,Bangalore -> Coimbatore,365,2,AC Seater,44,640.0,2026-02-16,Monday,2026-01-09,38,False,0.85,1.031,30,68.18
3001,Pune,Nashik,Pune -> Nashik,210,3,AC Seater,44,330.0,2025-08-18,Monday,2025-07-10,39,False,0.85,0.924,22,50.0
3002,Delhi,Jaipur,Delhi -> Jaipur,280,1,Volvo AC Semi-Sleeper,41,610.0,2025-11-24,Monday,2025-10-23,32,False,0.85,1.063,30,73.17
3003,Surat,Mumbai,Surat -> Mumbai,285,2,Non-AC Seater,51,320.0,2025-08-06,Wednesday,2025-07-22,15,False,0.82,1.069,21,41.18
3004,Hyderabad,Vijayawada,Hyderabad -> Vijayawada,275,2,Non-AC Sleeper,35,370.0,2025-09-01,Monday,2025-08-05,27,False,0.85,0.928,23,65.71
3005,Chennai,Madurai,Chennai -> Madurai,460,2,Volvo AC Semi-Sleeper,40,840.0,2025-09-27,Saturday,2025-09-02,25,False,1.25,0.891,23,57.5
3006,Delhi,Chandigarh,Delhi -> Chandigarh,250,2,AC Seater,43,470.0,2025-11-04,Tuesday,2025-09-22,43,False,0.8,1.106,25,58.14
3007,Delhi,Jaipur,Delhi -> Jaipur,280,1,AC Sleeper,29,640.0,2025-08-07,Thursday,2025-07-15,23,False,0.95,0.994,21,72.41
3008,Surat,Mumbai,Surat -> Mumbai,285,2,AC Seater,42,540.0,2026-05-27,Wednesday,2026-04-23,34,False,0.82,1.115,20,47.62
3009,Mumbai,Goa,Mumbai -> Goa,590,2,Non-AC Seater,54,650.0,2026-01-17,Saturday,2025-12-04,44,False,1.25,1.049,50,92.59
3010,Mumbai,Nashik,Mumbai -> Nashik,170,2,Volvo AC Semi-Sleeper,39,370.0,2025-10-22,Wednesday,2025-10-03,19,True,0.82,1.062,23,58.97
3011,Kochi,Bangalore,Kochi -> Bangalore,550,3,AC Seater,41,1000.0,2026-03-18,Wednesday,2026-03-02,16,False,0.82,1.07,16,39.02
3012,Chennai,Madurai,Chennai -> Madurai,460,2,Non-AC Sleeper,36,730.0,2025-10-22,Wednesday,2025-09-23,29,True,0.82,1.094,20,55.56
3013,Ahmedabad,Mumbai,Ahmedabad -> Mumbai,525,2,Non-AC Seater,56,510.0,2026-04-15,Wednesday,2026-03-06,40,True,0.82,0.925,43,76.79
3014,Ahmedabad,Surat,Ahmedabad -> Surat,265,1,AC Seater,43,440.0,2025-09-20,Saturday,2025-08-20,31,False,1.25,0.977,34,79.07
3015,Hyderabad,Vijayawada,Hyderabad -> Vijayawada,275,2,Non-AC Sleeper,34,380.0,2026-06-04,Thursday,2026-05-15,20,False,0.95,0.953,22,64.71
3016,Kolkata,Digha,Kolkata -> Digha,185,3,Non-AC Seater,48,210.0,2026-02-10,Tuesday,2025-12-29,43,False,0.8,1.081,21,43.75
3017,Pune,Kolhapur,Pune -> Kolhapur,230,2,AC Seater,43,420.0,2025-08-25,Monday,2025-08-07,18,True,0.85,1.074,35,81.4
3018,Ahmedabad,Surat,Ahmedabad -> Surat,265,1,Non-AC Sleeper,32,390.0,2025-10-15,Wednesday,2025-09-06,39,False,0.82,1.015,22,68.75
3019,Delhi,Agra,Delhi -> Agra,230,2,Non-AC Seater,54,240.0,2026-02-26,Thursday,2026-01-17,40,False,0.95,0.994,35,64.81
3020,Pune,Nashik,Pune -> Nashik,210,3,AC Sleeper,33,460.0,2025-10-28,Tuesday,2025-09-15,43,False,0.8,0.952,12,36.36
3021,Chennai,Coimbatore,Chennai -> Coimbatore,500,2,Non-AC Sleeper,33,710.0,2026-01-19,Monday,2025-12-24,26,False,0.85,0.979,15,45.45
3022,Bangalore,Mysore,Bangalore -> Mysore,145,1,AC Sleeper,33,350.0,2025-12-16,Tuesday,2025-11-08,38,False,0.8,1.049,22,66.67
3023,Bangalore,Goa,Bangalore -> Goa,560,3,Non-AC Sleeper,30,740.0,2025-10-27,Monday,2025-10-06,21,False,0.85,0.911,11,36.67
3024,Jaipur,Udaipur,Jaipur -> Udaipur,400,3,Volvo AC Semi-Sleeper,40,820.0,2026-04-14,Tuesday,2026-03-16,29,True,0.8,1.0,19,47.5
3025,Pune,Nashik,Pune -> Nashik,210,3,Non-AC Sleeper,31,310.0,2026-03-16,Monday,2026-02-26,18,False,0.85,1.018,11,35.48
3026,Kochi,Bangalore,Kochi -> Bangalore,550,3,AC Sleeper,28,1290.0,2026-02-19,Thursday,2026-02-03,16,False,0.95,1.02,8,28.57
3027,Pune,Nashik,Pune -> Nashik,210,3,Volvo AC Semi-Sleeper,40,420.0,2026-02-22,Sunday,2026-01-27,26,False,1.1,0.976,17,42.5
3028,Ahmedabad,Mumbai,Ahmedabad -> Mumbai,525,2,Non-AC Seater,52,510.0,2025-11-10,Monday,2025-10-12,29,False,0.85,0.925,32,61.54
3029,Mumbai,Nashik,Mumbai -> Nashik,170,2,Non-AC Seater,50,190.0,2026-05-26,Tuesday,2026-04-29,27,False,0.8,1.064,25,50.0
3030,Jaipur,Udaipur,Jaipur -> Udaipur,400,3,AC Seater,45,730.0,2026-05-04,Monday,2026-04-07,27,False,0.85,1.074,14,31.11
3031,Delhi,Chandigarh,Delhi -> Chandigarh,250,2,Non-AC Seater,52,300.0,2025-12-03,Wednesday,2025-10-25,39,False,0.82,1.143,35,67.31
3032,Kolkata,Digha,Kolkata -> Digha,185,3,Volvo AC Semi-Sleeper,41,350.0,2026-04-29,Wednesday,2026-04-09,20,False,0.82,0.923,18,43.9
3033,Pune,Nashik,Pune -> Nashik,210,3,Volvo AC Semi-Sleeper,38,440.0,2025-09-17,Wednesday,2025-09-02,15,False,0.82,1.022,15,39.47
3034,Bangalore,Goa,Bangalore -> Goa,560,3,AC Seater,41,990.0,2026-01-05,Monday,2025-11-22,44,False,0.85,1.04,20,48.78
3035,Mumbai,Pune,Mumbai -> Pune,150,1,AC Sleeper,34,340.0,2026-01-09,Friday,2025-12-07,33,False,1.15,0.986,33,97.06
3036,Surat,Mumbai,Surat -> Mumbai,285,2,Non-AC Sleeper,34,410.0,2025-09-27,Saturday,2025-08-23,35,False,1.25,0.992,30,88.24
3037,Delhi,Agra,Delhi -> Agra,230,2,AC Seater,44,420.0,2025-08-22,Friday,2025-07-20,33,False,1.15,1.074,26,59.09
3038,Delhi,Jaipur,Delhi -> Jaipur,280,1,AC Sleeper,29,610.0,2026-04-19,Sunday,2026-03-05,45,False,1.1,0.947,29,100.0
3039,Bangalore,Chennai,Bangalore -> Chennai,350,1,AC Sleeper,28,720.0,2026-02-28,Saturday,2026-01-24,35,False,1.25,0.894,24,85.71
3040,Kochi,Bangalore,Kochi -> Bangalore,550,3,Non-AC Seater,56,590.0,2026-05-28,Thursday,2026-05-05,23,False,0.95,1.022,28,50.0
3041,Delhi,Dehradun,Delhi -> Dehradun,250,2,AC Sleeper,32,620.0,2026-05-05,Tuesday,2026-04-03,32,False,0.8,1.078,15,46.88
3042,Kochi,Bangalore,Kochi -> Bangalore,550,3,Non-AC Sleeper,34,770.0,2026-05-29,Friday,2026-04-30,29,False,1.15,0.966,21,61.76
3043,Chennai,Madurai,Chennai -> Madurai,460,2,Volvo AC Semi-Sleeper,39,880.0,2025-10-28,Tuesday,2025-09-28,30,False,0.8,0.933,22,56.41
3044,Delhi,Dehradun,Delhi -> Dehradun,250,2,AC Seater,42,460.0,2026-01-22,Thursday,2026-01-04,18,False,0.95,1.082,28,66.67
3045,Delhi,Jaipur,Delhi -> Jaipur,280,1,AC Seater,45,500.0,2025-10-29,Wednesday,2025-10-11,18,False,0.82,1.05,27,60.0
3046,Delhi,Dehradun,Delhi -> Dehradun,250,2,AC Sleeper,31,570.0,2026-02-19,Thursday,2026-02-01,18,False,0.95,0.991,17,54.84
3047,Bangalore,Coimbatore,Bangalore -> Coimbatore,365,2,AC Sleeper,31,900.0,2026-06-27,Saturday,2026-05-31,27,False,1.25,1.072,25,80.65
3048,Pune,Kolhapur,Pune -> Kolhapur,230,2,Volvo AC Semi-Sleeper,41,450.0,2026-05-21,Thursday,2026-05-07,14,False,0.95,0.954,26,63.41
3049,Mumbai,Goa,Mumbai -> Goa,590,2,Non-AC Seater,53,570.0,2025-09-04,Thursday,2025-07-31,35,False,0.95,0.92,34,64.15
3050,Jaipur,Udaipur,Jaipur -> Udaipur,400,3,Volvo AC Semi-Sleeper,39,870.0,2025-12-28,Sunday,2025-11-14,44,False,1.1,1.061,23,58.97
3051,Pune,Nashik,Pune -> Nashik,210,3,Non-AC Sleeper,30,320.0,2026-01-09,Friday,2025-12-07,33,False,1.15,1.051,19,63.33
3052,Mumbai,Goa,Mumbai -> Goa,590,2,Non-AC Sleeper,32,860.0,2025-12-31,Wednesday,2025-11-21,40,True,0.82,1.005,22,68.75
3053,Chennai,Madurai,Chennai -> Madurai,460,2,Volvo AC Semi-Sleeper,42,990.0,2026-05-10,Sunday,2026-04-09,31,False,1.1,1.05,38,90.48
3054,Hyderabad,Vijayawada,Hyderabad -> Vijayawada,275,2,AC Seater,44,510.0,2026-03-22,Sunday,2026-02-21,29,False,1.1,1.091,35,79.55
3055,Bangalore,Hyderabad,Bangalore -> Hyderabad,570,2,Volvo AC Semi-Sleeper,41,1170.0,2026-05-19,Tuesday,2026-05-04,15,False,0.8,1.001,20,48.78
3056,Mumbai,Nashik,Mumbai -> Nashik,170,2,AC Sleeper,29,420.0,2026-02-23,Monday,2026-02-06,17,False,0.85,1.074,11,37.93
3057,Chennai,Madurai,Chennai -> Madurai,460,2,Non-AC Sleeper,30,720.0,2026-02-18,Wednesday,2026-02-01,17,False,0.82,1.079,15,50.0
3058,Ahmedabad,Surat,Ahmedabad -> Surat,265,1,Non-AC Seater,54,270.0,2025-11-02,Sunday,2025-10-15,18,True,1.1,0.97,46,85.19
3059,Bangalore,Coimbatore,Bangalore -> Coimbatore,365,2,AC Sleeper,33,850.0,2025-09-30,Tuesday,2025-08-29,32,True,0.8,1.013,27,81.82
3060,Kochi,Bangalore,Kochi -> Bangalore,550,3,AC Sleeper,31,1310.0,2025-12-29,Monday,2025-11-24,35,False,0.85,1.036,10,32.26
3061,Pune,Nashik,Pune -> Nashik,210,3,Volvo AC Semi-Sleeper,42,430.0,2025-12-23,Tuesday,2025-11-13,40,True,0.8,0.999,20,47.62
3062,Pune,Nashik,Pune -> Nashik,210,3,AC Seater,43,340.0,2025-09-09,Tuesday,2025-08-10,30,False,0.8,0.952,18,41.86
3063,Delhi,Jaipur,Delhi -> Jaipur,280,1,AC Sleeper,28,650.0,2025-08-06,Wednesday,2025-07-23,14,False,0.82,1.009,17,60.71
3064,Pune,Nashik,Pune -> Nashik,210,3,Non-AC Sleeper,31,280.0,2026-05-23,Saturday,2026-05-04,19,False,1.25,0.92,17,54.84
3065,Chennai,Coimbatore,Chennai -> Coimbatore,500,2,Volvo AC Semi-Sleeper,41,1080.0,2026-06-29,Monday,2026-06-13,16,False,0.85,1.054,17,41.46
3066,Delhi,Jaipur,Delhi -> Jaipur,280,1,AC Seater,44,520.0,2026-01-08,Thursday,2025-12-09,30,False,0.95,1.092,34,77.27
3067,Hyderabad,Bangalore,Hyderabad -> Bangalore,570,2,Non-AC Seater,50,680.0,2026-03-25,Wednesday,2026-02-22,31,False,0.82,1.136,26,52.0
3068,Bangalore,Chennai,Bangalore -> Chennai,350,1,Non-AC Sleeper,33,490.0,2026-05-17,Sunday,2026-04-21,26,False,1.1,0.966,31,93.94
3069,Mumbai,Pune,Mumbai -> Pune,150,1,AC Sleeper,32,380.0,2025-12-05,Friday,2025-10-23,43,False,1.15,1.101,31,96.88
3070,Jaipur,Udaipur,Jaipur -> Udaipur,400,3,Non-AC Sleeper,30,620.0,2026-05-09,Saturday,2026-04-01,38,False,1.25,1.069,17,56.67
3071,Kochi,Bangalore,Kochi -> Bangalore,550,3,Non-AC Sleeper,30,850.0,2026-01-13,Tuesday,2025-12-06,38,True,0.8,1.066,17,56.67
3072,Bangalore,Mysore,Bangalore -> Mysore,145,1,AC Seater,40,240.0,2025-10-20,Monday,2025-09-28,22,True,0.85,0.974,34,85.0
3073,Kochi,Bangalore,Kochi -> Bangalore,550,3,AC Sleeper,31,1310.0,2025-09-29,Monday,2025-08-30,30,False,0.85,1.036,12,38.71
3074,Chennai,Coimbatore,Chennai -> Coimbatore,500,2,Non-AC Sleeper,35,720.0,2026-03-11,Wednesday,2026-01-27,43,False,0.82,0.993,22,62.86
3075,Bangalore,Coimbatore,Bangalore -> Coimbatore,365,2,Volvo AC Semi-Sleeper,41,780.0,2025-10-01,Wednesday,2025-09-05,26,True,0.82,1.042,31,75.61
3076,Pune,Kolhapur,Pune -> Kolhapur,230,2,Volvo AC Semi-Sleeper,42,490.0,2025-09-08,Monday,2025-08-16,23,False,0.85,1.039,24,57.14
3077,Hyderabad,Bangalore,Hyderabad -> Bangalore,570,2,AC Seater,43,1040.0,2025-12-22,Monday,2025-12-04,18,False,0.85,1.073,19,44.19
3078,Jaipur,Udaipur,Jaipur -> Udaipur,400,3,AC Seater,40,650.0,2025-10-01,Wednesday,2025-09-04,27,True,0.82,0.956,16,40.0
3079,Ahmedabad,Surat,Ahmedabad -> Surat,265,1,Non-AC Sleeper,35,370.0,2025-09-19,Friday,2025-08-12,38,False,1.15,0.963,31,88.57
3080,Surat,Mumbai,Surat -> Mumbai,285,2,Non-AC Seater,52,320.0,2025-10-08,Wednesday,2025-09-09,29,False,0.82,1.069,29,55.77
3081,Ahmedabad,Surat,Ahmedabad -> Surat,265,1,Non-AC Sleeper,35,370.0,2026-02-24,Tuesday,2026-01-10,45,False,0.8,0.963,23,65.71
3082,Bangalore,Chennai,Bangalore -> Chennai,350,1,Volvo AC Semi-Sleeper,42,780.0,2026-03-27,Friday,2026-02-18,37,False,1.15,1.087,35,83.33
3083,Mumbai,Nashik,Mumbai -> Nashik,170,2,Non-AC Seater,48,160.0,2025-08-11,Monday,2025-07-28,14,False,0.85,0.896,30,62.5
3084,Kolkata,Digha,Kolkata -> Digha,185,3,AC Seater,44,320.0,2026-06-05,Friday,2026-04-21,45,False,1.15,1.017,28,63.64
3085,Mumbai,Shirdi,Mumbai -> Shirdi,250,2,Non-AC Seater,51,240.0,2026-02-03,Tuesday,2026-01-14,20,False,0.8,0.914,24,47.06
3086,Bangalore,Hyderabad,Bangalore -> Hyderabad,570,2,AC Seater,45,1050.0,2025-08-19,Tuesday,2025-08-02,17,False,0.8,1.084,22,48.89
3087,Ahmedabad,Mumbai,Ahmedabad -> Mumbai,525,2,AC Seater,40,800.0,2026-02-14,Saturday,2026-01-19,26,False,1.25,0.896,28,70.0
3088,Hyderabad,Vijayawada,Hyderabad -> Vijayawada,275,2,Non-AC Sleeper,34,380.0,2025-11-23,Sunday,2025-10-31,23,False,1.1,0.953,24,70.59
3089,Hyderabad,Vijayawada,Hyderabad -> Vijayawada,275,2,AC Seater,43,460.0,2026-06-08,Monday,2026-05-12,27,False,0.85,0.984,23,53.49
3090,Hyderabad,Bangalore,Hyderabad -> Bangalore,570,2,AC Sleeper,30,1380.0,2026-03-09,Monday,2026-02-20,17,False,0.85,1.053,14,46.67
3091,Delhi,Jaipur,Delhi -> Jaipur,280,1,Non-AC Seater,53,310.0,2026-04-05,Sunday,2026-03-19,17,False,1.1,1.054,44,83.02
3092,Bangalore,Chennai,Bangalore -> Chennai,350,1,AC Sleeper,30,900.0,2026-06-25,Thursday,2026-06-08,17,False,0.95,1.118,17,56.67
3093,Pune,Nashik,Pune -> Nashik,210,3,Non-AC Seater,53,210.0,2025-12-22,Monday,2025-12-02,20,False,0.85,0.952,15,28.3
3094,Delhi,Chandigarh,Delhi -> Chandigarh,250,2,AC Sleeper,32,580.0,2026-06-06,Saturday,2026-05-04,33,False,1.25,1.009,22,68.75
3095,Kolkata,Digha,Kolkata -> Digha,185,3,Non-AC Sleeper,30,240.0,2026-04-11,Saturday,2026-03-24,18,False,1.25,0.895,19,63.33
3096,Bangalore,Hyderabad,Bangalore -> Hyderabad,570,2,Non-AC Seater,54,570.0,2025-08-29,Friday,2025-08-13,16,True,1.15,0.952,28,51.85
3097,Kolkata,Digha,Kolkata -> Digha,185,3,AC Seater,40,290.0,2026-03-25,Wednesday,2026-02-09,44,False,0.82,0.922,15,37.5
3098,Delhi,Dehradun,Delhi -> Dehradun,250,2,AC Seater,44,440.0,2025-09-12,Friday,2025-08-22,21,False,1.15,1.035,26,59.09
3099,Jaipur,Udaipur,Jaipur -> Udaipur,400,3,Volvo AC Semi-Sleeper,38,900.0,2025-10-11,Saturday,2025-09-06,35,False,1.25,1.098,22,57.89
3100,Delhi,Agra,Delhi -> Agra,230,2,AC Seater,40,420.0,2025-12-26,Friday,2025-11-26,30,True,1.15,1.074,32,80.0
3101,Pune,Kolhapur,Pune -> Kolhapur,230,2,Non-AC Sleeper,31,340.0,2025-12-19,Friday,2025-11-28,21,False,1.15,1.019,24,77.42
3102,Delhi,Dehradun,Delhi -> Dehradun,250,2,Non-AC Sleeper,36,350.0,2025-10-20,Monday,2025-09-16,34,True,0.85,0.966,30,83.33
3103,Mumbai,Goa,Mumbai -> Goa,590,2,AC Sleeper,33,1350.0,2026-03-13,Friday,2026-02-10,31,False,1.15,0.995,30,90.91
3104,Bangalore,Goa,Bangalore -> Goa,560,3,Non-AC Sleeper,35,780.0,2025-11-18,Tuesday,2025-10-29,20,False,0.8,0.961,12,34.29
3105,Bangalore,Mysore,Bangalore -> Mysore,145,1,Non-AC Sleeper,34,190.0,2025-10-29,Wednesday,2025-10-12,17,False,0.82,0.904,23,67.65
3106,Mumbai,Nashik,Mumbai -> Nashik,170,2,AC Seater,44,320.0,2026-01-29,Thursday,2026-01-01,28,False,0.95,1.107,26,59.09
3107,Surat,Mumbai,Surat -> Mumbai,285,2,Non-AC Seater,53,280.0,2026-04-30,Thursday,2026-03-28,33,False,0.95,0.936,34,64.15
3108,Kochi,Bangalore,Kochi -> Bangalore,550,3,AC Seater,43,880.0,2026-04-13,Monday,2026-03-15,29,True,0.85,0.941,21,48.84
3109,Pune,Nashik,Pune -> Nashik,210,3,AC Seater,40,320.0,2026-04-17,Friday,2026-03-27,21,False,1.15,0.896,22,55.0
3110,Ahmedabad,Surat,Ahmedabad -> Surat,265,1,Volvo AC Semi-Sleeper,41,590.0,2025-12-03,Wednesday,2025-10-22,42,False,0.82,1.086,22,53.66
3111,Surat,Mumbai,Surat -> Mumbai,285,2,AC Seater,40,520.0,2026-01-21,Wednesday,2026-01-03,18,False,0.82,1.073,15,37.5
3112,Bangalore,Goa,Bangalore -> Goa,560,3,AC Sleeper,28,1220.0,2025-08-08,Friday,2025-07-18,21,False,1.15,0.947,14,50.0
3113,Delhi,Dehradun,Delhi -> Dehradun,250,2,Volvo AC Semi-Sleeper,38,540.0,2026-01-02,Friday,2025-11-25,38,True,1.15,1.054,32,84.21
3114,Kochi,Bangalore,Kochi -> Bangalore,550,3,AC Seater,41,990.0,2025-12-27,Saturday,2025-12-13,14,True,1.25,1.059,25,60.98
3115,Kolkata,Digha,Kolkata -> Digha,185,3,Non-AC Seater,56,180.0,2025-09-23,Tuesday,2025-08-19,35,False,0.8,0.927,24,42.86
3116,Bangalore,Mysore,Bangalore -> Mysore,145,1,AC Seater,42,230.0,2025-10-13,Monday,2025-09-27,16,False,0.85,0.933,30,71.43
3117,Delhi,Dehradun,Delhi -> Dehradun,250,2,AC Sleeper,32,620.0,2025-08-08,Friday,2025-06-25,44,False,1.15,1.078,26,81.25
3118,Kolkata,Digha,Kolkata -> Digha,185,3,AC Seater,44,320.0,2025-11-19,Wednesday,2025-10-15,35,False,0.82,1.017,20,45.45
3119,Kolkata,Digha,Kolkata -> Digha,185,3,AC Sleeper,34,480.0,2026-06-07,Sunday,2026-04-28,40,False,1.1,1.128,20,58.82
3120,Bangalore,Mysore,Bangalore -> Mysore,145,1,AC Sleeper,32,360.0,2025-09-04,Thursday,2025-08-21,14,False,0.95,1.079,18,56.25
3121,Bangalore,Chennai,Bangalore -> Chennai,350,1,Non-AC Sleeper,35,530.0,2026-03-06,Friday,2026-02-06,28,True,1.15,1.044,35,100.0
3122,Bangalore,Goa,Bangalore -> Goa,560,3,AC Sleeper,30,1180.0,2025-12-06,Saturday,2025-11-05,31,False,1.25,0.916,21,70.0
3123,Delhi,Jaipur,Delhi -> Jaipur,280,1,Volvo AC Semi-Sleeper,39,550.0,2026-05-26,Tuesday,2026-05-08,18,False,0.8,0.958,18,46.15
3124,Bangalore,Chennai,Bangalore -> Chennai,350,1,AC Sleeper,33,850.0,2025-09-03,Wednesday,2025-08-04,30,False,0.82,1.056,21,63.64
3125,Ahmedabad,Surat,Ahmedabad -> Surat,265,1,AC Seater,45,480.0,2025-09-11,Thursday,2025-08-08,34,False,0.95,1.065,37,82.22
3126,Delhi,Jaipur,Delhi -> Jaipur,280,1,Volvo AC Semi-Sleeper,39,630.0,2025-09-04,Thursday,2025-07-31,35,False,0.95,1.098,28,71.79
3127,Bangalore,Chennai,Bangalore -> Chennai,350,1,Volvo AC Semi-Sleeper,42,710.0,2026-01-05,Monday,2025-12-09,27,False,0.85,0.99,31,73.81
3128,Kolkata,Digha,Kolkata -> Digha,185,3,AC Seater,45,350.0,2026-02-20,Friday,2026-01-11,40,False,1.15,1.113,23,51.11
3129,Chennai,Madurai,Chennai -> Madurai,460,2,Non-AC Sleeper,31,650.0,2025-10-10,Friday,2025-08-26,45,False,1.15,0.975,27,87.1
3130,Kolkata,Digha,Kolkata -> Digha,185,3,AC Sleeper,30,450.0,2025-08-01,Friday,2025-06-19,43,False,1.15,1.058,18,60.0
3131,Ahmedabad,Surat,Ahmedabad -> Surat,265,1,Volvo AC Semi-Sleeper,38,550.0,2026-06-12,Friday,2026-05-24,19,False,1.15,1.012,32,84.21
3132,Chennai,Madurai,Chennai -> Madurai,460,2,AC Seater,45,730.0,2026-06-12,Friday,2026-05-23,20,False,1.15,0.934,29,64.44
3133,Surat,Mumbai,Surat -> Mumbai,285,2,Volvo AC Semi-Sleeper,39,590.0,2026-03-18,Wednesday,2026-02-10,36,False,0.82,1.01,24,61.54
3134,Mumbai,Shirdi,Mumbai -> Shirdi,250,2,Non-AC Sleeper,33,400.0,2026-05-02,Saturday,2026-03-30,33,False,1.25,1.103,22,66.67
3135,Bangalore,Mysore,Bangalore -> Mysore,145,1,Non-AC Sleeper,30,230.0,2026-01-31,Saturday,2025-12-24,38,False,1.25,1.094,24,80.0
3136,Surat,Mumbai,Surat -> Mumbai,285,2,Volvo AC Semi-Sleeper,40,600.0,2025-12-22,Monday,2025-11-30,22,False,0.85,1.027,21,52.5
3137,Delhi,Agra,Delhi -> Agra,230,2,Non-AC Sleeper,36,340.0,2025-10-13,Monday,2025-08-31,43,False,0.85,1.019,21,58.33
3138,Hyderabad,Bangalore,Hyderabad -> Bangalore,570,2,Non-AC Seater,51,560.0,2025-11-22,Saturday,2025-11-04,18,False,1.25,0.936,34,66.67
3139,Delhi,Agra,Delhi -> Agra,230,2,Non-AC Seater,51,220.0,2026-03-25,Wednesday,2026-03-01,24,False,0.82,0.911,33,64.71
3140,Mumbai,Goa,Mumbai -> Goa,590,2,Non-AC Sleeper,36,810.0,2025-12-12,Friday,2025-10-31,42,False,1.15,0.947,30,83.33
3141,Hyderabad,Vijayawada,Hyderabad -> Vijayawada,275,2,AC Sleeper,33,640.0,2026-03-27,Friday,2026-02-24,31,False,1.15,1.012,26,78.79
3142,Pune,Nashik,Pune -> Nashik,210,3,Non-AC Sleeper,35,330.0,2026-02-05,Thursday,2026-01-11,25,False,0.95,1.084,14,40.0
3143,Mumbai,Goa,Mumbai -> Goa,590,2,AC Sleeper,28,1500.0,2026-01-28,Wednesday,2026-01-09,19,True,0.82,1.105,20,71.43
3144,Ahmedabad,Mumbai,Ahmedabad -> Mumbai,525,2,Non-AC Sleeper,30,820.0,2025-10-13,Monday,2025-08-30,44,False,0.85,1.077,15,50.0
3145,Jaipur,Udaipur,Jaipur -> Udaipur,400,3,AC Sleeper,30,990.0,2025-09-09,Tuesday,2025-08-08,32,False,0.8,1.076,12,40.0
3146,Delhi,Chandigarh,Delhi -> Chandigarh,250,2,AC Sleeper,30,630.0,2026-02-21,Saturday,2026-01-20,32,False,1.25,1.096,20,66.67
3147,Hyderabad,Bangalore,Hyderabad -> Bangalore,570,2,Volvo AC Semi-Sleeper,41,1110.0,2026-03-12,Thursday,2026-02-04,36,False,0.95,0.95,23,56.1
3148,Kochi,Bangalore,Kochi -> Bangalore,550,3,AC Seater,43,940.0,2026-06-19,Friday,2026-05-24,26,False,1.15,1.005,19,44.19
3149,Pune,Kolhapur,Pune -> Kolhapur,230,2,Non-AC Seater,55,240.0,2026-03-17,Tuesday,2026-02-18,27,False,0.8,0.994,27,49.09
3150,Kolkata,Digha,Kolkata -> Digha,185,3,AC Sleeper,34,460.0,2026-02-01,Sunday,2026-01-11,21,False,1.1,1.081,18,52.94
3151,Delhi,Chandigarh,Delhi -> Chandigarh,250,2,AC Sleeper,31,620.0,2025-08-07,Thursday,2025-07-13,25,False,0.95,1.078,25,80.65
3152,Chennai,Madurai,Chennai -> Madurai,460,2,Non-AC Seater,56,470.0,2025-12-21,Sunday,2025-11-29,22,False,1.1,0.973,39,69.64
3153,Delhi,Jaipur,Delhi -> Jaipur,280,1,Volvo AC Semi-Sleeper,42,620.0,2026-01-24,Saturday,2026-01-02,22,True,1.25,1.08,41,97.62
3154,Surat,Mumbai,Surat -> Mumbai,285,2,AC Seater,43,480.0,2025-09-24,Wednesday,2025-08-24,31,False,0.82,0.991,18,41.86
3155,Bangalore,Mysore,Bangalore -> Mysore,145,1,Volvo AC Semi-Sleeper,40,280.0,2026-06-18,Thursday,2026-06-03,15,False,0.95,0.942,29,72.5
3156,Delhi,Dehradun,Delhi -> Dehradun,250,2,Non-AC Seater,50,270.0,2026-02-03,Tuesday,2025-12-26,39,False,0.8,1.029,32,64.0
3157,Jaipur,Udaipur,Jaipur -> Udaipur,400,3,Volvo AC Semi-Sleeper,41,790.0,2025-12-28,Sunday,2025-11-22,36,False,1.1,0.963,27,65.85
3158,Bangalore,Chennai,Bangalore -> Chennai,350,1,AC Sleeper,28,780.0,2025-10-16,Thursday,2025-09-05,41,False,0.95,0.969,23,82.14
3159,Bangalore,Goa,Bangalore -> Goa,560,3,Non-AC Sleeper,32,850.0,2025-11-14,Friday,2025-10-26,19,False,1.15,1.047,16,50.0
3160,Pune,Kolhapur,Pune -> Kolhapur,230,2,Non-AC Seater,50,270.0,2026-01-08,Thursday,2025-12-23,16,False,0.95,1.118,26,52.0
3161,Mumbai,Nashik,Mumbai -> Nashik,170,2,Non-AC Sleeper,31,230.0,2026-02-09,Monday,2026-01-09,31,False,0.85,0.933,20,64.52
3162,Bangalore,Hyderabad,Bangalore -> Hyderabad,570,2,AC Seater,41,930.0,2025-11-18,Tuesday,2025-10-07,42,False,0.8,0.96,23,56.1
3163,Surat,Mumbai,Surat -> Mumbai,285,2,Non-AC Sleeper,32,400.0,2025-12-18,Thursday,2025-11-10,38,False,0.95,0.968,26,81.25
3164,Kochi,Bangalore,Kochi -> Bangalore,550,3,Non-AC Sleeper,30,860.0,2025-12-17,Wednesday,2025-11-23,24,False,0.82,1.078,14,46.67
3165,Delhi,Jaipur,Delhi -> Jaipur,280,1,Volvo AC Semi-Sleeper,40,520.0,2025-11-13,Thursday,2025-10-03,41,False,0.95,0.906,32,80.0
3166,Hyderabad,Vijayawada,Hyderabad -> Vijayawada,275,2,Non-AC Seater,50,310.0,2025-10-05,Sunday,2025-08-31,35,False,1.1,1.074,38,76.0
3167,Kochi,Bangalore,Kochi -> Bangalore,550,3,AC Sleeper,32,1330.0,2025-10-04,Saturday,2025-09-17,17,True,1.25,1.051,22,68.75
3168,Bangalore,Hyderabad,Bangalore -> Hyderabad,570,2,Volvo AC Semi-Sleeper,42,1230.0,2026-01-15,Thursday,2025-12-14,32,True,0.95,1.053,30,71.43
3169,Chennai,Madurai,Chennai -> Madurai,460,2,Volvo AC Semi-Sleeper,40,960.0,2026-02-13,Friday,2026-01-02,42,False,1.15,1.018,26,65.0
3170,Pune,Kolhapur,Pune -> Kolhapur,230,2,Volvo AC Semi-Sleeper,41,460.0,2026-01-07,Wednesday,2025-12-23,15,False,0.82,0.976,16,39.02
3171,Kolkata,Digha,Kolkata -> Digha,185,3,Volvo AC Semi-Sleeper,39,400.0,2025-08-18,Monday,2025-07-19,30,False,0.85,1.055,13,33.33
3172,Mumbai,Shirdi,Mumbai -> Shirdi,250,2,Volvo AC Semi-Sleeper,40,560.0,2026-01-30,Friday,2026-01-13,17,False,1.15,1.093,29,72.5
3173,Surat,Mumbai,Surat -> Mumbai,285,2,AC Sleeper,34,720.0,2026-02-21,Saturday,2026-02-01,20,False,1.25,1.098,22,64.71
3174,Pune,Nashik,Pune -> Nashik,210,3,Non-AC Seater,55,220.0,2026-04-20,Monday,2026-03-24,27,False,0.85,0.998,24,43.64
3175,Mumbai,Nashik,Mumbai -> Nashik,170,2,AC Seater,40,290.0,2025-12-07,Sunday,2025-11-02,35,False,1.1,1.003,34,85.0
3176,Mumbai,Goa,Mumbai -> Goa,590,2,AC Sleeper,30,1410.0,2025-09-14,Sunday,2025-08-16,29,False,1.1,1.039,20,66.67
3177,Bangalore,Mysore,Bangalore -> Mysore,145,1,Non-AC Seater,56,150.0,2025-11-29,Saturday,2025-10-16,44,False,1.25,0.985,56,100.0
3178,Delhi,Chandigarh,Delhi -> Chandigarh,250,2,AC Sleeper,34,580.0,2025-11-15,Saturday,2025-10-11,35,False,1.25,1.009,32,94.12
3179,Ahmedabad,Surat,Ahmedabad -> Surat,265,1,Non-AC Seater,49,260.0,2026-06-14,Sunday,2026-05-27,18,False,1.1,0.934,38,77.55
3180,Bangalore,Coimbatore,Bangalore -> Coimbatore,365,2,Non-AC Seater,50,340.0,2026-06-19,Friday,2026-05-11,39,False,1.15,0.887,50,100.0
3181,Kolkata,Digha,Kolkata -> Digha,185,3,AC Seater,41,290.0,2025-11-03,Monday,2025-10-13,21,True,0.85,0.922,18,43.9
3182,Kochi,Bangalore,Kochi -> Bangalore,550,3,AC Seater,44,1030.0,2026-03-20,Friday,2026-02-07,41,False,1.15,1.102,23,52.27
3183,Chennai,Madurai,Chennai -> Madurai,460,2,Volvo AC Semi-Sleeper,39,870.0,2026-01-07,Wednesday,2025-11-30,38,False,0.82,0.923,23,58.97
3184,Bangalore,Coimbatore,Bangalore -> Coimbatore,365,2,Non-AC Seater,50,410.0,2025-08-31,Sunday,2025-08-17,14,False,1.1,1.07,33,66.0
3185,Delhi,Dehradun,Delhi -> Dehradun,250,2,Non-AC Seater,51,230.0,2026-03-16,Monday,2026-02-07,37,False,0.85,0.876,35,68.63
3186,Mumbai,Nashik,Mumbai -> Nashik,170,2,AC Seater,40,300.0,2026-03-05,Thursday,2026-02-15,18,True,0.95,1.038,30,75.0
3187,Bangalore,Coimbatore,Bangalore -> Coimbatore,365,2,Non-AC Seater,51,410.0,2025-10-16,Thursday,2025-09-06,40,False,0.95,1.07,31,60.78
3188,Pune,Kolhapur,Pune -> Kolhapur,230,2,Non-AC Seater,48,270.0,2025-10-10,Friday,2025-08-29,42,False,1.15,1.118,34,70.83
3189,Hyderabad,Vijayawada,Hyderabad -> Vijayawada,275,2,Non-AC Seater,50,260.0,2025-10-28,Tuesday,2025-10-09,19,False,0.8,0.9,26,52.0
3190,Delhi,Agra,Delhi -> Agra,230,2,AC Seater,41,430.0,2026-02-01,Sunday,2025-12-23,40,False,1.1,1.1,30,73.17
3191,Ahmedabad,Surat,Ahmedabad -> Surat,265,1,Non-AC Sleeper,35,410.0,2025-08-03,Sunday,2025-07-16,18,False,1.1,1.067,32,91.43
3192,Delhi,Dehradun,Delhi -> Dehradun,250,2,Non-AC Sleeper,35,330.0,2025-11-21,Friday,2025-10-16,36,False,1.15,0.91,25,71.43
3193,Kolkata,Digha,Kolkata -> Digha,185,3,Volvo AC Semi-Sleeper,42,390.0,2026-06-15,Monday,2026-05-22,24,False,0.85,1.028,11,26.19
3194,Chennai,Madurai,Chennai -> Madurai,460,2,AC Sleeper,30,1110.0,2025-10-09,Thursday,2025-08-27,43,False,0.95,1.049,18,60.0
3195,Ahmedabad,Surat,Ahmedabad -> Surat,265,1,Non-AC Sleeper,31,350.0,2025-10-15,Wednesday,2025-09-16,29,False,0.82,0.911,27,87.1
3196,Delhi,Jaipur,Delhi -> Jaipur,280,1,AC Seater,45,430.0,2025-11-15,Saturday,2025-10-20,26,False,1.25,0.903,45,100.0
3197,Pune,Kolhapur,Pune -> Kolhapur,230,2,Volvo AC Semi-Sleeper,39,440.0,2026-01-15,Thursday,2025-12-14,32,True,0.95,0.933,33,84.62
3198,Bangalore,Coimbatore,Bangalore -> Coimbatore,365,2,Non-AC Seater,51,340.0,2026-04-17,Friday,2026-03-13,35,False,1.15,0.887,39,76.47
3199,Bangalore,Hyderabad,Bangalore -> Hyderabad,570,2,Non-AC Sleeper,32,850.0,2026-03-04,Wednesday,2026-02-17,15,True,0.82,1.028,23,71.88
3200,Mumbai,Pune,Mumbai -> Pune,150,1,AC Seater,41,230.0,2025-10-21,Tuesday,2025-10-04,17,True,0.8,0.902,29,70.73
3201,Surat,Mumbai,Surat -> Mumbai,285,2,AC Sleeper,29,680.0,2025-09-10,Wednesday,2025-07-30,42,False,0.82,1.037,19,65.52
3202,Pune,Nashik,Pune -> Nashik,210,3,AC Seater,40,330.0,2025-08-02,Saturday,2025-07-03,30,False,1.25,0.924,15,37.5
3203,Kochi,Bangalore,Kochi -> Bangalore,550,3,AC Sleeper,33,1140.0,2026-04-28,Tuesday,2026-04-06,22,False,0.8,0.901,11,33.33
3204,Delhi,Jaipur,Delhi -> Jaipur,280,1,Volvo AC Semi-Sleeper,41,550.0,2025-11-30,Sunday,2025-11-14,16,False,1.1,0.958,30,73.17
3205,Bangalore,Hyderabad,Bangalore -> Hyderabad,570,2,Non-AC Seater,56,660.0,2025-08-31,Sunday,2025-07-18,44,False,1.1,1.103,43,76.79
3206,Bangalore,Goa,Bangalore -> Goa,560,3,Non-AC Sleeper,33,860.0,2026-01-22,Thursday,2025-12-28,25,False,0.95,1.059,12,36.36
3207,Bangalore,Goa,Bangalore -> Goa,560,3,AC Sleeper,33,1280.0,2025-08-26,Tuesday,2025-08-08,18,True,0.8,0.994,17,51.52
3208,Mumbai,Goa,Mumbai -> Goa,590,2,AC Seater,41,950.0,2026-05-05,Tuesday,2026-03-30,36,False,0.8,0.947,25,60.98
3209,Pune,Kolhapur,Pune -> Kolhapur,230,2,AC Sleeper,31,470.0,2026-04-06,Monday,2026-03-13,24,False,0.85,0.888,13,41.94
3210,Kochi,Bangalore,Kochi -> Bangalore,550,3,Non-AC Sleeper,30,850.0,2026-01-29,Thursday,2025-12-23,37,False,0.95,1.066,14,46.67
3211,Pune,Nashik,Pune -> Nashik,210,3,Non-AC Sleeper,36,320.0,2025-12-25,Thursday,2025-11-18,37,True,0.95,1.051,19,52.78
3212,Delhi,Dehradun,Delhi -> Dehradun,250,2,AC Sleeper,28,620.0,2026-05-12,Tuesday,2026-04-26,16,False,0.8,1.078,13,46.43
3213,Hyderabad,Bangalore,Hyderabad -> Bangalore,570,2,Non-AC Sleeper,32,880.0,2026-03-03,Tuesday,2026-02-13,18,True,0.8,1.065,17,53.12
3214,Chennai,Coimbatore,Chennai -> Coimbatore,500,2,Volvo AC Semi-Sleeper,39,1020.0,2026-01-21,Wednesday,2025-12-30,22,False,0.82,0.995,21,53.85
3215,Surat,Mumbai,Surat -> Mumbai,285,2,Non-AC Sleeper,34,440.0,2026-01-02,Friday,2025-12-09,24,True,1.15,1.065,33,97.06
3216,Bangalore,Chennai,Bangalore -> Chennai,350,1,AC Sleeper,29,800.0,2026-04-24,Friday,2026-04-09,15,False,1.15,0.994,23,79.31
3217,Jaipur,Udaipur,Jaipur -> Udaipur,400,3,AC Seater,45,680.0,2025-11-26,Wednesday,2025-11-11,15,False,0.82,1.0,13,28.89
3218,Bangalore,Chennai,Bangalore -> Chennai,350,1,AC Sleeper,31,880.0,2026-01-03,Saturday,2025-12-03,31,True,1.25,1.093,29,93.55
3219,Mumbai,Nashik,Mumbai -> Nashik,170,2,AC Seater,44,260.0,2025-08-21,Thursday,2025-07-11,41,False,0.95,0.9,28,63.64
3220,Hyderabad,Bangalore,Hyderabad -> Bangalore,570,2,AC Sleeper,32,1160.0,2025-12-11,Thursday,2025-11-22,19,False,0.95,0.885,26,81.25
3221,Bangalore,Coimbatore,Bangalore -> Coimbatore,365,2,AC Seater,44,690.0,2025-11-15,Saturday,2025-10-31,15,False,1.25,1.112,23,52.27
3222,Pune,Kolhapur,Pune -> Kolhapur,230,2,AC Seater,40,380.0,2026-04-18,Saturday,2026-03-31,18,False,1.25,0.972,38,95.0
3223,Hyderabad,Vijayawada,Hyderabad -> Vijayawada,275,2,Non-AC Seater,50,270.0,2025-12-14,Sunday,2025-11-06,38,False,1.1,0.935,34,68.0
3224,Mumbai,Goa,Mumbai -> Goa,590,2,AC Seater,43,1000.0,2026-03-14,Saturday,2026-02-26,16,False,1.25,0.997,35,81.4
3225,Delhi,Agra,Delhi -> Agra,230,2,Volvo AC Semi-Sleeper,41,520.0,2025-11-03,Monday,2025-09-25,39,True,0.85,1.103,27,65.85
3226,Kolkata,Digha,Kolkata -> Digha,185,3,Volvo AC Semi-Sleeper,40,350.0,2025-11-06,Thursday,2025-09-27,40,False,0.95,0.923,24,60.0
3227,Bangalore,Chennai,Bangalore -> Chennai,350,1,AC Seater,45,600.0,2025-09-24,Wednesday,2025-08-10,45,False,0.82,1.008,34,75.56
3228,Chennai,Madurai,Chennai -> Madurai,460,2,Non-AC Sleeper,35,700.0,2026-03-21,Saturday,2026-02-07,42,False,1.25,1.049,31,88.57
3229,Kochi,Bangalore,Kochi -> Bangalore,550,3,AC Sleeper,30,1270.0,2026-03-02,Monday,2026-02-02,28,True,0.85,1.004,14,46.67
3230,Kochi,Bangalore,Kochi -> Bangalore,550,3,Non-AC Sleeper,36,860.0,2025-09-26,Friday,2025-08-19,38,False,1.15,1.078,22,61.11
3231,Bangalore,Chennai,Bangalore -> Chennai,350,1,Non-AC Sleeper,33,550.0,2025-10-26,Sunday,2025-09-24,32,False,1.1,1.084,30,90.91
3232,Mumbai,Pune,Mumbai -> Pune,150,1,Non-AC Seater,50,150.0,2025-08-16,Saturday,2025-07-15,32,True,1.25,0.952,50,100.0
3233,Kolkata,Digha,Kolkata -> Digha,185,3,Non-AC Sleeper,33,250.0,2025-09-28,Sunday,2025-08-16,43,False,1.1,0.932,19,57.58
3234,Pune,Kolhapur,Pune -> Kolhapur,230,2,Non-AC Seater,51,210.0,2025-10-02,Thursday,2025-08-27,36,True,0.95,0.87,46,90.2
3235,Ahmedabad,Mumbai,Ahmedabad -> Mumbai,525,2,AC Seater,43,860.0,2025-11-26,Wednesday,2025-10-15,42,False,0.82,0.964,22,51.16
3236,Chennai,Madurai,Chennai -> Madurai,460,2,Non-AC Sleeper,36,620.0,2025-10-02,Thursday,2025-09-08,24,True,0.95,0.93,24,66.67
3237,Mumbai,Goa,Mumbai -> Goa,590,2,AC Sleeper,31,1470.0,2025-08-15,Friday,2025-07-03,43,True,1.15,1.083,27,87.1
3238,Kochi,Bangalore,Kochi -> Bangalore,550,3,Volvo AC Semi-Sleeper,41,1250.0,2026-02-28,Saturday,2026-02-01,27,False,1.25,1.109,21,51.22
3239,Kochi,Bangalore,Kochi -> Bangalore,550,3,Non-AC Sleeper,31,720.0,2025-09-05,Friday,2025-08-19,17,False,1.15,0.903,19,61.29
3240,Bangalore,Chennai,Bangalore -> Chennai,350,1,Non-AC Sleeper,33,510.0,2026-06-28,Sunday,2026-06-08,20,False,1.1,1.005,28,84.85
3241,Chennai,Coimbatore,Chennai -> Coimbatore,500,2,AC Sleeper,29,1100.0,2025-09-30,Tuesday,2025-09-08,22,True,0.8,0.957,19,65.52
3242,Pune,Nashik,Pune -> Nashik,210,3,AC Seater,44,360.0,2025-08-23,Saturday,2025-07-17,37,False,1.25,1.008,28,63.64
3243,Mumbai,Shirdi,Mumbai -> Shirdi,250,2,Non-AC Seater,53,300.0,2025-12-20,Saturday,2025-12-04,16,False,1.25,1.143,29,54.72
3244,Mumbai,Nashik,Mumbai -> Nashik,170,2,Non-AC Sleeper,32,220.0,2025-12-18,Thursday,2025-11-30,18,False,0.95,0.892,20,62.5
3245,Mumbai,Nashik,Mumbai -> Nashik,170,2,Non-AC Sleeper,35,250.0,2025-09-22,Monday,2025-08-24,29,False,0.85,1.014,20,57.14
3246,Kolkata,Digha,Kolkata -> Digha,185,3,AC Seater,41,290.0,2026-05-18,Monday,2026-04-08,40,False,0.85,0.922,15,36.59
3247,Kochi,Bangalore,Kochi -> Bangalore,550,3,Non-AC Sleeper,34,770.0,2026-05-21,Thursday,2026-04-22,29,False,0.95,0.966,17,50.0
3248,Delhi,Jaipur,Delhi -> Jaipur,280,1,AC Sleeper,34,590.0,2025-10-03,Friday,2025-08-25,39,True,1.15,0.916,31,91.18
3249,Chennai,Coimbatore,Chennai -> Coimbatore,500,2,AC Sleeper,31,1050.0,2026-04-28,Tuesday,2026-03-22,37,False,0.8,0.913,19,61.29
3250,Bangalore,Mysore,Bangalore -> Mysore,145,1,Volvo AC Semi-Sleeper,38,330.0,2026-05-08,Friday,2026-04-22,16,False,1.15,1.11,23,60.53
3251,Ahmedabad,Mumbai,Ahmedabad -> Mumbai,525,2,Non-AC Seater,49,520.0,2026-05-27,Wednesday,2026-05-09,18,False,0.82,0.943,22,44.9
3252,Hyderabad,Bangalore,Hyderabad -> Bangalore,570,2,Non-AC Seater,50,620.0,2026-01-13,Tuesday,2025-12-24,20,True,0.8,1.036,32,64.0
3253,Chennai,Coimbatore,Chennai -> Coimbatore,500,2,Non-AC Sleeper,32,700.0,2026-01-25,Sunday,2025-12-17,39,True,1.1,0.966,32,100.0
3254,Bangalore,Chennai,Bangalore -> Chennai,350,1,AC Seater,40,620.0,2026-03-14,Saturday,2026-02-23,19,False,1.25,1.042,39,97.5
3255,Chennai,Coimbatore,Chennai -> Coimbatore,500,2,AC Seater,44,840.0,2025-11-21,Friday,2025-10-14,38,False,1.15,0.988,43,97.73
3256,Delhi,Agra,Delhi -> Agra,230,2,Volvo AC Semi-Sleeper,40,510.0,2026-01-22,Thursday,2025-12-18,35,False,0.95,1.082,21,52.5
3257,Surat,Mumbai,Surat -> Mumbai,285,2,Volvo AC Semi-Sleeper,39,530.0,2026-03-27,Friday,2026-03-02,25,False,1.15,0.907,34,87.18
3258,Kochi,Bangalore,Kochi -> Bangalore,550,3,Volvo AC Semi-Sleeper,41,1150.0,2026-04-10,Friday,2026-03-22,19,False,1.15,1.02,21,51.22
3259,Bangalore,Hyderabad,Bangalore -> Hyderabad,570,2,Non-AC Seater,56,580.0,2026-02-21,Saturday,2026-01-26,26,False,1.25,0.969,48,85.71
3260,Delhi,Chandigarh,Delhi -> Chandigarh,250,2,Non-AC Sleeper,32,360.0,2025-08-26,Tuesday,2025-08-06,20,True,0.8,0.993,24,75.0
3261,Mumbai,Nashik,Mumbai -> Nashik,170,2,Non-AC Seater,49,190.0,2025-08-26,Tuesday,2025-08-07,19,True,0.8,1.064,26,53.06
3262,Hyderabad,Vijayawada,Hyderabad -> Vijayawada,275,2,Non-AC Seater,56,310.0,2026-03-02,Monday,2026-01-23,38,True,0.85,1.074,49,87.5
3263,Delhi,Jaipur,Delhi -> Jaipur,280,1,Non-AC Sleeper,35,440.0,2026-04-29,Wednesday,2026-03-15,45,False,0.82,1.084,26,74.29
3264,Delhi,Dehradun,Delhi -> Dehradun,250,2,Volvo AC Semi-Sleeper,38,530.0,2026-06-05,Friday,2026-05-19,17,False,1.15,1.034,28,73.68
3265,Ahmedabad,Mumbai,Ahmedabad -> Mumbai,525,2,Non-AC Seater,51,600.0,2026-03-19,Thursday,2026-02-04,43,False,0.95,1.088,34,66.67
3266,Mumbai,Shirdi,Mumbai -> Shirdi,250,2,AC Seater,40,460.0,2026-02-17,Tuesday,2026-01-30,18,False,0.8,1.082,15,37.5
3267,Pune,Nashik,Pune -> Nashik,210,3,Non-AC Seater,52,240.0,2026-03-29,Sunday,2026-03-07,22,False,1.1,1.088,23,44.23
3268,Chennai,Madurai,Chennai -> Madurai,460,2,AC Sleeper,31,1010.0,2025-12-22,Monday,2025-12-01,21,False,0.85,0.955,13,41.94
3269,Bangalore,Hyderabad,Bangalore -> Hyderabad,570,2,AC Sleeper,34,1250.0,2026-05-10,Sunday,2026-04-25,15,False,1.1,0.953,21,61.76
3270,Bangalore,Chennai,Bangalore -> Chennai,350,1,Non-AC Sleeper,31,460.0,2025-12-16,Tuesday,2025-11-24,22,False,0.8,0.906,18,58.06
3271,Chennai,Madurai,Chennai -> Madurai,460,2,Non-AC Seater,51,450.0,2026-04-20,Monday,2026-03-24,27,False,0.85,0.932,34,66.67
3272,Delhi,Agra,Delhi -> Agra,230,2,Non-AC Sleeper,33,360.0,2026-02-27,Friday,2026-01-14,44,False,1.15,1.079,25,75.76
3273,Jaipur,Udaipur,Jaipur -> Udaipur,400,3,AC Seater,41,720.0,2025-08-30,Saturday,2025-08-05,25,False,1.25,1.059,22,53.66
3274,Mumbai,Pune,Mumbai -> Pune,150,1,Volvo AC Semi-Sleeper,39,270.0,2025-08-21,Thursday,2025-07-10,42,False,0.95,0.878,37,94.87
3275,Delhi,Chandigarh,Delhi -> Chandigarh,250,2,Non-AC Seater,48,260.0,2026-01-12,Monday,2025-12-02,41,True,0.85,0.99,47,97.92
3276,Delhi,Chandigarh,Delhi -> Chandigarh,250,2,AC Sleeper,30,630.0,2025-08-17,Sunday,2025-07-11,37,True,1.1,1.096,30,100.0
3277,Ahmedabad,Surat,Ahmedabad -> Surat,265,1,Non-AC Sleeper,35,410.0,2025-11-28,Friday,2025-11-05,23,False,1.15,1.067,33,94.29
3278,Delhi,Dehradun,Delhi -> Dehradun,250,2,AC Seater,42,410.0,2026-04-26,Sunday,2026-04-11,15,False,1.1,0.965,28,66.67
3279,Mumbai,Pune,Mumbai -> Pune,150,1,Non-AC Seater,50,140.0,2025-08-18,Monday,2025-07-11,38,False,0.85,0.889,41,82.0
3280,Mumbai,Shirdi,Mumbai -> Shirdi,250,2,Volvo AC Semi-Sleeper,42,550.0,2026-04-16,Thursday,2026-03-06,41,True,0.95,1.073,34,80.95
3281,Hyderabad,Vijayawada,Hyderabad -> Vijayawada,275,2,AC Sleeper,31,570.0,2026-02-24,Tuesday,2026-01-12,43,False,0.8,0.901,19,61.29
3282,Delhi,Agra,Delhi -> Agra,230,2,AC Sleeper,29,530.0,2025-08-26,Tuesday,2025-07-13,44,True,0.8,1.002,16,55.17
3283,Kochi,Bangalore,Kochi -> Bangalore,550,3,Volvo AC Semi-Sleeper,40,1190.0,2025-10-17,Friday,2025-09-05,42,False,1.15,1.055,21,52.5
3284,Mumbai,Goa,Mumbai -> Goa,590,2,AC Sleeper,28,1190.0,2026-06-21,Sunday,2026-06-02,19,False,1.1,0.877,25,89.29
3285,Bangalore,Mysore,Bangalore -> Mysore,145,1,AC Sleeper,33,290.0,2025-11-29,Saturday,2025-10-31,29,False,1.25,0.87,30,90.91
3286,Kochi,Bangalore,Kochi -> Bangalore,550,3,AC Seater,43,910.0,2026-04-13,Monday,2026-03-14,30,True,0.85,0.973,22,51.16
3287,Delhi,Agra,Delhi -> Agra,230,2,Non-AC Sleeper,36,340.0,2026-01-04,Sunday,2025-11-26,39,False,1.1,1.019,30,83.33
3288,Surat,Mumbai,Surat -> Mumbai,285,2,AC Seater,41,480.0,2026-01-11,Sunday,2025-12-28,14,False,1.1,0.991,28,68.29
3289,Surat,Mumbai,Surat -> Mumbai,285,2,Volvo AC Semi-Sleeper,41,550.0,2025-11-10,Monday,2025-10-18,23,False,0.85,0.941,25,60.98
3290,Kochi,Bangalore,Kochi -> Bangalore,550,3,Volvo AC Semi-Sleeper,40,1020.0,2026-06-18,Thursday,2026-05-27,22,False,0.95,0.905,22,55.0
3291,Delhi,Agra,Delhi -> Agra,230,2,AC Seater,42,380.0,2026-06-25,Thursday,2026-05-29,27,False,0.95,0.972,26,61.9
3292,Pune,Kolhapur,Pune -> Kolhapur,230,2,Non-AC Sleeper,33,330.0,2026-03-03,Tuesday,2026-02-16,15,True,0.8,0.99,20,60.61
3293,Kochi,Bangalore,Kochi -> Bangalore,550,3,Volvo AC Semi-Sleeper,41,1240.0,2025-08-06,Wednesday,2025-07-23,14,False,0.82,1.1,14,34.15
3294,Jaipur,Udaipur,Jaipur -> Udaipur,400,3,Volvo AC Semi-Sleeper,38,860.0,2026-05-31,Sunday,2026-04-23,38,False,1.1,1.049,23,60.53
3295,Hyderabad,Vijayawada,Hyderabad -> Vijayawada,275,2,AC Sleeper,31,560.0,2026-02-09,Monday,2026-01-20,20,False,0.85,0.885,20,64.52
3296,Mumbai,Nashik,Mumbai -> Nashik,170,2,AC Sleeper,33,350.0,2025-10-28,Tuesday,2025-10-07,21,False,0.8,0.895,19,57.58
3297,Chennai,Madurai,Chennai -> Madurai,460,2,Non-AC Sleeper,32,710.0,2025-09-24,Wednesday,2025-08-21,34,False,0.82,1.064,17,53.12
3298,Ahmedabad,Mumbai,Ahmedabad -> Mumbai,525,2,Volvo AC Semi-Sleeper,42,960.0,2025-11-20,Thursday,2025-10-24,27,False,0.95,0.892,22,52.38
3299,Delhi,Agra,Delhi -> Agra,230,2,Volvo AC Semi-Sleeper,41,490.0,2025-11-29,Saturday,2025-10-21,39,False,1.25,1.039,30,73.17
3300,Hyderabad,Bangalore,Hyderabad -> Bangalore,570,2,AC Sleeper,30,1230.0,2025-10-25,Saturday,2025-09-21,34,False,1.25,0.938,27,90.0
3301,Bangalore,Goa,Bangalore -> Goa,560,3,Non-AC Seater,48,600.0,2026-05-14,Thursday,2026-04-02,42,False,0.95,1.02,24,50.0
3302,Mumbai,Goa,Mumbai -> Goa,590,2,Volvo AC Semi-Sleeper,41,1190.0,2026-03-24,Tuesday,2026-03-04,20,False,0.8,0.984,22,53.66
3303,Bangalore,Hyderabad,Bangalore -> Hyderabad,570,2,Volvo AC Semi-Sleeper,39,1200.0,2026-03-28,Saturday,2026-03-05,23,False,1.25,1.027,19,48.72
3304,Ahmedabad,Surat,Ahmedabad -> Surat,265,1,Volvo AC Semi-Sleeper,40,540.0,2025-12-22,Monday,2025-12-02,20,False,0.85,0.994,27,67.5
3305,Bangalore,Mysore,Bangalore -> Mysore,145,1,Non-AC Seater,54,150.0,2025-12-22,Monday,2025-11-16,36,False,0.85,0.985,33,61.11
3306,Delhi,Dehradun,Delhi -> Dehradun,250,2,Non-AC Seater,51,270.0,2025-10-13,Monday,2025-09-03,40,False,0.85,1.029,29,56.86
3307,Pune,Nashik,Pune -> Nashik,210,3,Volvo AC Semi-Sleeper,41,470.0,2025-11-16,Sunday,2025-10-17,30,False,1.1,1.092,19,46.34
3308,Ahmedabad,Mumbai,Ahmedabad -> Mumbai,525,2,Volvo AC Semi-Sleeper,38,1030.0,2026-05-30,Saturday,2026-05-09,21,False,1.25,0.957,31,81.58
3309,Mumbai,Pune,Mumbai -> Pune,150,1,AC Sleeper,31,340.0,2026-02-01,Sunday,2025-12-19,44,False,1.1,0.986,31,100.0
3310,Jaipur,Udaipur,Jaipur -> Udaipur,400,3,Volvo AC Semi-Sleeper,39,800.0,2026-06-08,Monday,2026-04-28,41,False,0.85,0.976,18,46.15
3311,Pune,Nashik,Pune -> Nashik,210,3,Volvo AC Semi-Sleeper,41,400.0,2026-04-16,Thursday,2026-03-02,45,True,0.95,0.929,34,82.93
3312,Mumbai,Goa,Mumbai -> Goa,590,2,Volvo AC Semi-Sleeper,39,1190.0,2025-10-18,Saturday,2025-09-27,21,True,1.25,0.984,35,89.74
3313,Bangalore,Hyderabad,Bangalore -> Hyderabad,570,2,Volvo AC Semi-Sleeper,41,1140.0,2026-03-12,Thursday,2026-01-29,42,False,0.95,0.976,28,68.29
3314,Bangalore,Chennai,Bangalore -> Chennai,350,1,Volvo AC Semi-Sleeper,39,710.0,2026-04-07,Tuesday,2026-03-02,36,False,0.8,0.99,21,53.85
3315,Jaipur,Udaipur,Jaipur -> Udaipur,400,3,Non-AC Seater,49,380.0,2026-05-10,Sunday,2026-03-29,42,False,1.1,0.905,35,71.43
3316,Bangalore,Chennai,Bangalore -> Chennai,350,1,Volvo AC Semi-Sleeper,42,660.0,2026-04-20,Monday,2026-04-03,17,False,0.85,0.92,26,61.9
3317,Bangalore,Coimbatore,Bangalore -> Coimbatore,365,2,AC Sleeper,28,750.0,2025-12-09,Tuesday,2025-11-14,25,False,0.8,0.893,15,53.57
3318,Mumbai,Pune,Mumbai -> Pune,150,1,AC Sleeper,28,350.0,2025-10-11,Saturday,2025-09-20,21,False,1.25,1.014,24,85.71
3319,Ahmedabad,Mumbai,Ahmedabad -> Mumbai,525,2,AC Sleeper,28,1100.0,2026-05-13,Wednesday,2026-03-31,43,False,0.82,0.911,17,60.71
3320,Bangalore,Coimbatore,Bangalore -> Coimbatore,365,2,AC Seater,40,590.0,2026-02-14,Saturday,2026-01-24,21,False,1.25,0.951,32,80.0
3321,Surat,Mumbai,Surat -> Mumbai,285,2,AC Sleeper,31,650.0,2025-11-24,Monday,2025-10-11,44,False,0.85,0.992,17,54.84
3322,Delhi,Chandigarh,Delhi -> Chandigarh,250,2,Non-AC Seater,55,250.0,2025-12-24,Wednesday,2025-12-04,20,True,0.82,0.952,26,47.27
3323,Kolkata,Digha,Kolkata -> Digha,185,3,Volvo AC Semi-Sleeper,38,400.0,2025-11-15,Saturday,2025-10-13,33,False,1.25,1.055,21,55.26
3324,Delhi,Chandigarh,Delhi -> Chandigarh,250,2,Non-AC Seater,52,240.0,2026-04-15,Wednesday,2026-03-28,18,True,0.82,0.914,33,63.46
3325,Mumbai,Pune,Mumbai -> Pune,150,1,Non-AC Sleeper,35,230.0,2026-01-18,Sunday,2025-12-23,26,False,1.1,1.057,34,97.14
3326,Delhi,Agra,Delhi -> Agra,230,2,AC Seater,45,430.0,2025-12-04,Thursday,2025-10-28,37,False,0.95,1.1,28,62.22
3327,Chennai,Madurai,Chennai -> Madurai,460,2,Non-AC Seater,48,500.0,2025-12-13,Saturday,2025-11-25,18,False,1.25,1.035,28,58.33
3328,Hyderabad,Bangalore,Hyderabad -> Bangalore,570,2,AC Seater,41,990.0,2025-12-12,Friday,2025-11-17,25,False,1.15,1.022,35,85.37
3329,Bangalore,Coimbatore,Bangalore -> Coimbatore,365,2,AC Seater,42,610.0,2026-05-05,Tuesday,2026-03-29,37,False,0.8,0.983,27,64.29
3330,Hyderabad,Vijayawada,Hyderabad -> Vijayawada,275,2,Volvo AC Semi-Sleeper,40,570.0,2026-04-15,Wednesday,2026-03-26,20,True,0.82,1.011,25,62.5
3331,Pune,Kolhapur,Pune -> Kolhapur,230,2,Non-AC Sleeper,36,340.0,2025-11-20,Thursday,2025-10-16,35,False,0.95,1.019,27,75.0
3332,Mumbai,Shirdi,Mumbai -> Shirdi,250,2,AC Seater,45,450.0,2025-08-09,Saturday,2025-07-13,27,False,1.25,1.059,39,86.67
3333,Mumbai,Nashik,Mumbai -> Nashik,170,2,AC Seater,45,300.0,2025-12-08,Monday,2025-10-31,38,False,0.85,1.038,28,62.22
3334,Delhi,Chandigarh,Delhi -> Chandigarh,250,2,Volvo AC Semi-Sleeper,41,560.0,2025-11-16,Sunday,2025-10-19,28,False,1.1,1.093,26,63.41
3335,Hyderabad,Bangalore,Hyderabad -> Bangalore,570,2,AC Sleeper,31,1360.0,2025-12-26,Friday,2025-12-09,17,True,1.15,1.037,24,77.42
3336,Chennai,Coimbatore,Chennai -> Coimbatore,500,2,Non-AC Sleeper,35,650.0,2026-01-16,Friday,2025-12-27,20,True,1.15,0.897,27,77.14
3337,Bangalore,Goa,Bangalore -> Goa,560,3,AC Seater,40,950.0,2026-06-11,Thursday,2026-05-02,40,False,0.95,0.998,21,52.5
3338,Bangalore,Goa,Bangalore -> Goa,560,3,Volvo AC Semi-Sleeper,40,1130.0,2025-08-05,Tuesday,2025-06-25,41,False,0.8,0.984,14,35.0
3339,Ahmedabad,Surat,Ahmedabad -> Surat,265,1,Volvo AC Semi-Sleeper,38,590.0,2026-05-09,Saturday,2026-03-26,44,False,1.25,1.086,31,81.58
3340,Pune,Nashik,Pune -> Nashik,210,3,AC Seater,41,370.0,2025-12-16,Tuesday,2025-11-12,34,False,0.8,1.036,17,41.46
3341,Delhi,Chandigarh,Delhi -> Chandigarh,250,2,AC Seater,40,390.0,2026-04-06,Monday,2026-03-04,33,False,0.85,0.918,18,45.0
3342,Bangalore,Chennai,Bangalore -> Chennai,350,1,Non-AC Seater,50,400.0,2026-06-26,Friday,2026-05-20,37,False,1.15,1.088,48,96.0
3343,Surat,Mumbai,Surat -> Mumbai,285,2,Non-AC Sleeper,32,440.0,2026-04-30,Thursday,2026-03-16,45,False,0.95,1.065,20,62.5
3344,Bangalore,Goa,Bangalore -> Goa,560,3,AC Sleeper,33,1190.0,2026-06-17,Wednesday,2026-05-18,30,False,0.82,0.924,12,36.36
3345,Mumbai,Nashik,Mumbai -> Nashik,170,2,Non-AC Seater,54,180.0,2025-12-21,Sunday,2025-11-18,33,False,1.1,1.008,34,62.96
3346,Mumbai,Nashik,Mumbai -> Nashik,170,2,AC Seater,42,300.0,2025-08-29,Friday,2025-07-27,33,True,1.15,1.038,40,95.24
3347,Surat,Mumbai,Surat -> Mumbai,285,2,Non-AC Seater,56,290.0,2025-09-01,Monday,2025-07-26,37,False,0.85,0.969,30,53.57
3348,Ahmedabad,Surat,Ahmedabad -> Surat,265,1,Volvo AC Semi-Sleeper,42,520.0,2026-01-02,Friday,2025-11-26,37,True,1.15,0.957,42,100.0
3349,Pune,Nashik,Pune -> Nashik,210,3,Non-AC Sleeper,33,280.0,2026-06-24,Wednesday,2026-06-10,14,False,0.82,0.92,12,36.36
3350,Hyderabad,Vijayawada,Hyderabad -> Vijayawada,275,2,Non-AC Sleeper,34,380.0,2025-12-17,Wednesday,2025-12-02,15,False,0.82,0.953,19,55.88
3351,Delhi,Dehradun,Delhi -> Dehradun,250,2,Non-AC Seater,54,280.0,2025-12-30,Tuesday,2025-12-01,29,True,0.8,1.067,28,51.85
3352,Delhi,Agra,Delhi -> Agra,230,2,Non-AC Seater,49,270.0,2026-05-01,Friday,2026-04-05,26,False,1.15,1.118,39,79.59
3353,Bangalore,Hyderabad,Bangalore -> Hyderabad,570,2,Volvo AC Semi-Sleeper,40,1260.0,2025-09-09,Tuesday,2025-07-29,42,False,0.8,1.078,20,50.0
3354,Surat,Mumbai,Surat -> Mumbai,285,2,Non-AC Seater,55,330.0,2026-05-21,Thursday,2026-04-26,25,False,0.95,1.103,28,50.91
3355,Pune,Nashik,Pune -> Nashik,210,3,AC Sleeper,28,470.0,2026-02-09,Monday,2025-12-31,40,False,0.85,0.973,12,42.86
3356,Kochi,Bangalore,Kochi -> Bangalore,550,3,Non-AC Sleeper,32,780.0,2025-10-06,Monday,2025-08-25,42,False,0.85,0.978,15,46.88
3357,Kochi,Bangalore,Kochi -> Bangalore,550,3,AC Seater,40,890.0,2025-09-20,Saturday,2025-08-18,33,False,1.25,0.952,23,57.5
3358,Delhi,Dehradun,Delhi -> Dehradun,250,2,Non-AC Seater,55,230.0,2026-03-30,Monday,2026-02-25,33,False,0.85,0.876,39,70.91
3359,Kochi,Bangalore,Kochi -> Bangalore,550,3,Non-AC Sleeper,32,830.0,2026-03-11,Wednesday,2026-02-14,25,False,0.82,1.041,12,37.5
3360,Kolkata,Digha,Kolkata -> Digha,185,3,AC Seater,42,300.0,2025-10-10,Friday,2025-09-08,32,False,1.15,0.954,28,66.67
3361,Delhi,Dehradun,Delhi -> Dehradun,250,2,Non-AC Sleeper,36,330.0,2026-01-05,Monday,2025-11-24,42,False,0.85,0.91,26,72.22
3362,Mumbai,Shirdi,Mumbai -> Shirdi,250,2,Non-AC Seater,56,230.0,2025-12-26,Friday,2025-11-24,32,True,1.15,0.876,46,82.14
3363,Mumbai,Pune,Mumbai -> Pune,150,1,AC Sleeper,32,320.0,2025-08-04,Monday,2025-06-28,37,False,0.85,0.928,22,68.75
3364,Bangalore,Goa,Bangalore -> Goa,560,3,AC Seater,43,920.0,2026-05-20,Wednesday,2026-04-16,34,False,0.82,0.966,14,32.56
3365,Chennai,Madurai,Chennai -> Madurai,460,2,AC Seater,43,690.0,2025-08-09,Saturday,2025-07-04,36,False,1.25,0.882,39,90.7
3366,Bangalore,Coimbatore,Bangalore -> Coimbatore,365,2,AC Sleeper,30,940.0,2026-04-13,Monday,2026-03-29,15,True,0.85,1.12,18,60.0
3367,Mumbai,Pune,Mumbai -> Pune,150,1,Non-AC Sleeper,36,230.0,2026-02-09,Monday,2026-01-13,27,False,0.85,1.057,26,72.22
3368,Delhi,Jaipur,Delhi -> Jaipur,280,1,AC Seater,40,490.0,2026-02-28,Saturday,2026-02-04,24,False,1.25,1.029,33,82.5
3369,Mumbai,Goa,Mumbai -> Goa,590,2,AC Sleeper,29,1430.0,2025-10-02,Thursday,2025-08-18,45,True,0.95,1.054,23,79.31
3370,Delhi,Jaipur,Delhi -> Jaipur,280,1,Volvo AC Semi-Sleeper,41,530.0,2025-08-19,Tuesday,2025-07-15,35,False,0.8,0.923,27,65.85
3371,Kochi,Bangalore,Kochi -> Bangalore,550,3,AC Sleeper,30,1210.0,2026-01-10,Saturday,2025-12-06,35,False,1.25,0.957,19,63.33
3372,Pune,Nashik,Pune -> Nashik,210,3,Non-AC Sleeper,32,320.0,2026-05-22,Friday,2026-04-25,27,False,1.15,1.051,19,59.38
3373,Ahmedabad,Mumbai,Ahmedabad -> Mumbai,525,2,AC Sleeper,34,1260.0,2026-04-04,Saturday,2026-03-11,24,False,1.25,1.043,23,67.65
3374,Delhi,Chandigarh,Delhi -> Chandigarh,250,2,AC Sleeper,32,580.0,2026-03-25,Wednesday,2026-03-05,20,False,0.82,1.009,18,56.25
3375,Jaipur,Udaipur,Jaipur -> Udaipur,400,3,Volvo AC Semi-Sleeper,40,810.0,2026-06-18,Thursday,2026-05-07,42,False,0.95,0.988,20,50.0
3376,Kolkata,Digha,Kolkata -> Digha,185,3,Non-AC Seater,56,190.0,2026-06-09,Tuesday,2026-05-03,37,False,0.8,0.978,24,42.86
3377,Bangalore,Chennai,Bangalore -> Chennai,350,1,AC Sleeper,29,710.0,2025-10-19,Sunday,2025-09-05,44,True,1.1,0.882,29,100.0
3378,Chennai,Coimbatore,Chennai -> Coimbatore,500,2,Non-AC Seater,55,500.0,2025-10-20,Monday,2025-09-11,39,True,0.85,0.952,41,74.55
3379,Bangalore,Goa,Bangalore -> Goa,560,3,AC Sleeper,28,1220.0,2026-03-20,Friday,2026-02-06,42,False,1.15,0.947,19,67.86
3380,Chennai,Coimbatore,Chennai -> Coimbatore,500,2,AC Sleeper,29,1070.0,2026-02-25,Wednesday,2026-02-09,16,False,0.82,0.93,20,68.97
3381,Mumbai,Nashik,Mumbai -> Nashik,170,2,Non-AC Seater,56,180.0,2025-10-10,Friday,2025-09-24,16,False,1.15,1.008,54,96.43
3382,Chennai,Coimbatore,Chennai -> Coimbatore,500,2,Non-AC Sleeper,31,780.0,2026-05-22,Friday,2026-04-22,30,False,1.15,1.076,22,70.97
3383,Surat,Mumbai,Surat -> Mumbai,285,2,Volvo AC Semi-Sleeper,38,520.0,2026-02-28,Saturday,2026-01-26,33,False,1.25,0.89,38,100.0
3384,Surat,Mumbai,Surat -> Mumbai,285,2,AC Seater,45,500.0,2026-02-26,Thursday,2026-01-26,31,False,0.95,1.032,32,71.11
3385,Bangalore,Mysore,Bangalore -> Mysore,145,1,Non-AC Sleeper,33,220.0,2026-01-08,Thursday,2025-12-14,25,False,0.95,1.046,23,69.7
3386,Chennai,Madurai,Chennai -> Madurai,460,2,AC Seater,41,700.0,2026-05-12,Tuesday,2026-04-24,18,False,0.8,0.895,19,46.34
3387,Bangalore,Coimbatore,Bangalore -> Coimbatore,365,2,AC Seater,41,680.0,2025-12-01,Monday,2025-11-11,20,False,0.85,1.096,23,56.1
3388,Pune,Kolhapur,Pune -> Kolhapur,230,2,Non-AC Sleeper,32,310.0,2025-12-13,Saturday,2025-11-12,31,False,1.25,0.93,25,78.12
3389,Bangalore,Goa,Bangalore -> Goa,560,3,AC Sleeper,33,1440.0,2026-01-25,Sunday,2025-12-11,45,True,1.1,1.118,27,81.82
3390,Kochi,Bangalore,Kochi -> Bangalore,550,3,Non-AC Seater,55,630.0,2026-04-07,Tuesday,2026-03-13,25,False,0.8,1.091,20,36.36
3391,Delhi,Dehradun,Delhi -> Dehradun,250,2,Non-AC Sleeper,35,380.0,2025-11-26,Wednesday,2025-10-17,40,False,0.82,1.048,19,54.29
3392,Pune,Nashik,Pune -> Nashik,210,3,Volvo AC Semi-Sleeper,39,380.0,2025-10-14,Tuesday,2025-09-11,33,False,0.8,0.883,15,38.46
3393,Hyderabad,Vijayawada,Hyderabad -> Vijayawada,275,2,AC Sleeper,30,630.0,2025-08-02,Saturday,2025-07-03,30,False,1.25,0.996,24,80.0
3394,Bangalore,Goa,Bangalore -> Goa,560,3,Volvo AC Semi-Sleeper,41,1020.0,2025-09-30,Tuesday,2025-09-15,15,True,0.8,0.889,21,51.22
3395,Delhi,Agra,Delhi -> Agra,230,2,AC Sleeper,31,570.0,2026-02-14,Saturday,2026-01-18,27,False,1.25,1.078,30,96.77
3396,Hyderabad,Bangalore,Hyderabad -> Bangalore,570,2,Non-AC Sleeper,36,790.0,2026-05-23,Saturday,2026-04-27,26,False,1.25,0.956,34,94.44
3397,Delhi,Dehradun,Delhi -> Dehradun,250,2,Volvo AC Semi-Sleeper,42,550.0,2025-09-05,Friday,2025-08-19,17,False,1.15,1.073,25,59.52
3398,Mumbai,Pune,Mumbai -> Pune,150,1,AC Seater,42,230.0,2025-11-21,Friday,2025-10-19,33,False,1.15,0.902,37,88.1
3399,Hyderabad,Vijayawada,Hyderabad -> Vijayawada,275,2,AC Sleeper,34,580.0,2025-08-12,Tuesday,2025-07-18,25,False,0.8,0.917,14,41.18
3400,Bangalore,Coimbatore,Bangalore -> Coimbatore,365,2,AC Sleeper,29,810.0,2026-04-29,Wednesday,2026-03-16,44,False,0.82,0.965,18,62.07
3401,Chennai,Madurai,Chennai -> Madurai,460,2,Non-AC Seater,54,480.0,2025-12-19,Friday,2025-11-26,23,False,1.15,0.994,42,77.78
3402,Bangalore,Hyderabad,Bangalore -> Hyderabad,570,2,Volvo AC Semi-Sleeper,39,1230.0,2025-10-13,Monday,2025-09-10,33,False,0.85,1.053,20,51.28
3403,Surat,Mumbai,Surat -> Mumbai,285,2,Volvo AC Semi-Sleeper,38,600.0,2025-12-13,Saturday,2025-11-19,24,False,1.25,1.027,36,94.74
3404,Surat,Mumbai,Surat -> Mumbai,285,2,Non-AC Seater,55,340.0,2025-10-06,Monday,2025-09-14,22,False,0.85,1.136,24,43.64
3405,Bangalore,Coimbatore,Bangalore -> Coimbatore,365,2,Volvo AC Semi-Sleeper,41,800.0,2026-04-29,Wednesday,2026-03-26,34,False,0.82,1.069,25,60.98
3406,Delhi,Chandigarh,Delhi -> Chandigarh,250,2,Volvo AC Semi-Sleeper,42,510.0,2026-03-06,Friday,2026-01-28,37,True,1.15,0.995,39,92.86
3407,Kochi,Bangalore,Kochi -> Bangalore,550,3,AC Sleeper,34,1350.0,2026-04-01,Wednesday,2026-02-18,42,False,0.82,1.067,16,47.06
3408,Pune,Nashik,Pune -> Nashik,210,3,Volvo AC Semi-Sleeper,39,420.0,2025-12-31,Wednesday,2025-11-24,37,True,0.82,0.976,24,61.54
3409,Hyderabad,Vijayawada,Hyderabad -> Vijayawada,275,2,AC Sleeper,28,680.0,2026-05-05,Tuesday,2026-04-12,23,False,0.8,1.075,11,39.29
3410,Hyderabad,Bangalore,Hyderabad -> Bangalore,570,2,Non-AC Sleeper,30,850.0,2026-05-06,Wednesday,2026-03-25,42,False,0.82,1.028,22,73.33
3411,Bangalore,Goa,Bangalore -> Goa,560,3,AC Sleeper,29,1460.0,2026-05-26,Tuesday,2026-04-27,29,False,0.8,1.134,11,37.93
3412,Bangalore,Coimbatore,Bangalore -> Coimbatore,365,2,AC Sleeper,33,850.0,2026-03-03,Tuesday,2026-02-03,28,True,0.8,1.013,24,72.73
3413,Bangalore,Goa,Bangalore -> Goa,560,3,AC Seater,42,880.0,2025-10-21,Tuesday,2025-09-25,26,True,0.8,0.924,21,50.0
3414,Delhi,Jaipur,Delhi -> Jaipur,280,1,AC Seater,40,470.0,2026-02-11,Wednesday,2026-01-12,30,False,0.82,0.987,32,80.0
3415,Chennai,Madurai,Chennai -> Madurai,460,2,Non-AC Sleeper,35,660.0,2026-05-12,Tuesday,2026-04-18,24,False,0.8,0.99,20,57.14
3416,Mumbai,Goa,Mumbai -> Goa,590,2,Non-AC Sleeper,36,920.0,2026-04-09,Thursday,2026-03-05,35,False,0.95,1.075,26,72.22
3417,Hyderabad,Bangalore,Hyderabad -> Bangalore,570,2,AC Sleeper,28,1400.0,2025-09-12,Friday,2025-08-16,27,False,1.15,1.068,22,78.57
3418,Pune,Kolhapur,Pune -> Kolhapur,230,2,Non-AC Seater,52,220.0,2025-08-08,Friday,2025-07-01,38,False,1.15,0.911,44,84.62
3419,Jaipur,Udaipur,Jaipur -> Udaipur,400,3,AC Seater,42,620.0,2025-10-24,Friday,2025-09-10,44,False,1.15,0.912,31,73.81
3420,Delhi,Dehradun,Delhi -> Dehradun,250,2,Volvo AC Semi-Sleeper,39,510.0,2025-10-05,Sunday,2025-09-11,24,False,1.1,0.995,27,69.23
3421,Ahmedabad,Mumbai,Ahmedabad -> Mumbai,525,2,AC Sleeper,33,1350.0,2025-10-15,Wednesday,2025-09-30,15,False,0.82,1.118,11,33.33
3422,Bangalore,Coimbatore,Bangalore -> Coimbatore,365,2,Non-AC Seater,48,350.0,2025-09-29,Monday,2025-09-13,16,False,0.85,0.913,28,58.33
3423,Kochi,Bangalore,Kochi -> Bangalore,550,3,Non-AC Sleeper,35,860.0,2025-10-23,Thursday,2025-09-18,35,True,0.95,1.078,17,48.57
3424,Chennai,Madurai,Chennai -> Madurai,460,2,AC Seater,41,770.0,2025-08-16,Saturday,2025-07-27,20,True,1.25,0.985,37,90.24
3425,Bangalore,Mysore,Bangalore -> Mysore,145,1,Non-AC Seater,52,140.0,2025-11-09,Sunday,2025-10-10,30,False,1.1,0.92,45,86.54
3426,Pune,Nashik,Pune -> Nashik,210,3,AC Sleeper,34,500.0,2026-04-26,Sunday,2026-03-14,43,False,1.1,1.035,20,58.82
3427,Delhi,Agra,Delhi -> Agra,230,2,AC Seater,43,380.0,2026-05-13,Wednesday,2026-04-24,19,False,0.82,0.972,14,32.56
3428,Mumbai,Shirdi,Mumbai -> Shirdi,250,2,AC Seater,44,380.0,2026-06-02,Tuesday,2026-05-07,26,False,0.8,0.894,21,47.73
3429,Bangalore,Goa,Bangalore -> Goa,560,3,Volvo AC Semi-Sleeper,39,1150.0,2026-02-22,Sunday,2026-01-20,33,False,1.1,1.002,18,46.15
3430,Bangalore,Coimbatore,Bangalore -> Coimbatore,365,2,Volvo AC Semi-Sleeper,38,840.0,2026-01-09,Friday,2025-12-21,19,False,1.15,1.123,24,63.16
3431,Bangalore,Mysore,Bangalore -> Mysore,145,1,AC Seater,43,270.0,2025-10-18,Saturday,2025-10-02,16,True,1.25,1.095,34,79.07
3432,Jaipur,Udaipur,Jaipur -> Udaipur,400,3,Non-AC Seater,52,470.0,2025-10-23,Thursday,2025-10-08,15,True,0.95,1.119,26,50.0
3433,Delhi,Dehradun,Delhi -> Dehradun,250,2,Volvo AC Semi-Sleeper,40,500.0,2025-08-21,Thursday,2025-07-24,28,False,0.95,0.976,23,57.5
3434,Mumbai,Nashik,Mumbai -> Nashik,170,2,AC Seater,45,320.0,2026-01-20,Tuesday,2025-12-19,32,False,0.8,1.107,16,35.56
3435,Kolkata,Digha,Kolkata -> Digha,185,3,AC Seater,45,310.0,2025-11-01,Saturday,2025-09-29,33,True,1.25,0.986,28,62.22
3436,Bangalore,Coimbatore,Bangalore -> Coimbatore,365,2,AC Sleeper,28,870.0,2026-01-26,Monday,2025-12-24,33,True,0.85,1.036,21,75.0
3437,Delhi,Dehradun,Delhi -> Dehradun,250,2,Volvo AC Semi-Sleeper,39,490.0,2026-01-06,Tuesday,2025-11-22,45,False,0.8,0.956,24,61.54
3438,Chennai,Madurai,Chennai -> Madurai,460,2,Non-AC Sleeper,31,680.0,2025-12-21,Sunday,2025-11-13,38,False,1.1,1.019,24,77.42
3439,Mumbai,Shirdi,Mumbai -> Shirdi,250,2,Non-AC Seater,51,290.0,2025-11-15,Saturday,2025-10-17,29,False,1.25,1.105,44,86.27
3440,Chennai,Madurai,Chennai -> Madurai,460,2,AC Seater,43,820.0,2026-06-19,Friday,2026-05-18,32,False,1.15,1.049,35,81.4
3441,Bangalore,Coimbatore,Bangalore -> Coimbatore,365,2,Non-AC Seater,54,430.0,2026-04-25,Saturday,2026-04-01,24,False,1.25,1.122,33,61.11
3442,Mumbai,Nashik,Mumbai -> Nashik,170,2,AC Sleeper,28,410.0,2025-12-23,Tuesday,2025-11-20,33,True,0.8,1.049,16,57.14
3443,Delhi,Dehradun,Delhi -> Dehradun,250,2,AC Seater,43,450.0,2026-01-27,Tuesday,2026-01-01,26,True,0.8,1.059,28,65.12
3444,Chennai,Madurai,Chennai -> Madurai,460,2,Non-AC Sleeper,30,610.0,2025-10-05,Sunday,2025-09-07,28,False,1.1,0.915,25,83.33
3445,Kolkata,Digha,Kolkata -> Digha,185,3,Volvo AC Semi-Sleeper,41,370.0,2026-02-02,Monday,2025-12-26,38,False,0.85,0.976,15,36.59
3446,Surat,Mumbai,Surat -> Mumbai,285,2,Volvo AC Semi-Sleeper,39,590.0,2025-08-19,Tuesday,2025-08-02,17,False,0.8,1.01,27,69.23
3447,Mumbai,Nashik,Mumbai -> Nashik,170,2,AC Sleeper,29,420.0,2026-03-22,Sunday,2026-03-05,17,False,1.1,1.074,15,51.72
3448,Bangalore,Coimbatore,Bangalore -> Coimbatore,365,2,AC Seater,42,570.0,2026-03-11,Wednesday,2026-01-26,44,False,0.82,0.919,24,57.14
3449,Mumbai,Nashik,Mumbai -> Nashik,170,2,Non-AC Seater,56,190.0,2026-03-05,Thursday,2026-01-28,36,True,0.95,1.064,49,87.5
3450,Mumbai,Shirdi,Mumbai -> Shirdi,250,2,Non-AC Sleeper,32,330.0,2025-08-07,Thursday,2025-07-07,31,False,0.95,0.91,23,71.88
3451,Kochi,Bangalore,Kochi -> Bangalore,550,3,Volvo AC Semi-Sleeper,40,1260.0,2025-12-22,Monday,2025-12-03,19,False,0.85,1.118,12,30.0
3452,Mumbai,Shirdi,Mumbai -> Shirdi,250,2,Non-AC Sleeper,32,390.0,2025-10-29,Wednesday,2025-09-17,42,False,0.82,1.076,17,53.12
3453,Pune,Kolhapur,Pune -> Kolhapur,230,2,AC Seater,40,430.0,2026-03-14,Saturday,2026-02-23,19,False,1.25,1.1,24,60.0
3454,Jaipur,Udaipur,Jaipur -> Udaipur,400,3,Non-AC Seater,53,380.0,2025-09-06,Saturday,2025-08-21,16,False,1.25,0.905,27,50.94
3455,Delhi,Agra,Delhi -> Agra,230,2,AC Sleeper,28,490.0,2026-01-14,Wednesday,2025-12-12,33,True,0.82,0.926,18,64.29
3456,Bangalore,Hyderabad,Bangalore -> Hyderabad,570,2,AC Seater,42,970.0,2025-10-08,Wednesday,2025-09-12,26,False,0.82,1.001,17,40.48
3457,Delhi,Jaipur,Delhi -> Jaipur,280,1,AC Seater,43,520.0,2025-09-08,Monday,2025-08-11,28,False,0.85,1.092,39,90.7
3458,Delhi,Jaipur,Delhi -> Jaipur,280,1,AC Sleeper,29,630.0,2026-05-24,Sunday,2026-04-27,27,False,1.1,0.978,23,79.31
3459,Bangalore,Mysore,Bangalore -> Mysore,145,1,AC Sleeper,29,350.0,2026-02-19,Thursday,2026-02-03,16,False,0.95,1.049,23,79.31
3460,Delhi,Agra,Delhi -> Agra,230,2,Non-AC Seater,48,230.0,2025-08-02,Saturday,2025-07-19,14,False,1.25,0.952,31,64.58
3461,Jaipur,Udaipur,Jaipur -> Udaipur,400,3,Non-AC Sleeper,31,610.0,2025-12-22,Monday,2025-11-29,23,False,0.85,1.052,13,41.94
3462,Pune,Nashik,Pune -> Nashik,210,3,Volvo AC Semi-Sleeper,41,410.0,2025-09-07,Sunday,2025-08-12,26,False,1.1,0.952,23,56.1
3463,Bangalore,Coimbatore,Bangalore -> Coimbatore,365,2,AC Sleeper,33,810.0,2025-08-24,Sunday,2025-07-22,33,False,1.1,0.965,19,57.58
3464,Bangalore,Goa,Bangalore -> Goa,560,3,Non-AC Sleeper,35,760.0,2026-03-24,Tuesday,2026-02-08,44,False,0.8,0.936,18,51.43
3465,Chennai,Coimbatore,Chennai -> Coimbatore,500,2,Volvo AC Semi-Sleeper,38,970.0,2026-04-30,Thursday,2026-04-12,18,False,0.95,0.946,28,73.68
3466,Delhi,Chandigarh,Delhi -> Chandigarh,250,2,Volvo AC Semi-Sleeper,38,560.0,2025-08-11,Monday,2025-07-12,30,False,0.85,1.093,21,55.26
3467,Mumbai,Nashik,Mumbai -> Nashik,170,2,Non-AC Seater,52,190.0,2025-11-18,Tuesday,2025-10-29,20,False,0.8,1.064,19,36.54
3468,Ahmedabad,Surat,Ahmedabad -> Surat,265,1,Non-AC Seater,52,280.0,2025-12-17,Wednesday,2025-11-09,38,False,0.82,1.006,24,46.15
3469,Mumbai,Pune,Mumbai -> Pune,150,1,Volvo AC Semi-Sleeper,41,300.0,2026-04-12,Sunday,2026-03-11,32,True,1.1,0.976,40,97.56
3470,Delhi,Chandigarh,Delhi -> Chandigarh,250,2,Volvo AC Semi-Sleeper,42,470.0,2026-06-12,Friday,2026-05-17,26,False,1.15,0.917,41,97.62
3471,Hyderabad,Bangalore,Hyderabad -> Bangalore,570,2,Non-AC Seater,48,650.0,2025-12-15,Monday,2025-11-03,42,False,0.85,1.086,32,66.67
3472,Pune,Nashik,Pune -> Nashik,210,3,AC Seater,43,320.0,2025-12-27,Saturday,2025-11-15,42,True,1.25,0.896,40,93.02
3473,Pune,Nashik,Pune -> Nashik,210,3,Volvo AC Semi-Sleeper,40,450.0,2026-01-22,Thursday,2025-12-19,34,False,0.95,1.045,17,42.5
3474,Mumbai,Goa,Mumbai -> Goa,590,2,AC Seater,45,1050.0,2026-01-21,Wednesday,2026-01-04,17,False,0.82,1.047,25,55.56
3475,Mumbai,Shirdi,Mumbai -> Shirdi,250,2,Volvo AC Semi-Sleeper,38,530.0,2025-08-08,Friday,2025-06-26,43,False,1.15,1.034,36,94.74
3476,Pune,Nashik,Pune -> Nashik,210,3,AC Sleeper,33,430.0,2026-01-10,Saturday,2025-12-25,16,False,1.25,0.89,17,51.52
3477,Mumbai,Goa,Mumbai -> Goa,590,2,Non-AC Sleeper,35,820.0,2026-06-28,Sunday,2026-06-04,24,False,1.1,0.959,22,62.86
3478,Delhi,Jaipur,Delhi -> Jaipur,280,1,Non-AC Seater,52,320.0,2025-08-20,Wednesday,2025-07-28,23,False,0.82,1.088,37,71.15
3479,Bangalore,Chennai,Bangalore -> Chennai,350,1,Non-AC Sleeper,31,490.0,2026-06-13,Saturday,2026-05-17,27,False,1.25,0.966,28,90.32
3480,Bangalore,Mysore,Bangalore -> Mysore,145,1,Non-AC Seater,55,140.0,2026-01-30,Friday,2026-01-04,26,False,1.15,0.92,54,98.18
3481,Pune,Kolhapur,Pune -> Kolhapur,230,2,AC Seater,40,430.0,2026-04-27,Monday,2026-04-13,14,False,0.85,1.1,17,42.5
3482,Delhi,Jaipur,Delhi -> Jaipur,280,1,Non-AC Sleeper,34,400.0,2025-09-16,Tuesday,2025-09-02,14,False,0.8,0.985,19,55.88
3483,Chennai,Madurai,Chennai -> Madurai,460,2,Non-AC Seater,49,430.0,2025-09-19,Friday,2025-08-21,29,False,1.15,0.89,41,83.67
3484,Delhi,Chandigarh,Delhi -> Chandigarh,250,2,AC Seater,40,380.0,2026-04-03,Friday,2026-03-08,26,False,1.15,0.894,31,77.5
3485,Bangalore,Mysore,Bangalore -> Mysore,145,1,AC Seater,41,230.0,2025-09-18,Thursday,2025-08-14,35,False,0.95,0.933,27,65.85
3486,Bangalore,Chennai,Bangalore -> Chennai,350,1,Non-AC Sleeper,33,530.0,2026-02-03,Tuesday,2025-12-24,41,False,0.8,1.044,22,66.67
3487,Bangalore,Chennai,Bangalore -> Chennai,350,1,AC Sleeper,30,890.0,2026-02-26,Thursday,2026-02-04,22,False,0.95,1.106,17,56.67
3488,Chennai,Madurai,Chennai -> Madurai,460,2,Non-AC Seater,53,470.0,2025-08-04,Monday,2025-07-11,24,False,0.85,0.973,29,54.72
3489,Chennai,Madurai,Chennai -> Madurai,460,2,AC Seater,42,840.0,2025-09-19,Friday,2025-08-22,28,False,1.15,1.074,35,83.33
3490,Mumbai,Nashik,Mumbai -> Nashik,170,2,Non-AC Seater,54,200.0,2025-12-14,Sunday,2025-11-15,29,False,1.1,1.12,41,75.93
3491,Pune,Nashik,Pune -> Nashik,210,3,Non-AC Seater,54,210.0,2025-12-21,Sunday,2025-11-27,24,False,1.1,0.952,35,64.81
3492,Kochi,Bangalore,Kochi -> Bangalore,550,3,Volvo AC Semi-Sleeper,41,1190.0,2025-11-21,Friday,2025-10-22,30,False,1.15,1.055,18,43.9
3493,Mumbai,Shirdi,Mumbai -> Shirdi,250,2,AC Sleeper,28,510.0,2026-03-29,Sunday,2026-02-27,30,False,1.1,0.887,23,82.14
3494,Pune,Kolhapur,Pune -> Kolhapur,230,2,Non-AC Sleeper,30,330.0,2025-11-29,Saturday,2025-10-18,42,False,1.25,0.99,20,66.67
3495,Delhi,Chandigarh,Delhi -> Chandigarh,250,2,AC Sleeper,29,640.0,2026-01-14,Wednesday,2025-12-12,33,True,0.82,1.113,25,86.21
3496,Pune,Nashik,Pune -> Nashik,210,3,AC Sleeper,28,540.0,2026-04-24,Friday,2026-03-13,42,False,1.15,1.118,13,46.43
3497,Bangalore,Coimbatore,Bangalore -> Coimbatore,365,2,AC Sleeper,32,940.0,2025-10-21,Tuesday,2025-10-04,17,True,0.8,1.12,21,65.62
3498,Jaipur,Udaipur,Jaipur -> Udaipur,400,3,Non-AC Sleeper,34,550.0,2025-09-01,Monday,2025-08-02,30,False,0.85,0.948,15,44.12
3499,Ahmedabad,Mumbai,Ahmedabad -> Mumbai,525,2,Volvo AC Semi-Sleeper,39,1090.0,2026-05-14,Thursday,2026-04-20,24,False,0.95,1.013,18,46.15
3500,Hyderabad,Vijayawada,Hyderabad -> Vijayawada,275,2,Non-AC Sleeper,34,400.0,2026-03-05,Thursday,2026-02-06,27,True,0.95,1.003,27,79.41
3501,Hyderabad,Vijayawada,Hyderabad -> Vijayawada,275,2,Non-AC Seater,55,310.0,2025-09-11,Thursday,2025-07-29,44,False,0.95,1.074,34,61.82
3502,Mumbai,Pune,Mumbai -> Pune,150,1,AC Seater,40,280.0,2026-04-13,Monday,2026-03-08,36,True,0.85,1.098,35,87.5
3503,Ahmedabad,Surat,Ahmedabad -> Surat,265,1,Non-AC Seater,55,300.0,2025-11-12,Wednesday,2025-10-08,35,False,0.82,1.078,38,69.09
3504,Bangalore,Mysore,Bangalore -> Mysore,145,1,AC Sleeper,31,330.0,2025-12-10,Wednesday,2025-11-20,20,False,0.82,0.99,21,67.74
3505,Bangalore,Goa,Bangalore -> Goa,560,3,AC Sleeper,34,1290.0,2025-09-04,Thursday,2025-07-30,36,False,0.95,1.002,19,55.88
3506,Pune,Nashik,Pune -> Nashik,210,3,AC Seater,40,330.0,2026-03-31,Tuesday,2026-02-18,41,False,0.8,0.924,16,40.0
3507,Chennai,Madurai,Chennai -> Madurai,460,2,Non-AC Seater,56,430.0,2025-11-01,Saturday,2025-10-07,25,True,1.25,0.89,51,91.07
3508,Delhi,Dehradun,Delhi -> Dehradun,250,2,AC Seater,42,470.0,2026-03-16,Monday,2026-02-09,35,False,0.85,1.106,25,59.52
3509,Bangalore,Mysore,Bangalore -> Mysore,145,1,Non-AC Sleeper,36,190.0,2026-03-07,Saturday,2026-01-25,41,False,1.25,0.904,33,91.67
3510,Kolkata,Digha,Kolkata -> Digha,185,3,AC Sleeper,34,400.0,2026-02-18,Wednesday,2026-01-15,34,False,0.82,0.94,10,29.41
3511,Mumbai,Shirdi,Mumbai -> Shirdi,250,2,AC Seater,41,450.0,2026-01-30,Friday,2026-01-13,17,False,1.15,1.059,25,60.98
3512,Kolkata,Digha,Kolkata -> Digha,185,3,AC Sleeper,30,450.0,2025-08-30,Saturday,2025-07-25,36,False,1.25,1.058,20,66.67
3513,Hyderabad,Vijayawada,Hyderabad -> Vijayawada,275,2,AC Seater,45,480.0,2026-02-26,Thursday,2026-01-30,27,False,0.95,1.027,29,64.44
3514,Jaipur,Udaipur,Jaipur -> Udaipur,400,3,Non-AC Sleeper,36,520.0,2025-12-15,Monday,2025-11-25,20,False,0.85,0.897,16,44.44
3515,Chennai,Coimbatore,Chennai -> Coimbatore,500,2,Non-AC Seater,52,520.0,2025-09-21,Sunday,2025-08-07,45,False,1.1,0.99,44,84.62
3516,Ahmedabad,Surat,Ahmedabad -> Surat,265,1,AC Sleeper,31,640.0,2025-09-16,Tuesday,2025-08-21,26,False,0.8,1.05,13,41.94
3517,Kochi,Bangalore,Kochi -> Bangalore,550,3,AC Seater,40,970.0,2026-05-05,Tuesday,2026-04-01,34,False,0.8,1.037,11,27.5
3518,Bangalore,Coimbatore,Bangalore -> Coimbatore,365,2,AC Seater,45,620.0,2025-11-13,Thursday,2025-10-24,20,False,0.95,0.999,22,48.89
3519,Mumbai,Pune,Mumbai -> Pune,150,1,Non-AC Sleeper,33,210.0,2026-03-13,Friday,2026-02-22,19,False,1.15,0.966,24,72.73
3520,Ahmedabad,Surat,Ahmedabad -> Surat,265,1,AC Sleeper,31,600.0,2026-02-23,Monday,2026-01-13,41,False,0.85,0.984,26,83.87
3521,Chennai,Madurai,Chennai -> Madurai,460,2,Non-AC Sleeper,32,610.0,2025-12-16,Tuesday,2025-11-08,38,False,0.8,0.915,17,53.12
3522,Bangalore,Goa,Bangalore -> Goa,560,3,Volvo AC Semi-Sleeper,39,1060.0,2025-10-02,Thursday,2025-08-31,32,True,0.95,0.923,22,56.41
3523,Ahmedabad,Mumbai,Ahmedabad -> Mumbai,525,2,Non-AC Seater,52,560.0,2025-10-14,Tuesday,2025-09-10,34,False,0.8,1.016,27,51.92
3524,Bangalore,Chennai,Bangalore -> Chennai,350,1,AC Seater,43,620.0,2025-09-21,Sunday,2025-08-29,23,False,1.1,1.042,36,83.72
3525,Mumbai,Goa,Mumbai -> Goa,590,2,Non-AC Seater,50,550.0,2026-01-10,Saturday,2025-11-29,42,False,1.25,0.888,33,66.0
3526,Chennai,Madurai,Chennai -> Madurai,460,2,AC Sleeper,33,1090.0,2026-05-14,Thursday,2026-04-16,28,False,0.95,1.03,16,48.48
3527,Ahmedabad,Surat,Ahmedabad -> Surat,265,1,Volvo AC Semi-Sleeper,40,590.0,2025-09-03,Wednesday,2025-08-02,32,False,0.82,1.086,26,65.0
3528,Ahmedabad,Mumbai,Ahmedabad -> Mumbai,525,2,Non-AC Sleeper,32,710.0,2025-12-28,Sunday,2025-12-10,18,False,1.1,0.933,24,75.0
3529,Delhi,Chandigarh,Delhi -> Chandigarh,250,2,Volvo AC Semi-Sleeper,42,560.0,2025-10-17,Friday,2025-09-07,40,False,1.15,1.093,35,83.33
3530,Chennai,Madurai,Chennai -> Madurai,460,2,Non-AC Seater,52,500.0,2025-12-08,Monday,2025-11-18,20,False,0.85,1.035,29,55.77
3531,Delhi,Chandigarh,Delhi -> Chandigarh,250,2,Non-AC Sleeper,33,340.0,2026-06-09,Tuesday,2026-04-27,43,False,0.8,0.938,22,66.67
3532,Kolkata,Digha,Kolkata -> Digha,185,3,AC Seater,45,280.0,2025-11-11,Tuesday,2025-10-11,31,False,0.8,0.89,16,35.56
3533,Mumbai,Pune,Mumbai -> Pune,150,1,Non-AC Seater,55,180.0,2026-02-24,Tuesday,2026-02-03,21,False,0.8,1.143,26,47.27
3534,Surat,Mumbai,Surat -> Mumbai,285,2,AC Seater,45,450.0,2025-10-09,Thursday,2025-09-08,31,False,0.95,0.929,32,71.11
3535,Chennai,Madurai,Chennai -> Madurai,460,2,AC Seater,41,730.0,2026-05-27,Wednesday,2026-04-20,37,False,0.82,0.934,24,58.54
3536,Mumbai,Shirdi,Mumbai -> Shirdi,250,2,Non-AC Sleeper,30,340.0,2025-10-18,Saturday,2025-09-28,20,True,1.25,0.938,23,76.67
3537,Pune,Nashik,Pune -> Nashik,210,3,Non-AC Seater,52,240.0,2026-05-16,Saturday,2026-04-15,31,False,1.25,1.088,32,61.54
3538,Bangalore,Chennai,Bangalore -> Chennai,350,1,Non-AC Seater,55,360.0,2025-08-12,Tuesday,2025-07-05,38,False,0.8,0.98,38,69.09
3539,Kochi,Bangalore,Kochi -> Bangalore,550,3,AC Seater,41,910.0,2026-02-05,Thursday,2026-01-11,25,False,0.95,0.973,13,31.71
3540,Pune,Nashik,Pune -> Nashik,210,3,AC Seater,43,380.0,2026-01-19,Monday,2025-12-12,38,False,0.85,1.064,19,44.19
3541,Hyderabad,Bangalore,Hyderabad -> Bangalore,570,2,AC Seater,42,1030.0,2026-01-20,Tuesday,2026-01-01,19,False,0.8,1.063,20,47.62
3542,Mumbai,Nashik,Mumbai -> Nashik,170,2,Non-AC Sleeper,30,240.0,2025-08-02,Saturday,2025-07-12,21,False,1.25,0.974,23,76.67
3543,Hyderabad,Vijayawada,Hyderabad -> Vijayawada,275,2,AC Seater,45,480.0,2025-09-01,Monday,2025-07-29,34,False,0.85,1.027,23,51.11
3544,Delhi,Chandigarh,Delhi -> Chandigarh,250,2,Non-AC Seater,55,270.0,2025-11-06,Thursday,2025-10-11,26,False,0.95,1.029,27,49.09
3545,Delhi,Agra,Delhi -> Agra,230,2,Volvo AC Semi-Sleeper,42,470.0,2026-03-30,Monday,2026-02-14,44,False,0.85,0.997,28,66.67
3546,Pune,Kolhapur,Pune -> Kolhapur,230,2,Volvo AC Semi-Sleeper,41,480.0,2026-04-28,Tuesday,2026-03-24,35,False,0.8,1.018,27,65.85
3547,Mumbai,Goa,Mumbai -> Goa,590,2,AC Sleeper,33,1520.0,2026-06-01,Monday,2026-05-17,15,False,0.85,1.12,18,54.55
3548,Delhi,Jaipur,Delhi -> Jaipur,280,1,Volvo AC Semi-Sleeper,42,630.0,2026-05-21,Thursday,2026-05-07,14,False,0.95,1.098,23,54.76
3549,Surat,Mumbai,Surat -> Mumbai,285,2,AC Sleeper,32,620.0,2025-09-29,Monday,2025-09-02,27,False,0.85,0.946,13,40.62
3550,Bangalore,Hyderabad,Bangalore -> Hyderabad,570,2,Volvo AC Semi-Sleeper,40,1030.0,2026-06-23,Tuesday,2026-06-02,21,False,0.8,0.881,23,57.5
3551,Jaipur,Udaipur,Jaipur -> Udaipur,400,3,Non-AC Seater,56,470.0,2026-03-05,Thursday,2026-02-10,23,True,0.95,1.119,31,55.36
3552,Kochi,Bangalore,Kochi -> Bangalore,550,3,Non-AC Sleeper,33,760.0,2025-08-20,Wednesday,2025-07-10,41,False,0.82,0.953,13,39.39
3553,Mumbai,Goa,Mumbai -> Goa,590,2,Non-AC Seater,49,660.0,2026-06-21,Sunday,2026-06-05,16,False,1.1,1.065,29,59.18
3554,Chennai,Madurai,Chennai -> Madurai,460,2,Volvo AC Semi-Sleeper,38,830.0,2026-04-25,Saturday,2026-03-25,31,False,1.25,0.88,36,94.74
3555,Surat,Mumbai,Surat -> Mumbai,285,2,Non-AC Sleeper,35,430.0,2026-05-08,Friday,2026-04-10,28,False,1.15,1.041,34,97.14
3556,Bangalore,Mysore,Bangalore -> Mysore,145,1,AC Sleeper,29,330.0,2026-05-01,Friday,2026-04-12,19,False,1.15,0.99,25,86.21
3557,Bangalore,Coimbatore,Bangalore -> Coimbatore,365,2,AC Sleeper,31,910.0,2026-02-18,Wednesday,2026-01-07,42,False,0.82,1.084,22,70.97
3558,Chennai,Coimbatore,Chennai -> Coimbatore,500,2,Non-AC Sleeper,31,780.0,2026-01-15,Thursday,2025-12-10,36,True,0.95,1.076,25,80.65
3559,Bangalore,Mysore,Bangalore -> Mysore,145,1,AC Sleeper,32,370.0,2026-01-23,Friday,2026-01-04,19,False,1.15,1.109,25,78.12
3560,Pune,Kolhapur,Pune -> Kolhapur,230,2,Volvo AC Semi-Sleeper,40,510.0,2026-02-17,Tuesday,2026-01-30,18,False,0.8,1.082,17,42.5
3561,Mumbai,Goa,Mumbai -> Goa,590,2,Volvo AC Semi-Sleeper,41,1100.0,2025-11-26,Wednesday,2025-10-16,41,False,0.82,0.909,25,60.98
3562,Mumbai,Nashik,Mumbai -> Nashik,170,2,AC Sleeper,33,420.0,2025-11-23,Sunday,2025-10-31,23,False,1.1,1.074,25,75.76
3563,Bangalore,Chennai,Bangalore -> Chennai,350,1,Non-AC Seater,50,340.0,2025-10-22,Wednesday,2025-10-03,19,True,0.82,0.925,39,78.0
3564,Delhi,Dehradun,Delhi -> Dehradun,250,2,Non-AC Sleeper,31,340.0,2026-04-19,Sunday,2026-04-04,15,False,1.1,0.938,17,54.84
3565,Hyderabad,Bangalore,Hyderabad -> Bangalore,570,2,Non-AC Sleeper,32,850.0,2026-03-18,Wednesday,2026-02-25,21,False,0.82,1.028,18,56.25
3566,Hyderabad,Bangalore,Hyderabad -> Bangalore,570,2,AC Sleeper,34,1300.0,2026-01-06,Tuesday,2025-11-26,41,False,0.8,0.992,19,55.88
3567,Kochi,Bangalore,Kochi -> Bangalore,550,3,AC Sleeper,33,1370.0,2025-08-29,Friday,2025-07-24,36,True,1.15,1.083,30,90.91
3568,Hyderabad,Bangalore,Hyderabad -> Bangalore,570,2,Volvo AC Semi-Sleeper,41,1080.0,2026-03-10,Tuesday,2026-02-11,27,False,0.8,0.924,21,51.22
3569,Ahmedabad,Surat,Ahmedabad -> Surat,265,1,Volvo AC Semi-Sleeper,42,480.0,2025-10-11,Saturday,2025-08-27,45,False,1.25,0.884,40,95.24
3570,Bangalore,Chennai,Bangalore -> Chennai,350,1,AC Sleeper,31,870.0,2026-04-16,Thursday,2026-03-13,34,True,0.95,1.081,31,100.0
3571,Mumbai,Goa,Mumbai -> Goa,590,2,Volvo AC Semi-Sleeper,38,1180.0,2025-12-30,Tuesday,2025-11-15,45,True,0.8,0.976,19,50.0
3572,Pune,Kolhapur,Pune -> Kolhapur,230,2,Non-AC Sleeper,31,350.0,2025-12-17,Wednesday,2025-12-01,16,False,0.82,1.049,15,48.39
3573,Mumbai,Shirdi,Mumbai -> Shirdi,250,2,AC Seater,42,430.0,2026-05-23,Saturday,2026-04-28,25,False,1.25,1.012,29,69.05
3574,Mumbai,Nashik,Mumbai -> Nashik,170,2,AC Sleeper,32,390.0,2025-11-17,Monday,2025-10-07,41,False,0.85,0.997,21,65.62
3575,Bangalore,Chennai,Bangalore -> Chennai,350,1,AC Sleeper,34,740.0,2025-08-02,Saturday,2025-07-04,29,False,1.25,0.919,30,88.24
3576,Bangalore,Chennai,Bangalore -> Chennai,350,1,Non-AC Seater,54,370.0,2026-01-09,Friday,2025-12-03,37,False,1.15,1.007,54,100.0
3577,Kochi,Bangalore,Kochi -> Bangalore,550,3,Non-AC Sleeper,31,730.0,2025-11-18,Tuesday,2025-10-28,21,False,0.8,0.915,10,32.26
3578,Pune,Kolhapur,Pune -> Kolhapur,230,2,Volvo AC Semi-Sleeper,40,480.0,2026-01-16,Friday,2025-12-03,44,True,1.15,1.018,37,92.5
3579,Delhi,Agra,Delhi -> Agra,230,2,AC Seater,41,360.0,2026-03-10,Tuesday,2026-02-22,16,False,0.8,0.921,20,48.78
3580,Delhi,Agra,Delhi -> Agra,230,2,Non-AC Sleeper,30,340.0,2026-03-28,Saturday,2026-03-09,19,False,1.25,1.019,24,80.0
3581,Ahmedabad,Surat,Ahmedabad -> Surat,265,1,Non-AC Seater,53,270.0,2026-02-03,Tuesday,2026-01-19,15,False,0.8,0.97,29,54.72
3582,Chennai,Coimbatore,Chennai -> Coimbatore,500,2,AC Sleeper,30,1290.0,2025-10-18,Saturday,2025-09-25,23,True,1.25,1.122,30,100.0
3583,Mumbai,Goa,Mumbai -> Goa,590,2,Non-AC Sleeper,31,880.0,2026-05-12,Tuesday,2026-04-22,20,False,0.8,1.029,13,41.94
3584,Bangalore,Coimbatore,Bangalore -> Coimbatore,365,2,Non-AC Seater,52,340.0,2026-01-14,Wednesday,2025-12-14,31,True,0.82,0.887,46,88.46
3585,Bangalore,Coimbatore,Bangalore -> Coimbatore,365,2,Non-AC Sleeper,32,570.0,2026-04-10,Friday,2026-03-21,20,False,1.15,1.077,15,46.88
3586,Pune,Nashik,Pune -> Nashik,210,3,Non-AC Sleeper,30,300.0,2025-12-01,Monday,2025-10-31,31,False,0.85,0.985,10,33.33
3587,Mumbai,Goa,Mumbai -> Goa,590,2,AC Seater,45,1000.0,2026-02-26,Thursday,2026-01-29,28,False,0.95,0.997,26,57.78
3588,Kolkata,Digha,Kolkata -> Digha,185,3,Volvo AC Semi-Sleeper,40,340.0,2025-11-15,Saturday,2025-10-23,23,False,1.25,0.897,21,52.5
3589,Delhi,Agra,Delhi -> Agra,230,2,AC Sleeper,31,500.0,2025-10-25,Saturday,2025-09-26,29,False,1.25,0.945,24,77.42
3590,Bangalore,Coimbatore,Bangalore -> Coimbatore,365,2,Volvo AC Semi-Sleeper,41,830.0,2026-03-08,Sunday,2026-02-11,25,False,1.1,1.109,21,51.22
3591,Hyderabad,Vijayawada,Hyderabad -> Vijayawada,275,2,Non-AC Seater,48,280.0,2025-12-19,Friday,2025-11-23,26,False,1.15,0.97,42,87.5
3592,Kochi,Bangalore,Kochi -> Bangalore,550,3,Volvo AC Semi-Sleeper,40,1180.0,2026-03-26,Thursday,2026-02-11,43,False,0.95,1.047,17,42.5
3593,Kolkata,Digha,Kolkata -> Digha,185,3,AC Sleeper,28,440.0,2025-10-23,Thursday,2025-09-26,27,True,0.95,1.034,17,60.71
3594,Bangalore,Mysore,Bangalore -> Mysore,145,1,AC Sleeper,30,380.0,2025-11-25,Tuesday,2025-11-03,22,False,0.8,1.139,21,70.0
3595,Mumbai,Nashik,Mumbai -> Nashik,170,2,Non-AC Sleeper,36,230.0,2025-09-23,Tuesday,2025-09-06,17,False,0.8,0.933,23,63.89
3596,Delhi,Jaipur,Delhi -> Jaipur,280,1,AC Seater,44,490.0,2025-08-30,Saturday,2025-08-06,24,False,1.25,1.029,40,90.91
3597,Bangalore,Mysore,Bangalore -> Mysore,145,1,Non-AC Seater,51,150.0,2026-01-04,Sunday,2025-11-26,39,False,1.1,0.985,46,90.2
3598,Jaipur,Udaipur,Jaipur -> Udaipur,400,3,Non-AC Seater,53,460.0,2025-11-16,Sunday,2025-10-08,39,False,1.1,1.095,27,50.94
3599,Ahmedabad,Mumbai,Ahmedabad -> Mumbai,525,2,AC Seater,45,940.0,2026-02-27,Friday,2026-01-19,39,False,1.15,1.053,27,60.0
3600,Kolkata,Digha,Kolkata -> Digha,185,3,Volvo AC Semi-Sleeper,40,390.0,2026-05-13,Wednesday,2026-04-17,26,False,0.82,1.028,17,42.5
3601,Bangalore,Hyderabad,Bangalore -> Hyderabad,570,2,AC Sleeper,34,1450.0,2026-05-31,Sunday,2026-04-22,39,False,1.1,1.106,33,97.06
3602,Mumbai,Shirdi,Mumbai -> Shirdi,250,2,Non-AC Seater,49,280.0,2026-02-08,Sunday,2026-01-05,34,False,1.1,1.067,33,67.35
3603,Bangalore,Mysore,Bangalore -> Mysore,145,1,Volvo AC Semi-Sleeper,38,320.0,2025-11-13,Thursday,2025-10-13,31,False,0.95,1.077,32,84.21
3604,Delhi,Agra,Delhi -> Agra,230,2,Volvo AC Semi-Sleeper,38,430.0,2026-04-09,Thursday,2026-03-04,36,False,0.95,0.912,19,50.0
3605,Ahmedabad,Mumbai,Ahmedabad -> Mumbai,525,2,Non-AC Seater,56,560.0,2026-04-22,Wednesday,2026-03-13,40,False,0.82,1.016,29,51.79
3606,Chennai,Coimbatore,Chennai -> Coimbatore,500,2,AC Seater,41,950.0,2026-02-19,Thursday,2026-01-13,37,False,0.95,1.118,24,58.54
3607,Jaipur,Udaipur,Jaipur -> Udaipur,400,3,AC Sleeper,30,940.0,2026-04-13,Monday,2026-03-21,23,True,0.85,1.022,14,46.67
3608,Kolkata,Digha,Kolkata -> Digha,185,3,AC Sleeper,32,430.0,2026-04-17,Friday,2026-03-26,22,False,1.15,1.011,16,50.0
3609,Ahmedabad,Mumbai,Ahmedabad -> Mumbai,525,2,AC Seater,40,860.0,2026-04-03,Friday,2026-02-28,34,False,1.15,0.964,33,82.5
3610,Delhi,Dehradun,Delhi -> Dehradun,250,2,AC Sleeper,34,570.0,2025-10-16,Thursday,2025-09-29,17,False,0.95,0.991,18,52.94
3611,Hyderabad,Bangalore,Hyderabad -> Bangalore,570,2,AC Sleeper,32,1410.0,2025-08-04,Monday,2025-06-28,37,False,0.85,1.076,18,56.25
3612,Hyderabad,Vijayawada,Hyderabad -> Vijayawada,275,2,Non-AC Seater,52,290.0,2026-02-08,Sunday,2026-01-09,30,False,1.1,1.004,40,76.92
3613,Hyderabad,Vijayawada,Hyderabad -> Vijayawada,275,2,AC Seater,43,460.0,2025-11-02,Sunday,2025-09-27,36,True,1.1,0.984,33,76.74
3614,Surat,Mumbai,Surat -> Mumbai,285,2,AC Sleeper,28,630.0,2025-08-17,Sunday,2025-07-28,20,True,1.1,0.961,19,67.86
3615,Kochi,Bangalore,Kochi -> Bangalore,550,3,Non-AC Sleeper,31,840.0,2025-09-14,Sunday,2025-08-20,25,False,1.1,1.053,14,45.16
3616,Mumbai,Goa,Mumbai -> Goa,590,2,AC Seater,43,950.0,2025-08-01,Friday,2025-07-03,29,False,1.15,0.947,39,90.7
3617,Pune,Nashik,Pune -> Nashik,210,3,Non-AC Seater,49,250.0,2026-04-01,Wednesday,2026-03-06,26,False,0.82,1.134,16,32.65
3618,Pune,Kolhapur,Pune -> Kolhapur,230,2,AC Seater,45,370.0,2026-03-06,Friday,2026-02-03,31,True,1.15,0.946,44,97.78
3619,Mumbai,Goa,Mumbai -> Goa,590,2,AC Sleeper,28,1340.0,2025-10-06,Monday,2025-09-15,21,False,0.85,0.987,14,50.0
3620,Mumbai,Nashik,Mumbai -> Nashik,170,2,Non-AC Sleeper,34,240.0,2025-11-23,Sunday,2025-10-12,42,False,1.1,0.974,18,52.94
3621,Jaipur,Udaipur,Jaipur -> Udaipur,400,3,AC Seater,43,620.0,2026-06-04,Thursday,2026-05-12,23,False,0.95,0.912,19,44.19
3622,Delhi,Jaipur,Delhi -> Jaipur,280,1,Volvo AC Semi-Sleeper,39,530.0,2025-12-16,Tuesday,2025-11-29,17,False,0.8,0.923,23,58.97
3623,Mumbai,Pune,Mumbai -> Pune,150,1,AC Sleeper,33,350.0,2025-10-17,Friday,2025-09-12,35,False,1.15,1.014,31,93.94
3624,Kochi,Bangalore,Kochi -> Bangalore,550,3,Volvo AC Semi-Sleeper,39,1000.0,2026-06-17,Wednesday,2026-05-30,18,False,0.82,0.887,14,35.9
3625,Mumbai,Goa,Mumbai -> Goa,590,2,Non-AC Seater,49,660.0,2026-01-02,Friday,2025-12-19,14,True,1.15,1.065,45,91.84
3626,Bangalore,Hyderabad,Bangalore -> Hyderabad,570,2,Non-AC Seater,49,620.0,2025-10-09,Thursday,2025-09-16,23,False,0.95,1.036,26,53.06
3627,Kolkata,Digha,Kolkata -> Digha,185,3,Non-AC Sleeper,31,260.0,2026-06-07,Sunday,2026-05-02,36,False,1.1,0.969,21,67.74
3628,Chennai,Madurai,Chennai -> Madurai,460,2,Non-AC Seater,55,510.0,2025-11-20,Thursday,2025-10-13,38,False,0.95,1.056,29,52.73
3629,Surat,Mumbai,Surat -> Mumbai,285,2,AC Sleeper,34,660.0,2026-01-27,Tuesday,2025-12-30,28,True,0.8,1.007,22,64.71
3630,Delhi,Agra,Delhi -> Agra,230,2,AC Seater,44,410.0,2025-12-18,Thursday,2025-11-22,26,False,0.95,1.049,30,68.18
3631,Pune,Kolhapur,Pune -> Kolhapur,230,2,Volvo AC Semi-Sleeper,38,430.0,2025-10-18,Saturday,2025-09-05,43,True,1.25,0.912,38,100.0
3632,Bangalore,Coimbatore,Bangalore -> Coimbatore,365,2,AC Seater,41,640.0,2026-01-08,Thursday,2025-12-18,21,False,0.95,1.031,23,56.1
3633,Ahmedabad,Surat,Ahmedabad -> Surat,265,1,AC Sleeper,30,550.0,2026-01-18,Sunday,2025-12-10,39,False,1.1,0.902,30,100.0
3634,Bangalore,Chennai,Bangalore -> Chennai,350,1,Non-AC Seater,52,390.0,2025-11-11,Tuesday,2025-10-16,26,False,0.8,1.061,29,55.77
3635,Hyderabad,Bangalore,Hyderabad -> Bangalore,570,2,AC Seater,44,880.0,2025-11-07,Friday,2025-10-02,36,False,1.15,0.908,41,93.18
3636,Mumbai,Pune,Mumbai -> Pune,150,1,Volvo AC Semi-Sleeper,42,280.0,2026-06-08,Monday,2026-05-22,17,False,0.85,0.911,23,54.76
3637,Bangalore,Mysore,Bangalore -> Mysore,145,1,Volvo AC Semi-Sleeper,38,290.0,2026-03-09,Monday,2026-01-25,43,False,0.85,0.976,30,78.95
3638,Delhi,Chandigarh,Delhi -> Chandigarh,250,2,AC Seater,45,380.0,2025-12-09,Tuesday,2025-11-18,21,False,0.8,0.894,19,42.22
3639,Delhi,Chandigarh,Delhi -> Chandigarh,250,2,Volvo AC Semi-Sleeper,38,570.0,2026-04-17,Friday,2026-03-13,35,False,1.15,1.112,22,57.89
3640,Bangalore,Hyderabad,Bangalore -> Hyderabad,570,2,Non-AC Seater,56,570.0,2026-04-02,Thursday,2026-02-25,36,False,0.95,0.952,44,78.57
3641,Ahmedabad,Mumbai,Ahmedabad -> Mumbai,525,2,Volvo AC Semi-Sleeper,42,1000.0,2025-09-26,Friday,2025-08-23,34,False,1.15,0.929,38,90.48
3642,Hyderabad,Bangalore,Hyderabad -> Bangalore,570,2,Volvo AC Semi-Sleeper,42,1050.0,2026-03-20,Friday,2026-02-07,41,False,1.15,0.899,28,66.67
3643,Kochi,Bangalore,Kochi -> Bangalore,550,3,AC Seater,44,900.0,2025-12-14,Sunday,2025-11-22,22,False,1.1,0.963,23,52.27
3644,Surat,Mumbai,Surat -> Mumbai,285,2,Non-AC Seater,49,310.0,2026-02-03,Tuesday,2026-01-16,18,False,0.8,1.036,24,48.98
3645,Chennai,Madurai,Chennai -> Madurai,460,2,Volvo AC Semi-Sleeper,38,880.0,2026-04-23,Thursday,2026-03-12,42,False,0.95,0.933,22,57.89
3646,Bangalore,Hyderabad,Bangalore -> Hyderabad,570,2,Non-AC Sleeper,32,810.0,2025-12-26,Friday,2025-11-16,40,True,1.15,0.98,32,100.0
3647,Hyderabad,Vijayawada,Hyderabad -> Vijayawada,275,2,Non-AC Sleeper,35,420.0,2025-12-21,Sunday,2025-11-09,42,False,1.1,1.053,25,71.43
3648,Chennai,Coimbatore,Chennai -> Coimbatore,500,2,Non-AC Sleeper,30,670.0,2026-02-27,Friday,2026-02-03,24,False,1.15,0.924,14,46.67
3649,Bangalore,Hyderabad,Bangalore -> Hyderabad,570,2,AC Sleeper,30,1330.0,2025-09-14,Sunday,2025-08-27,18,False,1.1,1.014,18,60.0
3650,Bangalore,Chennai,Bangalore -> Chennai,350,1,AC Seater,44,530.0,2025-10-28,Tuesday,2025-09-29,29,False,0.8,0.891,33,75.0
3651,Jaipur,Udaipur,Jaipur -> Udaipur,400,3,Non-AC Seater,55,360.0,2025-11-19,Wednesday,2025-10-28,22,False,0.82,0.857,29,52.73
3652,Chennai,Coimbatore,Chennai -> Coimbatore,500,2,AC Sleeper,33,1030.0,2025-12-09,Tuesday,2025-11-02,37,False,0.8,0.896,20,60.61
3653,Delhi,Jaipur,Delhi -> Jaipur,280,1,Non-AC Sleeper,33,410.0,2026-01-16,Friday,2025-12-14,33,True,1.15,1.01,32,96.97
3654,Bangalore,Coimbatore,Bangalore -> Coimbatore,365,2,Non-AC Sleeper,34,560.0,2026-03-09,Monday,2026-01-30,38,False,0.85,1.058,18,52.94
3655,Mumbai,Pune,Mumbai -> Pune,150,1,AC Seater,41,230.0,2026-03-06,Friday,2026-02-14,20,True,1.15,0.902,40,97.56
3656,Chennai,Madurai,Chennai -> Madurai,460,2,Volvo AC Semi-Sleeper,38,870.0,2025-10-29,Wednesday,2025-09-25,34,False,0.82,0.923,18,47.37
3657,Delhi,Dehradun,Delhi -> Dehradun,250,2,Volvo AC Semi-Sleeper,38,520.0,2025-08-17,Sunday,2025-07-26,22,True,1.1,1.015,34,89.47
3658,Delhi,Jaipur,Delhi -> Jaipur,280,1,AC Seater,45,490.0,2026-01-24,Saturday,2026-01-07,17,True,1.25,1.029,36,80.0
3659,Delhi,Jaipur,Delhi -> Jaipur,280,1,Non-AC Seater,52,270.0,2026-02-28,Saturday,2026-02-05,23,False,1.25,0.918,45,86.54
3660,Kolkata,Digha,Kolkata -> Digha,185,3,AC Seater,45,350.0,2026-05-04,Monday,2026-04-11,23,False,0.85,1.113,21,46.67
3661,Hyderabad,Vijayawada,Hyderabad -> Vijayawada,275,2,AC Sleeper,28,560.0,2026-03-09,Monday,2026-01-27,41,False,0.85,0.885,17,60.71
3662,Bangalore,Chennai,Bangalore -> Chennai,350,1,Volvo AC Semi-Sleeper,39,690.0,2026-05-25,Monday,2026-04-11,44,False,0.85,0.962,26,66.67
3663,Jaipur,Udaipur,Jaipur -> Udaipur,400,3,Volvo AC Semi-Sleeper,41,830.0,2025-11-06,Thursday,2025-10-13,24,False,0.95,1.012,20,48.78
3664,Pune,Nashik,Pune -> Nashik,210,3,AC Sleeper,29,430.0,2026-02-28,Saturday,2026-01-25,34,False,1.25,0.89,17,58.62
3665,Hyderabad,Vijayawada,Hyderabad -> Vijayawada,275,2,AC Sleeper,34,690.0,2026-05-07,Thursday,2026-03-24,44,False,0.95,1.091,19,55.88
3666,Pune,Nashik,Pune -> Nashik,210,3,AC Seater,44,330.0,2026-01-05,Monday,2025-12-11,25,False,0.85,0.924,23,52.27
3667,Delhi,Dehradun,Delhi -> Dehradun,250,2,Non-AC Sleeper,30,340.0,2025-08-17,Sunday,2025-07-06,42,True,1.1,0.938,30,100.0
3668,Bangalore,Chennai,Bangalore -> Chennai,350,1,AC Sleeper,28,900.0,2026-03-03,Tuesday,2026-02-08,23,True,0.8,1.118,24,85.71
3669,Delhi,Dehradun,Delhi -> Dehradun,250,2,Non-AC Sleeper,31,370.0,2026-06-28,Sunday,2026-06-13,15,False,1.1,1.021,19,61.29
3670,Bangalore,Mysore,Bangalore -> Mysore,145,1,Non-AC Sleeper,36,200.0,2026-01-17,Saturday,2025-12-29,19,False,1.25,0.951,29,80.56
3671,Chennai,Coimbatore,Chennai -> Coimbatore,500,2,Non-AC Sleeper,33,770.0,2025-12-21,Sunday,2025-11-21,30,False,1.1,1.062,21,63.64
3672,Mumbai,Nashik,Mumbai -> Nashik,170,2,AC Sleeper,32,410.0,2025-09-27,Saturday,2025-08-13,45,False,1.25,1.049,28,87.5
3673,Kochi,Bangalore,Kochi -> Bangalore,550,3,Non-AC Seater,49,650.0,2025-10-21,Tuesday,2025-09-29,22,True,0.8,1.126,24,48.98
3674,Delhi,Jaipur,Delhi -> Jaipur,280,1,AC Seater,40,430.0,2026-05-10,Sunday,2026-04-01,39,False,1.1,0.903,37,92.5
3675,Pune,Nashik,Pune -> Nashik,210,3,Non-AC Sleeper,31,330.0,2026-02-05,Thursday,2025-12-27,40,False,0.95,1.084,12,38.71
3676,Bangalore,Chennai,Bangalore -> Chennai,350,1,Non-AC Seater,49,380.0,2026-03-08,Sunday,2026-01-25,42,False,1.1,1.034,49,100.0
3677,Mumbai,Goa,Mumbai -> Goa,590,2,AC Seater,44,920.0,2026-03-15,Sunday,2026-02-14,29,False,1.1,0.917,36,81.82
3678,Pune,Nashik,Pune -> Nashik,210,3,Non-AC Sleeper,36,280.0,2026-04-03,Friday,2026-03-20,14,False,1.15,0.92,16,44.44
3679,Kochi,Bangalore,Kochi -> Bangalore,550,3,AC Sleeper,30,1230.0,2025-11-29,Saturday,2025-10-20,40,False,1.25,0.972,24,80.0
3680,Jaipur,Udaipur,Jaipur -> Udaipur,400,3,AC Seater,41,700.0,2026-03-31,Tuesday,2026-03-07,24,False,0.8,1.029,15,36.59
3681,Chennai,Madurai,Chennai -> Madurai,460,2,Non-AC Seater,52,460.0,2026-03-17,Tuesday,2026-02-17,28,False,0.8,0.952,29,55.77
3682,Ahmedabad,Surat,Ahmedabad -> Surat,265,1,AC Sleeper,34,660.0,2025-08-15,Friday,2025-07-22,24,True,1.15,1.083,31,91.18
3683,Bangalore,Mysore,Bangalore -> Mysore,145,1,AC Seater,45,240.0,2026-05-25,Monday,2026-04-17,38,False,0.85,0.974,31,68.89
3684,Delhi,Agra,Delhi -> Agra,230,2,Non-AC Sleeper,35,320.0,2025-08-06,Wednesday,2025-07-20,17,False,0.82,0.96,16,45.71
3685,Pune,Nashik,Pune -> Nashik,210,3,AC Sleeper,33,450.0,2026-02-13,Friday,2026-01-27,17,False,1.15,0.932,18,54.55
3686,Hyderabad,Bangalore,Hyderabad -> Bangalore,570,2,Non-AC Seater,55,570.0,2025-08-09,Saturday,2025-07-19,21,False,1.25,0.952,43,78.18
3687,Mumbai,Pune,Mumbai -> Pune,150,1,AC Sleeper,31,390.0,2026-04-19,Sunday,2026-03-11,39,False,1.1,1.13,23,74.19
3688,Mumbai,Shirdi,Mumbai -> Shirdi,250,2,Non-AC Seater,56,280.0,2026-02-26,Thursday,2026-01-21,36,False,0.95,1.067,28,50.0
3689,Bangalore,Chennai,Bangalore -> Chennai,350,1,AC Seater,43,600.0,2025-08-08,Friday,2025-07-19,20,False,1.15,1.008,34,79.07
3690,Bangalore,Hyderabad,Bangalore -> Hyderabad,570,2,Volvo AC Semi-Sleeper,39,1290.0,2026-03-13,Friday,2026-02-23,18,False,1.15,1.104,19,48.72
3691,Pune,Kolhapur,Pune -> Kolhapur,230,2,Volvo AC Semi-Sleeper,38,510.0,2026-01-15,Thursday,2025-12-04,42,True,0.95,1.082,24,63.16
3692,Bangalore,Hyderabad,Bangalore -> Hyderabad,570,2,Non-AC Sleeper,34,840.0,2025-09-10,Wednesday,2025-07-29,43,False,0.82,1.016,24,70.59
3693,Chennai,Madurai,Chennai -> Madurai,460,2,Non-AC Seater,49,540.0,2025-10-08,Wednesday,2025-09-10,28,False,0.82,1.118,25,51.02
3694,Mumbai,Goa,Mumbai -> Goa,590,2,Volvo AC Semi-Sleeper,41,1080.0,2026-06-20,Saturday,2026-06-04,16,False,1.25,0.893,39,95.12
3695,Delhi,Jaipur,Delhi -> Jaipur,280,1,Non-AC Sleeper,33,410.0,2026-01-31,Saturday,2026-01-06,25,False,1.25,1.01,32,96.97
3696,Chennai,Coimbatore,Chennai -> Coimbatore,500,2,AC Sleeper,33,1300.0,2025-09-02,Tuesday,2025-08-11,22,False,0.8,1.13,14,42.42
3697,Bangalore,Coimbatore,Bangalore -> Coimbatore,365,2,AC Seater,42,660.0,2025-11-16,Sunday,2025-10-07,40,False,1.1,1.064,29,69.05
3698,Bangalore,Coimbatore,Bangalore -> Coimbatore,365,2,AC Seater,44,610.0,2025-10-13,Monday,2025-09-10,33,False,0.85,0.983,26,59.09
3699,Mumbai,Nashik,Mumbai -> Nashik,170,2,Volvo AC Semi-Sleeper,39,350.0,2026-01-19,Monday,2025-12-22,28,False,0.85,1.004,18,46.15
3700,Bangalore,Chennai,Bangalore -> Chennai,350,1,AC Sleeper,31,760.0,2025-12-25,Thursday,2025-11-15,40,True,0.95,0.944,31,100.0
3701,Kochi,Bangalore,Kochi -> Bangalore,550,3,AC Seater,42,880.0,2025-09-12,Friday,2025-08-03,40,False,1.15,0.941,22,52.38
3702,Hyderabad,Vijayawada,Hyderabad -> Vijayawada,275,2,AC Seater,45,450.0,2025-09-10,Wednesday,2025-08-19,22,False,0.82,0.963,24,53.33
3703,Bangalore,Goa,Bangalore -> Goa,560,3,Non-AC Sleeper,35,870.0,2026-06-19,Friday,2026-06-01,18,False,1.15,1.071,18,51.43
3704,Mumbai,Shirdi,Mumbai -> Shirdi,250,2,Volvo AC Semi-Sleeper,41,550.0,2025-09-28,Sunday,2025-08-21,38,False,1.1,1.073,33,80.49
3705,Surat,Mumbai,Surat -> Mumbai,285,2,Non-AC Sleeper,34,420.0,2026-04-01,Wednesday,2026-03-09,23,False,0.82,1.016,20,58.82
3706,Pune,Kolhapur,Pune -> Kolhapur,230,2,AC Seater,40,380.0,2026-03-25,Wednesday,2026-03-10,15,False,0.82,0.972,14,35.0
3707,Bangalore,Coimbatore,Bangalore -> Coimbatore,365,2,AC Seater,40,670.0,2026-05-04,Monday,2026-03-26,39,False,0.85,1.08,19,47.5
3708,Mumbai,Pune,Mumbai -> Pune,150,1,Volvo AC Semi-Sleeper,38,320.0,2026-04-30,Thursday,2026-04-01,29,False,0.95,1.041,31,81.58
3709,Pune,Nashik,Pune -> Nashik,210,3,Non-AC Seater,49,200.0,2026-04-26,Sunday,2026-04-09,17,False,1.1,0.907,23,46.94
3710,Mumbai,Nashik,Mumbai -> Nashik,170,2,AC Seater,44,300.0,2026-06-28,Sunday,2026-06-02,26,False,1.1,1.038,37,84.09
3711,Bangalore,Coimbatore,Bangalore -> Coimbatore,365,2,AC Sleeper,28,740.0,2026-05-31,Sunday,2026-05-12,19,False,1.1,0.881,17,60.71
3712,Delhi,Jaipur,Delhi -> Jaipur,280,1,AC Sleeper,29,640.0,2026-03-13,Friday,2026-02-14,27,False,1.15,0.994,28,96.55
3713,Chennai,Coimbatore,Chennai -> Coimbatore,500,2,AC Seater,40,910.0,2025-10-03,Friday,2025-09-06,27,True,1.15,1.071,32,80.0
3714,Bangalore,Goa,Bangalore -> Goa,560,3,Volvo AC Semi-Sleeper,42,1110.0,2025-12-16,Tuesday,2025-11-06,40,False,0.8,0.967,22,52.38
3715,Delhi,Chandigarh,Delhi -> Chandigarh,250,2,Non-AC Sleeper,31,380.0,2025-12-07,Sunday,2025-10-25,43,False,1.1,1.048,23,74.19
3716,Jaipur,Udaipur,Jaipur -> Udaipur,400,3,AC Seater,42,670.0,2026-05-07,Thursday,2026-04-05,32,False,0.95,0.985,19,45.24
3717,Chennai,Madurai,Chennai -> Madurai,460,2,Non-AC Sleeper,31,700.0,2025-12-20,Saturday,2025-11-17,33,False,1.25,1.049,19,61.29
3718,Bangalore,Goa,Bangalore -> Goa,560,3,Volvo AC Semi-Sleeper,40,1180.0,2026-05-22,Friday,2026-04-07,45,False,1.15,1.028,23,57.5
3719,Bangalore,Coimbatore,Bangalore -> Coimbatore,365,2,AC Seater,45,570.0,2025-10-17,Friday,2025-09-06,41,False,1.15,0.919,32,71.11
3720,Delhi,Agra,Delhi -> Agra,230,2,Non-AC Sleeper,33,330.0,2025-12-11,Thursday,2025-11-21,20,False,0.95,0.99,20,60.61
3721,Mumbai,Shirdi,Mumbai -> Shirdi,250,2,Volvo AC Semi-Sleeper,41,530.0,2025-12-26,Friday,2025-11-23,33,True,1.15,1.034,37,90.24
3722,Mumbai,Goa,Mumbai -> Goa,590,2,Non-AC Sleeper,30,780.0,2026-01-19,Monday,2025-12-25,25,False,0.85,0.912,16,53.33
3723,Mumbai,Shirdi,Mumbai -> Shirdi,250,2,Non-AC Sleeper,31,350.0,2025-10-21,Tuesday,2025-09-25,26,True,0.8,0.966,27,87.1
3724,Mumbai,Pune,Mumbai -> Pune,150,1,AC Seater,42,230.0,2026-06-06,Saturday,2026-05-19,18,False,1.25,0.902,37,88.1
3725,Delhi,Chandigarh,Delhi -> Chandigarh,250,2,Non-AC Seater,55,290.0,2026-03-20,Friday,2026-02-08,40,False,1.15,1.105,36,65.45
3726,Delhi,Jaipur,Delhi -> Jaipur,280,1,Volvo AC Semi-Sleeper,38,640.0,2025-12-04,Thursday,2025-10-20,45,False,0.95,1.115,36,94.74
3727,Chennai,Madurai,Chennai -> Madurai,460,2,Non-AC Sleeper,32,700.0,2025-09-05,Friday,2025-08-10,26,False,1.15,1.049,18,56.25
3728,Kochi,Bangalore,Kochi -> Bangalore,550,3,Non-AC Seater,55,600.0,2025-08-13,Wednesday,2025-07-11,33,True,0.82,1.039,31,56.36
3729,Delhi,Chandigarh,Delhi -> Chandigarh,250,2,Volvo AC Semi-Sleeper,39,470.0,2025-08-25,Monday,2025-08-02,23,True,0.85,0.917,34,87.18
3730,Ahmedabad,Mumbai,Ahmedabad -> Mumbai,525,2,Non-AC Seater,49,530.0,2026-02-17,Tuesday,2026-01-25,23,False,0.8,0.961,23,46.94
3731,Chennai,Madurai,Chennai -> Madurai,460,2,AC Seater,44,790.0,2025-08-09,Saturday,2025-06-30,40,False,1.25,1.01,43,97.73
3732,Bangalore,Mysore,Bangalore -> Mysore,145,1,Non-AC Seater,52,140.0,2026-06-04,Thursday,2026-04-21,44,False,0.95,0.92,40,76.92
3733,Bangalore,Chennai,Bangalore -> Chennai,350,1,Non-AC Sleeper,33,490.0,2026-06-17,Wednesday,2026-06-03,14,False,0.82,0.966,19,57.58
3734,Mumbai,Pune,Mumbai -> Pune,150,1,Non-AC Seater,55,170.0,2025-09-16,Tuesday,2025-09-01,15,False,0.8,1.079,27,49.09
3735,Pune,Nashik,Pune -> Nashik,210,3,AC Sleeper,28,440.0,2026-03-09,Monday,2026-01-31,37,False,0.85,0.911,11,39.29
3736,Hyderabad,Vijayawada,Hyderabad -> Vijayawada,275,2,Volvo AC Semi-Sleeper,39,500.0,2026-03-23,Monday,2026-02-10,41,False,0.85,0.887,22,56.41
3737,Mumbai,Pune,Mumbai -> Pune,150,1,Non-AC Sleeper,35,230.0,2026-04-18,Saturday,2026-03-06,43,False,1.25,1.057,35,100.0
3738,Kochi,Bangalore,Kochi -> Bangalore,550,3,Volvo AC Semi-Sleeper,40,1110.0,2026-06-13,Saturday,2026-05-21,23,False,1.25,0.984,22,55.0
3739,Delhi,Dehradun,Delhi -> Dehradun,250,2,AC Sleeper,28,610.0,2026-01-09,Friday,2025-12-12,28,False,1.15,1.061,22,78.57
3740,Bangalore,Coimbatore,Bangalore -> Coimbatore,365,2,Non-AC Seater,49,420.0,2025-11-05,Wednesday,2025-09-26,40,False,0.82,1.096,26,53.06
3741,Hyderabad,Vijayawada,Hyderabad -> Vijayawada,275,2,AC Seater,42,470.0,2026-03-18,Wednesday,2026-02-21,25,False,0.82,1.005,20,47.62
3742,Jaipur,Udaipur,Jaipur -> Udaipur,400,3,Non-AC Sleeper,32,580.0,2025-09-16,Tuesday,2025-09-01,15,False,0.8,1.0,11,34.38
3743,Delhi,Chandigarh,Delhi -> Chandigarh,250,2,Non-AC Seater,52,250.0,2026-04-18,Saturday,2026-03-04,45,False,1.25,0.952,51,98.08
3744,Mumbai,Pune,Mumbai -> Pune,150,1,AC Sleeper,29,340.0,2025-08-03,Sunday,2025-06-28,36,False,1.1,0.986,29,100.0
3745,Mumbai,Shirdi,Mumbai -> Shirdi,250,2,AC Seater,43,460.0,2026-04-06,Monday,2026-03-08,29,False,0.85,1.082,27,62.79
3746,Bangalore,Coimbatore,Bangalore -> Coimbatore,365,2,AC Seater,44,570.0,2026-04-07,Tuesday,2026-03-11,27,False,0.8,0.919,26,59.09
3747,Bangalore,Coimbatore,Bangalore -> Coimbatore,365,2,Non-AC Seater,56,340.0,2025-08-18,Monday,2025-07-19,30,False,0.85,0.887,34,60.71
3748,Mumbai,Goa,Mumbai -> Goa,590,2,Non-AC Sleeper,35,860.0,2025-09-09,Tuesday,2025-07-27,44,False,0.8,1.005,20,57.14
3749,Bangalore,Goa,Bangalore -> Goa,560,3,Non-AC Sleeper,36,760.0,2026-02-26,Thursday,2026-01-29,28,False,0.95,0.936,17,47.22
3750,Hyderabad,Vijayawada,Hyderabad -> Vijayawada,275,2,Non-AC Seater,51,320.0,2026-05-02,Saturday,2026-03-20,43,False,1.25,1.108,37,72.55
3751,Kochi,Bangalore,Kochi -> Bangalore,550,3,Non-AC Seater,55,600.0,2026-02-23,Monday,2026-02-06,17,False,0.85,1.039,23,41.82
3752,Hyderabad,Bangalore,Hyderabad -> Bangalore,570,2,AC Sleeper,28,1360.0,2026-01-02,Friday,2025-11-24,39,True,1.15,1.037,25,89.29
3753,Mumbai,Shirdi,Mumbai -> Shirdi,250,2,AC Seater,45,390.0,2026-01-19,Monday,2025-12-18,32,False,0.85,0.918,22,48.89
3754,Kolkata,Digha,Kolkata -> Digha,185,3,Non-AC Seater,48,180.0,2025-09-10,Wednesday,2025-08-18,23,False,0.82,0.927,20,41.67
3755,Delhi,Chandigarh,Delhi -> Chandigarh,250,2,Volvo AC Semi-Sleeper,39,450.0,2026-03-22,Sunday,2026-02-09,41,False,1.1,0.878,36,92.31
3756,Pune,Nashik,Pune -> Nashik,210,3,AC Sleeper,33,470.0,2026-03-08,Sunday,2026-02-22,14,False,1.1,0.973,13,39.39
3757,Chennai,Coimbatore,Chennai -> Coimbatore,500,2,Volvo AC Semi-Sleeper,38,1030.0,2025-09-20,Saturday,2025-08-23,28,False,1.25,1.005,30,78.95
3758,Bangalore,Chennai,Bangalore -> Chennai,350,1,Non-AC Seater,54,400.0,2025-12-26,Friday,2025-11-30,26,True,1.15,1.088,54,100.0
3759,Pune,Kolhapur,Pune -> Kolhapur,230,2,AC Sleeper,29,570.0,2026-05-30,Saturday,2026-05-01,29,False,1.25,1.078,25,86.21
3760,Bangalore,Mysore,Bangalore -> Mysore,145,1,Non-AC Sleeper,33,230.0,2026-03-23,Monday,2026-03-08,15,False,0.85,1.094,19,57.58
3761,Mumbai,Nashik,Mumbai -> Nashik,170,2,Non-AC Seater,54,200.0,2025-10-08,Wednesday,2025-09-20,18,False,0.82,1.12,26,48.15
3762,Mumbai,Shirdi,Mumbai -> Shirdi,250,2,Non-AC Seater,50,270.0,2026-04-03,Friday,2026-03-15,19,False,1.15,1.029,29,58.0
3763,Hyderabad,Vijayawada,Hyderabad -> Vijayawada,275,2,AC Seater,40,440.0,2026-01-03,Saturday,2025-11-25,39,True,1.25,0.941,39,97.5
3764,Kochi,Bangalore,Kochi -> Bangalore,550,3,Non-AC Seater,49,640.0,2025-09-17,Wednesday,2025-08-19,29,False,0.82,1.108,24,48.98
3765,Hyderabad,Vijayawada,Hyderabad -> Vijayawada,275,2,Non-AC Seater,48,290.0,2025-09-09,Tuesday,2025-07-28,43,False,0.8,1.004,22,45.83
3766,Bangalore,Coimbatore,Bangalore -> Coimbatore,365,2,AC Seater,41,690.0,2026-03-04,Wednesday,2026-02-04,28,True,0.82,1.112,31,75.61
3767,Mumbai,Shirdi,Mumbai -> Shirdi,250,2,Volvo AC Semi-Sleeper,38,470.0,2025-09-24,Wednesday,2025-09-07,17,False,0.82,0.917,21,55.26
3768,Hyderabad,Bangalore,Hyderabad -> Bangalore,570,2,Non-AC Seater,50,540.0,2026-04-10,Friday,2026-03-24,17,False,1.15,0.902,35,70.0
3769,Delhi,Jaipur,Delhi -> Jaipur,280,1,Non-AC Seater,54,280.0,2026-04-08,Wednesday,2026-03-18,21,False,0.82,0.952,35,64.81
3770,Kochi,Bangalore,Kochi -> Bangalore,550,3,AC Sleeper,29,1220.0,2026-03-10,Tuesday,2026-02-13,25,False,0.8,0.964,11,37.93
3771,Ahmedabad,Mumbai,Ahmedabad -> Mumbai,525,2,Non-AC Sleeper,36,810.0,2026-05-17,Sunday,2026-04-19,28,False,1.1,1.064,19,52.78
3772,Mumbai,Pune,Mumbai -> Pune,150,1,AC Seater,42,270.0,2025-09-18,Thursday,2025-09-04,14,False,0.95,1.059,28,66.67
3773,Hyderabad,Vijayawada,Hyderabad -> Vijayawada,275,2,Non-AC Sleeper,35,390.0,2025-10-26,Sunday,2025-10-02,24,False,1.1,0.978,25,71.43
3774,Bangalore,Mysore,Bangalore -> Mysore,145,1,Volvo AC Semi-Sleeper,39,330.0,2025-08-07,Thursday,2025-07-07,31,False,0.95,1.11,22,56.41
3775,Delhi,Agra,Delhi -> Agra,230,2,Volvo AC Semi-Sleeper,38,450.0,2026-03-31,Tuesday,2026-02-22,37,False,0.8,0.954,21,55.26
3776,Chennai,Madurai,Chennai -> Madurai,460,2,AC Sleeper,30,1150.0,2025-10-12,Sunday,2025-09-22,20,False,1.1,1.087,17,56.67
3777,Surat,Mumbai,Surat -> Mumbai,285,2,Volvo AC Semi-Sleeper,41,600.0,2026-02-10,Tuesday,2026-01-08,33,False,0.8,1.027,18,43.9
3778,Chennai,Madurai,Chennai -> Madurai,460,2,AC Sleeper,31,1100.0,2025-12-07,Sunday,2025-11-03,34,False,1.1,1.04,17,54.84
3779,Pune,Kolhapur,Pune -> Kolhapur,230,2,AC Seater,44,380.0,2026-02-10,Tuesday,2025-12-27,45,False,0.8,0.972,31,70.45
3780,Delhi,Jaipur,Delhi -> Jaipur,280,1,Volvo AC Semi-Sleeper,40,530.0,2025-08-31,Sunday,2025-07-25,37,False,1.1,0.923,40,100.0
3781,Delhi,Dehradun,Delhi -> Dehradun,250,2,Non-AC Sleeper,35,380.0,2026-01-31,Saturday,2026-01-03,28,False,1.25,1.048,22,62.86
3782,Delhi,Chandigarh,Delhi -> Chandigarh,250,2,AC Seater,44,400.0,2026-03-11,Wednesday,2026-02-22,17,False,0.82,0.941,20,45.45
3783,Bangalore,Goa,Bangalore -> Goa,560,3,AC Sleeper,29,1160.0,2025-10-18,Saturday,2025-09-14,34,True,1.25,0.901,28,96.55
3784,Mumbai,Shirdi,Mumbai -> Shirdi,250,2,AC Seater,41,470.0,2025-08-27,Wednesday,2025-08-08,19,True,0.82,1.106,22,53.66
3785,Delhi,Dehradun,Delhi -> Dehradun,250,2,AC Seater,43,470.0,2026-06-03,Wednesday,2026-05-19,15,False,0.82,1.106,22,51.16
3786,Pune,Kolhapur,Pune -> Kolhapur,230,2,Non-AC Sleeper,36,310.0,2025-10-22,Wednesday,2025-09-14,38,True,0.82,0.93,32,88.89
3787,Hyderabad,Bangalore,Hyderabad -> Bangalore,570,2,Non-AC Seater,52,560.0,2025-12-14,Sunday,2025-11-01,43,False,1.1,0.936,42,80.77
3788,Delhi,Agra,Delhi -> Agra,230,2,Non-AC Seater,48,240.0,2025-12-30,Tuesday,2025-11-24,36,True,0.8,0.994,39,81.25
3789,Pune,Nashik,Pune -> Nashik,210,3,Non-AC Seater,54,210.0,2026-05-26,Tuesday,2026-04-22,34,False,0.8,0.952,19,35.19
3790,Pune,Nashik,Pune -> Nashik,210,3,Volvo AC Semi-Sleeper,39,410.0,2026-03-11,Wednesday,2026-02-19,20,False,0.82,0.952,15,38.46
3791,Mumbai,Goa,Mumbai -> Goa,590,2,Non-AC Sleeper,36,840.0,2026-02-27,Friday,2026-02-09,18,False,1.15,0.982,27,75.0
3792,Bangalore,Mysore,Bangalore -> Mysore,145,1,Volvo AC Semi-Sleeper,41,280.0,2026-02-16,Monday,2026-01-14,33,False,0.85,0.942,28,68.29
3793,Delhi,Chandigarh,Delhi -> Chandigarh,250,2,Volvo AC Semi-Sleeper,41,530.0,2025-10-13,Monday,2025-09-02,41,False,0.85,1.034,22,53.66
3794,Kolkata,Digha,Kolkata -> Digha,185,3,AC Sleeper,31,480.0,2025-08-10,Sunday,2025-07-18,23,False,1.1,1.128,14,45.16
3795,Bangalore,Coimbatore,Bangalore -> Coimbatore,365,2,Non-AC Sleeper,32,470.0,2025-11-12,Wednesday,2025-10-15,28,False,0.82,0.888,14,43.75
3796,Kochi,Bangalore,Kochi -> Bangalore,550,3,AC Seater,41,1040.0,2026-03-10,Tuesday,2026-02-04,34,False,0.8,1.112,15,36.59
3797,Pune,Nashik,Pune -> Nashik,210,3,Volvo AC Semi-Sleeper,38,440.0,2026-06-19,Friday,2026-05-09,41,False,1.15,1.022,25,65.79
3798,Kochi,Bangalore,Kochi -> Bangalore,550,3,Non-AC Sleeper,35,800.0,2025-11-20,Thursday,2025-10-17,34,False,0.95,1.003,17,48.57
3799,Bangalore,Chennai,Bangalore -> Chennai,350,1,Non-AC Seater,50,340.0,2025-08-04,Monday,2025-06-26,39,False,0.85,0.925,32,64.0
3800,Bangalore,Mysore,Bangalore -> Mysore,145,1,AC Seater,41,250.0,2025-12-28,Sunday,2025-11-23,35,False,1.1,1.014,40,97.56
3801,Ahmedabad,Mumbai,Ahmedabad -> Mumbai,525,2,AC Sleeper,31,1350.0,2026-05-25,Monday,2026-05-09,16,False,0.85,1.118,12,38.71
3802,Surat,Mumbai,Surat -> Mumbai,285,2,Non-AC Seater,53,270.0,2025-08-03,Sunday,2025-06-20,44,False,1.1,0.902,44,83.02
3803,Surat,Mumbai,Surat -> Mumbai,285,2,Non-AC Seater,53,280.0,2025-09-20,Saturday,2025-08-13,38,False,1.25,0.936,42,79.25
3804,Hyderabad,Bangalore,Hyderabad -> Bangalore,570,2,Non-AC Sleeper,34,740.0,2026-02-15,Sunday,2026-01-08,38,False,1.1,0.895,27,79.41
3805,Chennai,Madurai,Chennai -> Madurai,460,2,Non-AC Seater,48,460.0,2025-11-07,Friday,2025-09-24,44,False,1.15,0.952,35,72.92
3806,Bangalore,Coimbatore,Bangalore -> Coimbatore,365,2,Non-AC Sleeper,35,480.0,2025-08-26,Tuesday,2025-08-06,20,True,0.8,0.907,25,71.43
3807,Ahmedabad,Surat,Ahmedabad -> Surat,265,1,Non-AC Seater,48,320.0,2026-04-17,Friday,2026-03-27,21,False,1.15,1.15,44,91.67
3808,Delhi,Chandigarh,Delhi -> Chandigarh,250,2,Non-AC Seater,53,290.0,2025-12-17,Wednesday,2025-11-25,22,False,0.82,1.105,23,43.4
3809,Kochi,Bangalore,Kochi -> Bangalore,550,3,Non-AC Seater,55,540.0,2026-01-17,Saturday,2025-12-06,42,False,1.25,0.935,40,72.73
3810,Chennai,Coimbatore,Chennai -> Coimbatore,500,2,Non-AC Sleeper,33,700.0,2025-09-16,Tuesday,2025-08-18,29,False,0.8,0.966,19,57.58
3811,Chennai,Coimbatore,Chennai -> Coimbatore,500,2,AC Seater,45,920.0,2025-09-07,Sunday,2025-08-24,14,False,1.1,1.082,35,77.78
3812,Delhi,Agra,Delhi -> Agra,230,2,AC Seater,40,360.0,2025-11-08,Saturday,2025-10-22,17,False,1.25,0.921,37,92.5
3813,Mumbai,Shirdi,Mumbai -> Shirdi,250,2,Non-AC Seater,55,240.0,2025-08-20,Wednesday,2025-07-08,43,False,0.82,0.914,34,61.82
3814,Ahmedabad,Surat,Ahmedabad -> Surat,265,1,AC Sleeper,33,650.0,2025-10-13,Monday,2025-09-10,33,False,0.85,1.066,27,81.82
3815,Surat,Mumbai,Surat -> Mumbai,285,2,AC Sleeper,29,720.0,2026-04-03,Friday,2026-02-25,37,False,1.15,1.098,20,68.97
3816,Delhi,Dehradun,Delhi -> Dehradun,250,2,AC Sleeper,33,620.0,2025-09-29,Monday,2025-08-29,31,False,0.85,1.078,18,54.55
3817,Bangalore,Coimbatore,Bangalore -> Coimbatore,365,2,AC Seater,41,610.0,2025-08-29,Friday,2025-08-03,26,True,1.15,0.983,27,65.85
3818,Mumbai,Goa,Mumbai -> Goa,590,2,AC Sleeper,29,1190.0,2025-08-19,Tuesday,2025-07-27,23,False,0.8,0.877,13,44.83
3819,Bangalore,Mysore,Bangalore -> Mysore,145,1,Volvo AC Semi-Sleeper,40,280.0,2025-12-05,Friday,2025-10-24,42,False,1.15,0.942,39,97.5
3820,Bangalore,Mysore,Bangalore -> Mysore,145,1,AC Seater,41,260.0,2026-02-09,Monday,2026-01-06,34,False,0.85,1.055,29,70.73
3821,Delhi,Chandigarh,Delhi -> Chandigarh,250,2,Non-AC Seater,55,230.0,2026-01-18,Sunday,2025-12-11,38,False,1.1,0.876,38,69.09
3822,Delhi,Chandigarh,Delhi -> Chandigarh,250,2,AC Seater,45,470.0,2026-05-01,Friday,2026-04-11,20,False,1.15,1.106,32,71.11
3823,Kochi,Bangalore,Kochi -> Bangalore,550,3,AC Sleeper,29,1390.0,2026-04-22,Wednesday,2026-04-03,19,False,0.82,1.099,9,31.03
3824,Bangalore,Chennai,Bangalore -> Chennai,350,1,AC Seater,42,560.0,2026-03-23,Monday,2026-03-09,14,False,0.85,0.941,27,64.29
3825,Bangalore,Coimbatore,Bangalore -> Coimbatore,365,2,AC Sleeper,29,780.0,2025-12-22,Monday,2025-11-08,44,False,0.85,0.929,19,65.52
3826,Ahmedabad,Surat,Ahmedabad -> Surat,265,1,Volvo AC Semi-Sleeper,40,610.0,2026-03-31,Tuesday,2026-02-20,39,False,0.8,1.123,20,50.0
3827,Pune,Nashik,Pune -> Nashik,210,3,Volvo AC Semi-Sleeper,40,390.0,2026-04-15,Wednesday,2026-03-29,17,True,0.82,0.906,20,50.0
3828,Mumbai,Nashik,Mumbai -> Nashik,170,2,AC Sleeper,34,350.0,2026-01-09,Friday,2025-12-14,26,False,1.15,0.895,27,79.41
3829,Mumbai,Goa,Mumbai -> Goa,590,2,AC Sleeper,34,1260.0,2025-10-10,Friday,2025-09-21,19,False,1.15,0.929,25,73.53
3830,Chennai,Coimbatore,Chennai -> Coimbatore,500,2,Non-AC Seater,51,550.0,2026-01-04,Sunday,2025-12-19,16,False,1.1,1.048,28,54.9
3831,Mumbai,Nashik,Mumbai -> Nashik,170,2,Non-AC Sleeper,34,250.0,2025-09-28,Sunday,2025-08-30,29,False,1.1,1.014,25,73.53
3832,Mumbai,Goa,Mumbai -> Goa,590,2,AC Seater,41,1070.0,2025-11-12,Wednesday,2025-10-22,21,False,0.82,1.067,17,41.46
3833,Mumbai,Shirdi,Mumbai -> Shirdi,250,2,AC Sleeper,34,540.0,2025-10-30,Thursday,2025-09-17,43,True,0.95,0.939,33,97.06
3834,Bangalore,Hyderabad,Bangalore -> Hyderabad,570,2,Non-AC Seater,55,580.0,2026-05-30,Saturday,2026-05-09,21,False,1.25,0.969,54,98.18
3835,Bangalore,Chennai,Bangalore -> Chennai,350,1,Non-AC Sleeper,34,540.0,2025-12-07,Sunday,2025-11-20,17,False,1.1,1.064,25,73.53
3836,Kochi,Bangalore,Kochi -> Bangalore,550,3,Non-AC Seater,52,570.0,2025-09-12,Friday,2025-08-19,24,False,1.15,0.987,32,61.54
3837,Mumbai,Pune,Mumbai -> Pune,150,1,Volvo AC Semi-Sleeper,38,280.0,2026-01-08,Thursday,2025-12-13,26,False,0.95,0.911,29,76.32
3838,Kochi,Bangalore,Kochi -> Bangalore,550,3,Non-AC Sleeper,36,790.0,2026-05-28,Thursday,2026-05-03,25,False,0.95,0.991,16,44.44
3839,Chennai,Madurai,Chennai -> Madurai,460,2,AC Sleeper,32,1060.0,2026-05-04,Monday,2026-03-30,35,False,0.85,1.002,17,53.12
3840,Bangalore,Coimbatore,Bangalore -> Coimbatore,365,2,Volvo AC Semi-Sleeper,39,720.0,2026-03-14,Saturday,2026-02-25,17,False,1.25,0.962,36,92.31
3841,Mumbai,Shirdi,Mumbai -> Shirdi,250,2,AC Sleeper,29,560.0,2025-09-04,Thursday,2025-08-20,15,False,0.95,0.974,12,41.38
3842,Ahmedabad,Mumbai,Ahmedabad -> Mumbai,525,2,Non-AC Seater,51,520.0,2025-08-16,Saturday,2025-07-03,44,True,1.25,0.943,49,96.08
3843,Kolkata,Digha,Kolkata -> Digha,185,3,Non-AC Seater,49,170.0,2026-05-22,Friday,2026-05-04,18,False,1.15,0.875,27,55.1
3844,Bangalore,Mysore,Bangalore -> Mysore,145,1,Non-AC Sleeper,34,200.0,2025-10-26,Sunday,2025-09-25,31,False,1.1,0.951,29,85.29
3845,Bangalore,Coimbatore,Bangalore -> Coimbatore,365,2,AC Seater,44,570.0,2026-02-06,Friday,2026-01-21,16,False,1.15,0.919,39,88.64
3846,Jaipur,Udaipur,Jaipur -> Udaipur,400,3,Volvo AC Semi-Sleeper,40,820.0,2025-11-02,Sunday,2025-10-18,15,True,1.1,1.0,22,55.0
3847,Mumbai,Shirdi,Mumbai -> Shirdi,250,2,Non-AC Sleeper,32,340.0,2026-02-04,Wednesday,2026-01-12,23,False,0.82,0.938,25,78.12
3848,Delhi,Chandigarh,Delhi -> Chandigarh,250,2,Non-AC Seater,48,240.0,2025-09-10,Wednesday,2025-08-04,37,False,0.82,0.914,35,72.92
3849,Hyderabad,Vijayawada,Hyderabad -> Vijayawada,275,2,Non-AC Seater,55,300.0,2025-10-21,Tuesday,2025-09-11,40,True,0.8,1.039,34,61.82
3850,Delhi,Dehradun,Delhi -> Dehradun,250,2,AC Sleeper,28,520.0,2025-10-24,Friday,2025-09-26,28,False,1.15,0.904,20,71.43
3851,Bangalore,Hyderabad,Bangalore -> Hyderabad,570,2,Non-AC Sleeper,30,850.0,2025-12-30,Tuesday,2025-11-30,30,True,0.8,1.028,16,53.33
3852,Delhi,Dehradun,Delhi -> Dehradun,250,2,Non-AC Seater,56,250.0,2026-01-30,Friday,2026-01-11,19,False,1.15,0.952,35,62.5
3853,Ahmedabad,Mumbai,Ahmedabad -> Mumbai,525,2,AC Seater,45,870.0,2025-09-19,Friday,2025-08-17,33,False,1.15,0.975,39,86.67
3854,Ahmedabad,Surat,Ahmedabad -> Surat,265,1,Non-AC Seater,51,250.0,2025-09-04,Thursday,2025-08-05,30,False,0.95,0.898,35,68.63
3855,Mumbai,Pune,Mumbai -> Pune,150,1,Volvo AC Semi-Sleeper,42,330.0,2025-10-02,Thursday,2025-09-02,30,True,0.95,1.073,42,100.0
3856,Ahmedabad,Mumbai,Ahmedabad -> Mumbai,525,2,Volvo AC Semi-Sleeper,40,1110.0,2026-02-28,Saturday,2026-02-01,27,False,1.25,1.031,31,77.5
3857,Bangalore,Hyderabad,Bangalore -> Hyderabad,570,2,AC Seater,43,880.0,2025-12-20,Saturday,2025-11-08,42,False,1.25,0.908,35,81.4
3858,Delhi,Agra,Delhi -> Agra,230,2,Volvo AC Semi-Sleeper,42,450.0,2026-03-06,Friday,2026-02-02,32,True,1.15,0.954,39,92.86
3859,Kolkata,Digha,Kolkata -> Digha,185,3,AC Seater,40,330.0,2025-09-12,Friday,2025-08-25,18,False,1.15,1.049,22,55.0
3860,Mumbai,Shirdi,Mumbai -> Shirdi,250,2,AC Seater,44,400.0,2025-11-03,Monday,2025-09-24,40,True,0.85,0.941,43,97.73
3861,Bangalore,Mysore,Bangalore -> Mysore,145,1,AC Seater,44,260.0,2025-12-01,Monday,2025-11-07,24,False,0.85,1.055,30,68.18
3862,Chennai,Madurai,Chennai -> Madurai,460,2,AC Sleeper,29,1150.0,2025-11-07,Friday,2025-10-14,24,False,1.15,1.087,16,55.17
3863,Hyderabad,Bangalore,Hyderabad -> Bangalore,570,2,Non-AC Seater,48,610.0,2025-12-17,Wednesday,2025-11-15,32,False,0.82,1.019,25,52.08
3864,Delhi,Jaipur,Delhi -> Jaipur,280,1,Volvo AC Semi-Sleeper,42,580.0,2026-01-30,Friday,2026-01-09,21,False,1.15,1.01,33,78.57
3865,Kochi,Bangalore,Kochi -> Bangalore,550,3,AC Seater,45,990.0,2025-09-03,Wednesday,2025-08-04,30,False,0.82,1.059,15,33.33
3866,Mumbai,Goa,Mumbai -> Goa,590,2,Non-AC Seater,53,640.0,2025-09-03,Wednesday,2025-07-26,39,False,0.82,1.033,34,64.15
3867,Chennai,Coimbatore,Chennai -> Coimbatore,500,2,Non-AC Seater,51,590.0,2025-10-07,Tuesday,2025-09-20,17,False,0.8,1.124,23,45.1
3868,Hyderabad,Bangalore,Hyderabad -> Bangalore,570,2,Non-AC Seater,52,640.0,2025-08-24,Sunday,2025-07-13,42,False,1.1,1.069,36,69.23
3869,Pune,Kolhapur,Pune -> Kolhapur,230,2,AC Seater,45,350.0,2026-05-28,Thursday,2026-04-17,41,False,0.95,0.895,27,60.0
3870,Kochi,Bangalore,Kochi -> Bangalore,550,3,Non-AC Sleeper,31,760.0,2026-03-17,Tuesday,2026-02-28,17,False,0.8,0.953,11,35.48
3871,Delhi,Chandigarh,Delhi -> Chandigarh,250,2,Volvo AC Semi-Sleeper,38,490.0,2026-06-24,Wednesday,2026-06-07,17,False,0.82,0.956,26,68.42
3872,Bangalore,Coimbatore,Bangalore -> Coimbatore,365,2,AC Seater,41,570.0,2025-11-14,Friday,2025-10-06,39,False,1.15,0.919,37,90.24
3873,Mumbai,Nashik,Mumbai -> Nashik,170,2,Non-AC Seater,50,200.0,2026-06-19,Friday,2026-05-09,41,False,1.15,1.12,39,78.0
3874,Mumbai,Goa,Mumbai -> Goa,590,2,Non-AC Sleeper,33,940.0,2026-02-17,Tuesday,2026-01-07,41,False,0.8,1.099,18,54.55
3875,Bangalore,Chennai,Bangalore -> Chennai,350,1,AC Sleeper,28,710.0,2025-08-08,Friday,2025-07-17,22,False,1.15,0.882,28,100.0
3876,Jaipur,Udaipur,Jaipur -> Udaipur,400,3,Non-AC Sleeper,32,600.0,2026-06-14,Sunday,2026-05-08,37,False,1.1,1.034,18,56.25
3877,Bangalore,Coimbatore,Bangalore -> Coimbatore,365,2,Non-AC Sleeper,30,520.0,2025-09-17,Wednesday,2025-08-03,45,False,0.82,0.983,17,56.67
3878,Ahmedabad,Surat,Ahmedabad -> Surat,265,1,Non-AC Seater,50,240.0,2025-12-03,Wednesday,2025-10-20,44,False,0.82,0.863,32,64.0
3879,Pune,Nashik,Pune -> Nashik,210,3,AC Sleeper,30,520.0,2026-01-28,Wednesday,2025-12-19,40,True,0.82,1.077,18,60.0
3880,Bangalore,Mysore,Bangalore -> Mysore,145,1,Non-AC Seater,56,170.0,2026-01-06,Tuesday,2025-12-15,22,False,0.8,1.117,44,78.57
3881,Pune,Nashik,Pune -> Nashik,210,3,AC Seater,42,370.0,2025-10-31,Friday,2025-10-10,21,True,1.15,1.036,23,54.76
3882,Delhi,Jaipur,Delhi -> Jaipur,280,1,AC Sleeper,31,720.0,2025-12-22,Monday,2025-11-23,29,False,0.85,1.118,18,58.06
3883,Pune,Kolhapur,Pune -> Kolhapur,230,2,AC Sleeper,34,530.0,2026-03-08,Sunday,2026-01-28,39,False,1.1,1.002,26,76.47
3884,Mumbai,Nashik,Mumbai -> Nashik,170,2,Non-AC Sleeper,34,250.0,2026-05-26,Tuesday,2026-05-09,17,False,0.8,1.014,17,50.0
3885,Hyderabad,Bangalore,Hyderabad -> Bangalore,570,2,AC Sleeper,33,1250.0,2026-01-03,Saturday,2025-12-06,28,True,1.25,0.953,30,90.91
3886,Ahmedabad,Mumbai,Ahmedabad -> Mumbai,525,2,Non-AC Sleeper,32,780.0,2026-06-19,Friday,2026-05-17,33,False,1.15,1.025,29,90.62
3887,Pune,Nashik,Pune -> Nashik,210,3,Non-AC Seater,56,200.0,2025-12-19,Friday,2025-12-02,17,False,1.15,0.907,35,62.5
3888,Pune,Nashik,Pune -> Nashik,210,3,AC Sleeper,32,420.0,2026-03-12,Thursday,2026-01-26,45,False,0.95,0.87,19,59.38
3889,Kolkata,Digha,Kolkata -> Digha,185,3,AC Seater,43,350.0,2025-11-08,Saturday,2025-10-18,21,False,1.25,1.113,22,51.16
3890,Chennai,Madurai,Chennai -> Madurai,460,2,AC Seater,43,820.0,2026-06-23,Tuesday,2026-05-13,41,False,0.8,1.049,29,67.44
3891,Pune,Nashik,Pune -> Nashik,210,3,Non-AC Seater,55,250.0,2025-08-28,Thursday,2025-07-31,28,True,0.95,1.134,25,45.45
3892,Mumbai,Pune,Mumbai -> Pune,150,1,Volvo AC Semi-Sleeper,41,320.0,2026-02-20,Friday,2026-01-20,31,False,1.15,1.041,37,90.24
3893,Kochi,Bangalore,Kochi -> Bangalore,550,3,AC Sleeper,29,1120.0,2026-06-27,Saturday,2026-06-04,23,False,1.25,0.885,13,44.83
3894,Delhi,Jaipur,Delhi -> Jaipur,280,1,Volvo AC Semi-Sleeper,41,550.0,2025-09-02,Tuesday,2025-07-22,42,False,0.8,0.958,33,80.49
3895,Hyderabad,Vijayawada,Hyderabad -> Vijayawada,275,2,Non-AC Sleeper,36,430.0,2025-09-24,Wednesday,2025-09-01,23,False,0.82,1.078,16,44.44
3896,Kolkata,Digha,Kolkata -> Digha,185,3,Volvo AC Semi-Sleeper,38,400.0,2026-01-11,Sunday,2025-12-22,20,False,1.1,1.055,14,36.84
3897,Mumbai,Nashik,Mumbai -> Nashik,170,2,Non-AC Seater,49,200.0,2025-10-26,Sunday,2025-09-26,30,False,1.1,1.12,29,59.18
3898,Mumbai,Shirdi,Mumbai -> Shirdi,250,2,Non-AC Seater,49,280.0,2025-08-17,Sunday,2025-07-21,27,True,1.1,1.067,48,97.96
3899,Chennai,Coimbatore,Chennai -> Coimbatore,500,2,Non-AC Seater,48,570.0,2025-10-16,Thursday,2025-09-03,43,False,0.95,1.086,25,52.08
3900,Delhi,Jaipur,Delhi -> Jaipur,280,1,AC Sleeper,33,580.0,2026-06-29,Monday,2026-06-01,28,False,0.85,0.901,18,54.55
3901,Hyderabad,Vijayawada,Hyderabad -> Vijayawada,275,2,AC Sleeper,31,580.0,2025-10-28,Tuesday,2025-10-12,16,False,0.8,0.917,17,54.84
3902,Bangalore,Goa,Bangalore -> Goa,560,3,AC Sleeper,30,1180.0,2026-02-13,Friday,2025-12-31,44,False,1.15,0.916,20,66.67
3903,Bangalore,Hyderabad,Bangalore -> Hyderabad,570,2,Non-AC Sleeper,36,760.0,2026-02-19,Thursday,2026-01-07,43,False,0.95,0.92,23,63.89
3904,Delhi,Jaipur,Delhi -> Jaipur,280,1,Non-AC Seater,52,330.0,2025-10-05,Sunday,2025-09-08,27,False,1.1,1.122,39,75.0
3905,Kochi,Bangalore,Kochi -> Bangalore,550,3,AC Sleeper,31,1290.0,2025-11-10,Monday,2025-10-11,30,False,0.85,1.02,12,38.71
3906,Kolkata,Digha,Kolkata -> Digha,185,3,AC Seater,43,330.0,2026-01-30,Friday,2025-12-19,42,False,1.15,1.049,21,48.84
3907,Bangalore,Coimbatore,Bangalore -> Coimbatore,365,2,Volvo AC Semi-Sleeper,40,690.0,2025-10-09,Thursday,2025-09-16,23,False,0.95,0.922,28,70.0
3908,Hyderabad,Vijayawada,Hyderabad -> Vijayawada,275,2,Volvo AC Semi-Sleeper,42,560.0,2026-02-21,Saturday,2026-01-28,24,False,1.25,0.993,31,73.81
3909,Bangalore,Chennai,Bangalore -> Chennai,350,1,Non-AC Sleeper,35,470.0,2025-08-22,Friday,2025-08-02,20,False,1.15,0.926,23,65.71
3910,Mumbai,Shirdi,Mumbai -> Shirdi,250,2,Non-AC Seater,48,280.0,2025-09-22,Monday,2025-08-29,24,False,0.85,1.067,23,47.92
3911,Kochi,Bangalore,Kochi -> Bangalore,550,3,Non-AC Seater,56,550.0,2026-01-18,Sunday,2025-12-25,24,False,1.1,0.952,25,44.64
3912,Bangalore,Goa,Bangalore -> Goa,560,3,Non-AC Seater,50,500.0,2026-02-07,Saturday,2026-01-02,36,False,1.25,0.85,27,54.0
3913,Mumbai,Shirdi,Mumbai -> Shirdi,250,2,Non-AC Seater,52,240.0,2025-10-12,Sunday,2025-09-24,18,False,1.1,0.914,42,80.77
3914,Bangalore,Coimbatore,Bangalore -> Coimbatore,365,2,AC Seater,40,600.0,2026-01-23,Friday,2026-01-02,21,False,1.15,0.967,25,62.5
3915,Mumbai,Goa,Mumbai -> Goa,590,2,Non-AC Seater,48,590.0,2026-05-17,Sunday,2026-04-15,32,False,1.1,0.952,45,93.75
3916,Mumbai,Goa,Mumbai -> Goa,590,2,AC Sleeper,31,1220.0,2025-08-06,Wednesday,2025-06-29,38,False,0.82,0.899,16,51.61
3917,Bangalore,Goa,Bangalore -> Goa,560,3,Non-AC Seater,53,660.0,2026-01-02,Friday,2025-12-02,31,True,1.15,1.122,31,58.49
3918,Mumbai,Shirdi,Mumbai -> Shirdi,250,2,AC Sleeper,29,590.0,2025-11-27,Thursday,2025-10-13,45,False,0.95,1.026,18,62.07
3919,Chennai,Madurai,Chennai -> Madurai,460,2,AC Seater,41,720.0,2026-03-04,Wednesday,2026-02-15,17,True,0.82,0.921,33,80.49
3920,Delhi,Chandigarh,Delhi -> Chandigarh,250,2,Volvo AC Semi-Sleeper,39,530.0,2025-09-17,Wednesday,2025-09-01,16,False,0.82,1.034,18,46.15
3921,Delhi,Jaipur,Delhi -> Jaipur,280,1,Non-AC Sleeper,30,420.0,2025-10-19,Sunday,2025-09-14,35,True,1.1,1.034,29,96.67
3922,Delhi,Dehradun,Delhi -> Dehradun,250,2,Non-AC Seater,55,300.0,2026-05-18,Monday,2026-04-20,28,False,0.85,1.143,29,52.73
3923,Jaipur,Udaipur,Jaipur -> Udaipur,400,3,AC Sleeper,33,1020.0,2025-08-07,Thursday,2025-06-29,39,False,0.95,1.109,17,51.52
3924,Delhi,Jaipur,Delhi -> Jaipur,280,1,AC Seater,42,470.0,2026-02-26,Thursday,2026-01-19,38,False,0.95,0.987,40,95.24
3925,Bangalore,Goa,Bangalore -> Goa,560,3,Volvo AC Semi-Sleeper,38,1150.0,2026-04-27,Monday,2026-04-01,26,False,0.85,1.002,14,36.84
3926,Bangalore,Goa,Bangalore -> Goa,560,3,AC Seater,45,980.0,2026-06-26,Friday,2026-05-26,31,False,1.15,1.029,32,71.11
3927,Delhi,Jaipur,Delhi -> Jaipur,280,1,Non-AC Sleeper,33,420.0,2026-02-26,Thursday,2026-01-16,41,False,0.95,1.034,29,87.88
3928,Hyderabad,Vijayawada,Hyderabad -> Vijayawada,275,2,AC Sleeper,34,690.0,2026-03-17,Tuesday,2026-02-17,28,False,0.8,1.091,15,44.12
3929,Jaipur,Udaipur,Jaipur -> Udaipur,400,3,Non-AC Seater,54,430.0,2026-02-09,Monday,2026-01-10,30,False,0.85,1.024,22,40.74
3930,Hyderabad,Vijayawada,Hyderabad -> Vijayawada,275,2,Non-AC Sleeper,36,370.0,2026-01-25,Sunday,2026-01-02,23,True,1.1,0.928,36,100.0
3931,Pune,Nashik,Pune -> Nashik,210,3,Volvo AC Semi-Sleeper,42,420.0,2026-06-09,Tuesday,2026-05-02,38,False,0.8,0.976,15,35.71
3932,Pune,Nashik,Pune -> Nashik,210,3,Non-AC Seater,51,220.0,2025-10-10,Friday,2025-09-10,30,False,1.15,0.998,26,50.98
3933,Kolkata,Digha,Kolkata -> Digha,185,3,AC Seater,42,330.0,2025-11-13,Thursday,2025-10-19,25,False,0.95,1.049,16,38.1
3934,Delhi,Jaipur,Delhi -> Jaipur,280,1,Non-AC Seater,53,280.0,2026-05-18,Monday,2026-04-24,24,False,0.85,0.952,41,77.36
3935,Delhi,Agra,Delhi -> Agra,230,2,AC Seater,45,380.0,2026-06-13,Saturday,2026-05-20,24,False,1.25,0.972,27,60.0
3936,Delhi,Jaipur,Delhi -> Jaipur,280,1,Volvo AC Semi-Sleeper,40,630.0,2026-04-08,Wednesday,2026-03-14,25,False,0.82,1.098,22,55.0
3937,Bangalore,Chennai,Bangalore -> Chennai,350,1,Non-AC Sleeper,34,470.0,2026-05-08,Friday,2026-04-14,24,False,1.15,0.926,30,88.24
3938,Hyderabad,Bangalore,Hyderabad -> Bangalore,570,2,AC Seater,42,1080.0,2026-01-18,Sunday,2025-12-12,37,False,1.1,1.115,28,66.67
3939,Hyderabad,Vijayawada,Hyderabad -> Vijayawada,275,2,Non-AC Seater,50,310.0,2026-05-07,Thursday,2026-03-30,38,False,0.95,1.074,29,58.0
3940,Hyderabad,Bangalore,Hyderabad -> Bangalore,570,2,Non-AC Sleeper,31,770.0,2025-11-08,Saturday,2025-10-05,34,False,1.25,0.932,25,80.65
3941,Kolkata,Digha,Kolkata -> Digha,185,3,Non-AC Sleeper,34,260.0,2026-05-14,Thursday,2026-04-22,22,False,0.95,0.969,16,47.06
3942,Delhi,Jaipur,Delhi -> Jaipur,280,1,AC Seater,41,490.0,2025-10-24,Friday,2025-10-09,15,False,1.15,1.029,32,78.05
3943,Jaipur,Udaipur,Jaipur -> Udaipur,400,3,AC Seater,43,700.0,2025-09-27,Saturday,2025-09-10,17,False,1.25,1.029,27,62.79
3944,Bangalore,Hyderabad,Bangalore -> Hyderabad,570,2,AC Sleeper,33,1180.0,2025-08-09,Saturday,2025-07-09,31,False,1.25,0.9,28,84.85
3945,Delhi,Agra,Delhi -> Agra,230,2,Non-AC Sleeper,32,300.0,2025-08-08,Friday,2025-07-11,28,False,1.15,0.9,29,90.62
3946,Bangalore,Hyderabad,Bangalore -> Hyderabad,570,2,Non-AC Seater,53,680.0,2025-12-17,Wednesday,2025-12-01,16,False,0.82,1.136,25,47.17
3947,Delhi,Agra,Delhi -> Agra,230,2,AC Sleeper,34,550.0,2026-03-19,Thursday,2026-02-08,39,False,0.95,1.04,24,70.59
3948,Chennai,Madurai,Chennai -> Madurai,460,2,AC Sleeper,34,1060.0,2026-01-12,Monday,2025-12-03,40,True,0.85,1.002,22,64.71
3949,Ahmedabad,Surat,Ahmedabad -> Surat,265,1,AC Seater,40,500.0,2026-04-26,Sunday,2026-04-11,15,False,1.1,1.11,33,82.5
3950,Surat,Mumbai,Surat -> Mumbai,285,2,AC Sleeper,30,710.0,2025-09-09,Tuesday,2025-08-23,17,False,0.8,1.083,14,46.67
3951,Jaipur,Udaipur,Jaipur -> Udaipur,400,3,AC Sleeper,28,960.0,2025-11-22,Saturday,2025-10-28,25,False,1.25,1.043,13,46.43
3952,Bangalore,Mysore,Bangalore -> Mysore,145,1,Non-AC Seater,48,140.0,2026-06-05,Friday,2026-05-21,15,False,1.15,0.92,39,81.25
3953,Kochi,Bangalore,Kochi -> Bangalore,550,3,Non-AC Sleeper,35,840.0,2026-05-07,Thursday,2026-04-13,24,False,0.95,1.053,15,42.86
3954,Jaipur,Udaipur,Jaipur -> Udaipur,400,3,Volvo AC Semi-Sleeper,42,790.0,2025-09-06,Saturday,2025-08-07,30,False,1.25,0.963,23,54.76
3955,Mumbai,Shirdi,Mumbai -> Shirdi,250,2,Non-AC Sleeper,36,370.0,2025-09-07,Sunday,2025-08-23,15,False,1.1,1.021,27,75.0
3956,Delhi,Dehradun,Delhi -> Dehradun,250,2,Non-AC Seater,53,280.0,2025-12-04,Thursday,2025-11-17,17,False,0.95,1.067,26,49.06
3957,Bangalore,Goa,Bangalore -> Goa,560,3,AC Sleeper,34,1410.0,2025-10-09,Thursday,2025-09-15,24,False,0.95,1.095,14,41.18
3958,Bangalore,Chennai,Bangalore -> Chennai,350,1,Volvo AC Semi-Sleeper,40,720.0,2026-02-17,Tuesday,2026-01-26,22,False,0.8,1.003,24,60.0
3959,Delhi,Dehradun,Delhi -> Dehradun,250,2,AC Seater,43,430.0,2025-10-01,Wednesday,2025-09-13,18,True,0.82,1.012,23,53.49
3960,Surat,Mumbai,Surat -> Mumbai,285,2,Volvo AC Semi-Sleeper,39,590.0,2025-10-07,Tuesday,2025-08-27,41,False,0.8,1.01,22,56.41
3961,Mumbai,Goa,Mumbai -> Goa,590,2,Non-AC Sleeper,31,850.0,2026-05-04,Monday,2026-03-25,40,False,0.85,0.994,19,61.29
3962,Chennai,Coimbatore,Chennai -> Coimbatore,500,2,Non-AC Seater,49,470.0,2025-11-27,Thursday,2025-10-25,33,False,0.95,0.895,30,61.22
3963,Bangalore,Goa,Bangalore -> Goa,560,3,Volvo AC Semi-Sleeper,41,1260.0,2025-09-15,Monday,2025-08-26,20,False,0.85,1.098,15,36.59
3964,Bangalore,Coimbatore,Bangalore -> Coimbatore,365,2,AC Seater,42,680.0,2026-03-05,Thursday,2026-01-22,42,True,0.95,1.096,38,90.48
3965,Bangalore,Coimbatore,Bangalore -> Coimbatore,365,2,Non-AC Sleeper,30,490.0,2025-11-01,Saturday,2025-09-18,44,True,1.25,0.926,30,100.0
3966,Bangalore,Chennai,Bangalore -> Chennai,350,1,Non-AC Seater,55,350.0,2025-10-06,Monday,2025-08-31,36,False,0.85,0.952,43,78.18
3967,Ahmedabad,Surat,Ahmedabad -> Surat,265,1,Non-AC Seater,51,270.0,2026-01-07,Wednesday,2025-12-08,30,False,0.82,0.97,35,68.63
3968,Chennai,Madurai,Chennai -> Madurai,460,2,Non-AC Seater,53,550.0,2026-01-17,Saturday,2025-12-06,42,False,1.25,1.139,33,62.26
3969,Bangalore,Coimbatore,Bangalore -> Coimbatore,365,2,AC Sleeper,34,930.0,2025-09-21,Sunday,2025-08-21,31,False,1.1,1.108,22,64.71
3970,Surat,Mumbai,Surat -> Mumbai,285,2,Non-AC Sleeper,36,410.0,2025-10-11,Saturday,2025-09-22,19,False,1.25,0.992,34,94.44
3971,Bangalore,Hyderabad,Bangalore -> Hyderabad,570,2,AC Sleeper,31,1260.0,2025-12-08,Monday,2025-10-30,39,False,0.85,0.961,26,83.87
3972,Bangalore,Goa,Bangalore -> Goa,560,3,Non-AC Sleeper,33,780.0,2025-08-25,Monday,2025-07-20,36,True,0.85,0.961,20,60.61
3973,Hyderabad,Bangalore,Hyderabad -> Bangalore,570,2,AC Sleeper,31,1160.0,2026-01-17,Saturday,2026-01-01,16,False,1.25,0.885,18,58.06
3974,Kolkata,Digha,Kolkata -> Digha,185,3,Volvo AC Semi-Sleeper,40,370.0,2026-06-29,Monday,2026-06-01,28,False,0.85,0.976,14,35.0
3975,Delhi,Dehradun,Delhi -> Dehradun,250,2,AC Seater,42,380.0,2026-03-13,Friday,2026-02-22,19,False,1.15,0.894,29,69.05
3976,Ahmedabad,Surat,Ahmedabad -> Surat,265,1,AC Seater,40,500.0,2026-01-14,Wednesday,2025-12-11,34,True,0.82,1.11,38,95.0
3977,Delhi,Dehradun,Delhi -> Dehradun,250,2,Non-AC Seater,50,250.0,2026-02-04,Wednesday,2026-01-21,14,False,0.82,0.952,23,46.0
3978,Kolkata,Digha,Kolkata -> Digha,185,3,AC Sleeper,33,430.0,2025-12-27,Saturday,2025-11-30,27,True,1.25,1.011,15,45.45
3979,Delhi,Chandigarh,Delhi -> Chandigarh,250,2,Volvo AC Semi-Sleeper,41,510.0,2026-03-11,Wednesday,2026-01-26,44,False,0.82,0.995,25,60.98
3980,Bangalore,Goa,Bangalore -> Goa,560,3,Non-AC Sleeper,32,850.0,2025-11-13,Thursday,2025-10-12,32,False,0.95,1.047,16,50.0
3981,Hyderabad,Bangalore,Hyderabad -> Bangalore,570,2,Volvo AC Semi-Sleeper,42,1190.0,2026-02-01,Sunday,2025-12-21,42,False,1.1,1.018,28,66.67
3982,Chennai,Coimbatore,Chennai -> Coimbatore,500,2,Non-AC Sleeper,35,710.0,2026-01-08,Thursday,2025-11-28,41,False,0.95,0.979,26,74.29
3983,Chennai,Madurai,Chennai -> Madurai,460,2,AC Seater,43,850.0,2026-03-19,Thursday,2026-02-08,39,False,0.95,1.087,26,60.47
3984,Jaipur,Udaipur,Jaipur -> Udaipur,400,3,Non-AC Sleeper,32,600.0,2026-01-20,Tuesday,2025-12-31,20,False,0.8,1.034,12,37.5
3985,Mumbai,Pune,Mumbai -> Pune,150,1,Non-AC Seater,51,170.0,2026-04-21,Tuesday,2026-03-16,36,False,0.8,1.079,31,60.78
3986,Mumbai,Pune,Mumbai -> Pune,150,1,Volvo AC Semi-Sleeper,42,300.0,2025-10-11,Saturday,2025-08-30,42,False,1.25,0.976,42,100.0
3987,Pune,Nashik,Pune -> Nashik,210,3,AC Sleeper,34,530.0,2026-05-27,Wednesday,2026-04-17,40,False,0.82,1.097,12,35.29
3988,Kochi,Bangalore,Kochi -> Bangalore,550,3,AC Seater,43,870.0,2025-10-15,Wednesday,2025-09-19,26,False,0.82,0.93,18,41.86
3989,Bangalore,Goa,Bangalore -> Goa,560,3,AC Sleeper,34,1430.0,2025-09-22,Monday,2025-08-20,33,False,0.85,1.11,9,26.47
3990,Pune,Kolhapur,Pune -> Kolhapur,230,2,AC Sleeper,34,530.0,2026-02-21,Saturday,2026-01-12,40,False,1.25,1.002,24,70.59
3991,Hyderabad,Bangalore,Hyderabad -> Bangalore,570,2,Volvo AC Semi-Sleeper,41,1220.0,2025-12-19,Friday,2025-12-03,16,False,1.15,1.044,21,51.22
3992,Pune,Kolhapur,Pune -> Kolhapur,230,2,AC Seater,44,420.0,2025-09-05,Friday,2025-08-13,23,False,1.15,1.074,23,52.27
3993,Bangalore,Hyderabad,Bangalore -> Hyderabad,570,2,Non-AC Seater,50,540.0,2025-12-22,Monday,2025-11-11,41,False,0.85,0.902,31,62.0
3994,Ahmedabad,Mumbai,Ahmedabad -> Mumbai,525,2,Non-AC Seater,50,620.0,2026-04-19,Sunday,2026-03-05,45,False,1.1,1.125,43,86.0
3995,Bangalore,Hyderabad,Bangalore -> Hyderabad,570,2,Volvo AC Semi-Sleeper,42,1100.0,2026-02-16,Monday,2026-01-29,18,False,0.85,0.941,23,54.76
3996,Ahmedabad,Mumbai,Ahmedabad -> Mumbai,525,2,AC Seater,44,990.0,2026-04-15,Wednesday,2026-03-20,26,True,0.82,1.109,25,56.82
3997,Chennai,Coimbatore,Chennai -> Coimbatore,500,2,Non-AC Seater,49,580.0,2026-06-29,Monday,2026-05-26,34,False,0.85,1.105,33,67.35
3998,Pune,Kolhapur,Pune -> Kolhapur,230,2,Non-AC Seater,54,210.0,2025-08-08,Friday,2025-07-08,31,False,1.15,0.87,40,74.07
3999,Ahmedabad,Surat,Ahmedabad -> Surat,265,1,AC Seater,45,420.0,2025-12-05,Friday,2025-11-02,33,False,1.15,0.932,43,95.56
4000,Bangalore,Chennai,Bangalore -> Chennai,350,1,AC Sleeper,31,750.0,2025-11-26,Wednesday,2025-10-29,28,False,0.82,0.932,26,83.87
